timestamp,ghi_wm2,dni_wm2,dhi_wm2,temp_air_c,wind_ms
2023-01-01 02:00:00+02:00,0.0,0.0,0.0,12.74,3.29
2023-01-01 03:00:00+02:00,0.0,0.0,0.0,13.34,3.56
2023-01-01 04:00:00+02:00,0.0,0.0,0.0,13.57,3.63
2023-01-01 05:00:00+02:00,0.0,0.0,0.0,13.31,3.54
2023-01-01 06:00:00+02:00,0.0,0.0,0.0,12.85,3.44
2023-01-01 07:00:00+02:00,51.4,18.58,44.93,13.86,3.77
2023-01-01 08:00:00+02:00,188.52,137.88,141.45,16.1,4.74
2023-01-01 09:00:00+02:00,309.02,225.28,198.02,18.69,5.4
2023-01-01 10:00:00+02:00,424.65,287.71,261.21,20.76,5.95
2023-01-01 11:00:00+02:00,515.0,423.62,245.17,21.9,5.66
2023-01-01 12:00:00+02:00,483.35,395.82,246.22,22.52,5.3
2023-01-01 13:00:00+02:00,382.62,291.96,216.58,22.45,5.13
2023-01-01 14:00:00+02:00,270.83,252.68,157.83,21.62,5.16
2023-01-01 15:00:00+02:00,162.38,156.45,109.6,20.24,4.7
2023-01-01 16:00:00+02:00,38.55,11.9,36.33,17.96,4.07
2023-01-01 17:00:00+02:00,0.0,0.0,0.0,16.06,3.99
2023-01-01 18:00:00+02:00,0.0,0.0,0.0,14.93,3.51
2023-01-01 19:00:00+02:00,0.0,0.0,0.0,13.89,2.98
2023-01-01 20:00:00+02:00,0.0,0.0,0.0,13.05,2.7
2023-01-01 21:00:00+02:00,0.0,0.0,0.0,12.45,2.61
2023-01-01 22:00:00+02:00,0.0,0.0,0.0,12.04,2.59
2023-01-01 23:00:00+02:00,0.0,0.0,0.0,11.68,2.6
2023-01-02 00:00:00+02:00,0.0,0.0,0.0,11.24,2.61
2023-01-02 01:00:00+02:00,0.0,0.0,0.0,10.65,2.64
2023-01-02 02:00:00+02:00,0.0,0.0,0.0,10.08,2.64
2023-01-02 03:00:00+02:00,0.0,0.0,0.0,9.63,2.63
2023-01-02 04:00:00+02:00,0.0,0.0,0.0,9.34,2.68
2023-01-02 05:00:00+02:00,0.0,0.0,0.0,9.1,2.61
2023-01-02 06:00:00+02:00,0.0,0.0,0.0,8.9,2.54
2023-01-02 07:00:00+02:00,54.4,39.92,44.45,10.41,2.49
2023-01-02 08:00:00+02:00,209.52,265.15,121.26,12.72,2.78
2023-01-02 09:00:00+02:00,355.6,367.27,178.53,15.72,3.28
2023-01-02 10:00:00+02:00,482.88,486.72,206.19,19.15,4.33
2023-01-02 11:00:00+02:00,577.22,682.65,161.47,21.57,4.87
2023-01-02 12:00:00+02:00,577.45,695.39,156.58,22.62,4.87
2023-01-02 13:00:00+02:00,508.42,660.77,149.08,22.9,4.88
2023-01-02 14:00:00+02:00,382.45,568.12,130.96,22.53,4.9
2023-01-02 15:00:00+02:00,219.3,415.74,94.14,21.44,4.64
2023-01-02 16:00:00+02:00,51.9,97.58,37.62,18.03,3.45
2023-01-02 17:00:00+02:00,0.0,0.0,0.0,15.57,4.02
2023-01-02 18:00:00+02:00,0.0,0.0,0.0,14.68,4.36
2023-01-02 19:00:00+02:00,0.0,0.0,0.0,13.67,3.82
2023-01-02 20:00:00+02:00,0.0,0.0,0.0,12.88,3.3
2023-01-02 21:00:00+02:00,0.0,0.0,0.0,12.24,3.0
2023-01-02 22:00:00+02:00,0.0,0.0,0.0,11.73,2.83
2023-01-02 23:00:00+02:00,0.0,0.0,0.0,11.29,2.73
2023-01-03 00:00:00+02:00,0.0,0.0,0.0,10.92,2.62
2023-01-03 01:00:00+02:00,0.0,0.0,0.0,10.62,2.5
2023-01-03 02:00:00+02:00,0.0,0.0,0.0,10.37,2.37
2023-01-03 03:00:00+02:00,0.0,0.0,0.0,10.21,2.23
2023-01-03 04:00:00+02:00,0.0,0.0,0.0,10.1,2.17
2023-01-03 05:00:00+02:00,0.0,0.0,0.0,10.01,2.16
2023-01-03 06:00:00+02:00,0.0,0.0,0.0,9.97,2.14
2023-01-03 07:00:00+02:00,52.83,56.19,46.06,11.37,1.88
2023-01-03 08:00:00+02:00,192.18,241.67,121.27,14.51,2.34
2023-01-03 09:00:00+02:00,316.3,291.17,185.66,17.59,3.0
2023-01-03 10:00:00+02:00,431.17,301.61,254.15,20.22,3.24
2023-01-03 11:00:00+02:00,477.45,400.94,242.65,21.25,2.65
2023-01-03 12:00:00+02:00,495.02,343.95,281.84,21.57,2.3
2023-01-03 13:00:00+02:00,416.1,507.5,174.95,21.51,2.36
2023-01-03 14:00:00+02:00,321.15,405.19,161.9,21.02,2.7
2023-01-03 15:00:00+02:00,191.23,250.4,124.62,20.05,2.7
2023-01-03 16:00:00+02:00,47.28,55.58,41.61,16.84,2.37
2023-01-03 17:00:00+02:00,0.0,0.0,0.0,14.57,2.89
2023-01-03 18:00:00+02:00,0.0,0.0,0.0,13.79,2.89
2023-01-03 19:00:00+02:00,0.0,0.0,0.0,13.07,2.75
2023-01-03 20:00:00+02:00,0.0,0.0,0.0,12.44,2.49
2023-01-03 21:00:00+02:00,0.0,0.0,0.0,12.26,2.02
2023-01-03 22:00:00+02:00,0.0,0.0,0.0,12.62,1.35
2023-01-03 23:00:00+02:00,0.0,0.0,0.0,12.41,0.98
2023-01-04 00:00:00+02:00,0.0,0.0,0.0,11.86,1.34
2023-01-04 01:00:00+02:00,0.0,0.0,0.0,10.99,1.76
2023-01-04 02:00:00+02:00,0.0,0.0,0.0,10.23,2.12
2023-01-04 03:00:00+02:00,0.0,0.0,0.0,9.77,2.4
2023-01-04 04:00:00+02:00,0.0,0.0,0.0,9.56,2.55
2023-01-04 05:00:00+02:00,0.0,0.0,0.0,9.51,2.69
2023-01-04 06:00:00+02:00,0.0,0.0,0.0,9.73,2.86
2023-01-04 07:00:00+02:00,47.85,21.56,45.15,12.33,2.9
2023-01-04 08:00:00+02:00,165.35,87.95,129.41,15.66,4.21
2023-01-04 09:00:00+02:00,283.42,130.72,217.72,17.9,5.15
2023-01-04 10:00:00+02:00,395.7,192.46,259.19,19.37,5.61
2023-01-04 11:00:00+02:00,371.75,106.38,289.52,20.39,5.65
2023-01-04 12:00:00+02:00,344.17,164.37,248.29,20.72,5.6
2023-01-04 13:00:00+02:00,307.3,346.61,138.15,20.58,5.59
2023-01-04 14:00:00+02:00,252.3,338.16,123.09,20.22,5.52
2023-01-04 15:00:00+02:00,159.18,272.39,84.42,19.39,5.1
2023-01-04 16:00:00+02:00,45.97,116.64,35.52,16.9,3.24
2023-01-04 17:00:00+02:00,0.0,0.0,0.0,14.78,3.02
2023-01-04 18:00:00+02:00,0.0,0.0,0.0,14.33,2.97
2023-01-04 19:00:00+02:00,0.0,0.0,0.0,14.12,2.9
2023-01-04 20:00:00+02:00,0.0,0.0,0.0,13.86,2.87
2023-01-04 21:00:00+02:00,0.0,0.0,0.0,13.62,2.92
2023-01-04 22:00:00+02:00,0.0,0.0,0.0,13.26,2.89
2023-01-04 23:00:00+02:00,0.0,0.0,0.0,12.86,2.92
2023-01-05 00:00:00+02:00,0.0,0.0,0.0,12.36,2.97
2023-01-05 01:00:00+02:00,0.0,0.0,0.0,11.49,2.91
2023-01-05 02:00:00+02:00,0.0,0.0,0.0,10.26,2.91
2023-01-05 03:00:00+02:00,0.0,0.0,0.0,9.52,2.88
2023-01-05 04:00:00+02:00,0.0,0.0,0.0,8.94,2.85
2023-01-05 05:00:00+02:00,0.0,0.0,0.0,8.45,2.76
2023-01-05 06:00:00+02:00,0.0,0.0,0.0,8.06,2.67
2023-01-05 07:00:00+02:00,77.0,337.76,32.25,9.95,2.48
2023-01-05 08:00:00+02:00,264.42,682.06,63.08,12.79,2.89
2023-01-05 09:00:00+02:00,433.65,803.0,83.25,16.11,2.88
2023-01-05 10:00:00+02:00,553.78,838.47,104.56,18.13,2.9
2023-01-05 11:00:00+02:00,615.05,838.07,116.98,19.29,2.95
2023-01-05 12:00:00+02:00,603.55,834.48,111.72,20.09,3.16
2023-01-05 13:00:00+02:00,518.65,660.98,159.2,20.48,3.41
2023-01-05 14:00:00+02:00,373.83,483.08,156.51,20.35,3.61
2023-01-05 15:00:00+02:00,220.18,381.38,108.09,19.62,3.46
2023-01-05 16:00:00+02:00,57.9,128.13,44.12,16.74,2.26
2023-01-05 17:00:00+02:00,0.0,0.0,0.0,15.31,2.46
2023-01-05 18:00:00+02:00,0.0,0.0,0.0,15.11,2.44
2023-01-05 19:00:00+02:00,0.0,0.0,0.0,14.68,2.39
2023-01-05 20:00:00+02:00,0.0,0.0,0.0,14.14,2.31
2023-01-05 21:00:00+02:00,0.0,0.0,0.0,13.66,2.2
2023-01-05 22:00:00+02:00,0.0,0.0,0.0,13.25,2.08
2023-01-05 23:00:00+02:00,0.0,0.0,0.0,12.83,2.04
2023-01-06 00:00:00+02:00,0.0,0.0,0.0,12.24,2.16
2023-01-06 01:00:00+02:00,0.0,0.0,0.0,11.58,2.41
2023-01-06 02:00:00+02:00,0.0,0.0,0.0,10.92,2.65
2023-01-06 03:00:00+02:00,0.0,0.0,0.0,10.44,2.85
2023-01-06 04:00:00+02:00,0.0,0.0,0.0,10.12,3.08
2023-01-06 05:00:00+02:00,0.0,0.0,0.0,9.91,3.28
2023-01-06 06:00:00+02:00,0.0,0.0,0.0,9.5,3.36
2023-01-06 07:00:00+02:00,47.03,123.03,34.65,10.73,4.5
2023-01-06 08:00:00+02:00,164.23,291.62,83.99,13.11,4.71
2023-01-06 09:00:00+02:00,272.1,427.23,111.01,16.94,4.45
2023-01-06 10:00:00+02:00,415.88,341.96,210.46,19.86,4.19
2023-01-06 11:00:00+02:00,515.28,464.0,227.38,21.27,3.68
2023-01-06 12:00:00+02:00,480.17,653.19,136.77,21.94,3.48
2023-01-06 13:00:00+02:00,446.15,354.12,266.91,22.17,3.41
2023-01-06 14:00:00+02:00,289.02,396.73,134.93,21.92,3.36
2023-01-06 15:00:00+02:00,175.52,297.15,94.95,21.06,3.14
2023-01-06 16:00:00+02:00,48.05,118.33,35.49,17.52,2.32
2023-01-06 17:00:00+02:00,0.0,0.0,0.0,14.71,2.9
2023-01-06 18:00:00+02:00,0.0,0.0,0.0,13.8,3.15
2023-01-06 19:00:00+02:00,0.0,0.0,0.0,13.1,3.28
2023-01-06 20:00:00+02:00,0.0,0.0,0.0,12.48,3.33
2023-01-06 21:00:00+02:00,0.0,0.0,0.0,11.79,3.21
2023-01-06 22:00:00+02:00,0.0,0.0,0.0,11.15,3.01
2023-01-06 23:00:00+02:00,0.0,0.0,0.0,10.67,2.82
2023-01-07 00:00:00+02:00,0.0,0.0,0.0,10.37,2.61
2023-01-07 01:00:00+02:00,0.0,0.0,0.0,10.28,2.43
2023-01-07 02:00:00+02:00,0.0,0.0,0.0,10.57,2.23
2023-01-07 03:00:00+02:00,0.0,0.0,0.0,11.11,1.9
2023-01-07 04:00:00+02:00,0.0,0.0,0.0,11.71,1.45
2023-01-07 05:00:00+02:00,0.0,0.0,0.0,12.04,0.94
2023-01-07 06:00:00+02:00,0.0,0.0,0.0,12.18,0.69
2023-01-07 07:00:00+02:00,60.0,157.31,41.64,12.36,0.93
2023-01-07 08:00:00+02:00,201.77,296.42,112.73,14.31,1.88
2023-01-07 09:00:00+02:00,315.0,328.47,187.0,17.8,1.21
2023-01-07 10:00:00+02:00,401.35,280.03,263.72,20.0,0.96
2023-01-07 11:00:00+02:00,461.67,363.61,266.08,20.96,0.85
2023-01-07 12:00:00+02:00,464.42,314.66,303.0,21.55,0.86
2023-01-07 13:00:00+02:00,332.17,451.47,135.87,21.72,1.23
2023-01-07 14:00:00+02:00,250.65,315.57,126.17,21.23,1.8
2023-01-07 15:00:00+02:00,146.5,185.31,90.46,20.44,1.79
2023-01-07 16:00:00+02:00,39.17,73.81,32.14,18.32,1.36
2023-01-07 17:00:00+02:00,0.0,0.0,0.0,16.92,1.65
2023-01-07 18:00:00+02:00,0.0,0.0,0.0,16.18,1.79
2023-01-07 19:00:00+02:00,0.0,0.0,0.0,15.46,1.95
2023-01-07 20:00:00+02:00,0.0,0.0,0.0,14.81,2.17
2023-01-07 21:00:00+02:00,0.0,0.0,0.0,14.13,2.43
2023-01-07 22:00:00+02:00,0.0,0.0,0.0,13.49,2.65
2023-01-07 23:00:00+02:00,0.0,0.0,0.0,12.88,2.73
2023-01-08 00:00:00+02:00,0.0,0.0,0.0,12.33,2.74
2023-01-08 01:00:00+02:00,0.0,0.0,0.0,11.74,2.69
2023-01-08 02:00:00+02:00,0.0,0.0,0.0,11.16,2.62
2023-01-08 03:00:00+02:00,0.0,0.0,0.0,10.73,2.51
2023-01-08 04:00:00+02:00,0.0,0.0,0.0,10.21,2.46
2023-01-08 05:00:00+02:00,0.0,0.0,0.0,9.62,2.45
2023-01-08 06:00:00+02:00,0.0,0.0,0.0,9.34,2.47
2023-01-08 07:00:00+02:00,55.4,102.5,41.71,11.5,2.49
2023-01-08 08:00:00+02:00,219.57,367.71,110.4,14.42,3.44
2023-01-08 09:00:00+02:00,381.08,532.75,145.32,17.96,3.7
2023-01-08 10:00:00+02:00,511.0,620.13,166.36,19.81,4.08
2023-01-08 11:00:00+02:00,558.88,636.02,173.52,20.46,4.3
2023-01-08 12:00:00+02:00,436.85,307.46,237.39,20.74,4.49
2023-01-08 13:00:00+02:00,293.0,365.94,136.47,20.56,4.67
2023-01-08 14:00:00+02:00,212.88,220.6,125.37,19.29,4.56
2023-01-08 15:00:00+02:00,126.93,123.39,90.14,18.21,3.98
2023-01-08 16:00:00+02:00,33.78,31.03,28.97,16.65,2.65
2023-01-08 17:00:00+02:00,0.0,0.0,0.0,15.42,2.41
2023-01-08 18:00:00+02:00,0.0,0.0,0.0,14.86,2.48
2023-01-08 19:00:00+02:00,0.0,0.0,0.0,14.1,2.5
2023-01-08 20:00:00+02:00,0.0,0.0,0.0,12.86,2.61
2023-01-08 21:00:00+02:00,0.0,0.0,0.0,12.11,2.66
2023-01-08 22:00:00+02:00,0.0,0.0,0.0,11.52,2.7
2023-01-08 23:00:00+02:00,0.0,0.0,0.0,11.0,2.77
2023-01-09 00:00:00+02:00,0.0,0.0,0.0,10.58,2.84
2023-01-09 01:00:00+02:00,0.0,0.0,0.0,10.26,2.99
2023-01-09 02:00:00+02:00,0.0,0.0,0.0,10.11,3.25
2023-01-09 03:00:00+02:00,0.0,0.0,0.0,10.11,3.65
2023-01-09 04:00:00+02:00,0.0,0.0,0.0,10.07,3.95
2023-01-09 05:00:00+02:00,0.0,0.0,0.0,9.84,3.83
2023-01-09 06:00:00+02:00,0.0,0.0,0.0,9.61,3.76
2023-01-09 07:00:00+02:00,52.38,73.94,41.76,10.09,4.35
2023-01-09 08:00:00+02:00,186.82,270.58,106.52,11.54,4.09
2023-01-09 09:00:00+02:00,295.92,354.54,141.0,14.13,3.49
2023-01-09 10:00:00+02:00,402.1,335.19,213.77,16.16,2.9
2023-01-09 11:00:00+02:00,472.77,391.4,236.82,17.43,2.45
2023-01-09 12:00:00+02:00,498.25,423.14,230.1,17.96,2.06
2023-01-09 13:00:00+02:00,456.2,453.74,196.3,18.48,1.89
2023-01-09 14:00:00+02:00,349.42,396.51,169.8,18.43,1.94
2023-01-09 15:00:00+02:00,213.2,307.02,117.47,17.81,2.07
2023-01-09 16:00:00+02:00,61.35,113.34,46.08,15.61,1.59
2023-01-09 17:00:00+02:00,0.0,0.0,0.0,13.49,1.99
2023-01-09 18:00:00+02:00,0.0,0.0,0.0,12.51,2.23
2023-01-09 19:00:00+02:00,0.0,0.0,0.0,11.81,2.3
2023-01-09 20:00:00+02:00,0.0,0.0,0.0,11.29,2.23
2023-01-09 21:00:00+02:00,0.0,0.0,0.0,10.97,2.06
2023-01-09 22:00:00+02:00,0.0,0.0,0.0,10.78,1.87
2023-01-09 23:00:00+02:00,0.0,0.0,0.0,10.55,1.76
2023-01-10 00:00:00+02:00,0.0,0.0,0.0,10.23,1.72
2023-01-10 01:00:00+02:00,0.0,0.0,0.0,9.92,1.7
2023-01-10 02:00:00+02:00,0.0,0.0,0.0,9.62,1.7
2023-01-10 03:00:00+02:00,0.0,0.0,0.0,9.32,1.72
2023-01-10 04:00:00+02:00,0.0,0.0,0.0,9.12,1.7
2023-01-10 05:00:00+02:00,0.0,0.0,0.0,9.04,1.58
2023-01-10 06:00:00+02:00,0.0,0.0,0.0,8.85,1.54
2023-01-10 07:00:00+02:00,65.55,188.11,38.1,9.8,1.47
2023-01-10 08:00:00+02:00,238.9,485.0,89.9,12.81,1.88
2023-01-10 09:00:00+02:00,402.6,607.0,128.99,16.06,1.83
2023-01-10 10:00:00+02:00,530.42,699.24,142.37,18.21,1.63
2023-01-10 11:00:00+02:00,603.2,748.5,145.85,19.81,0.99
2023-01-10 12:00:00+02:00,600.92,737.26,147.98,20.9,0.36
2023-01-10 13:00:00+02:00,538.88,696.2,148.65,21.43,0.48
2023-01-10 14:00:00+02:00,414.75,633.41,127.38,21.27,0.8
2023-01-10 15:00:00+02:00,260.4,601.51,75.61,20.46,1.04
2023-01-10 16:00:00+02:00,79.8,284.17,37.93,17.96,1.35
2023-01-10 17:00:00+02:00,0.0,0.0,0.0,15.5,1.99
2023-01-10 18:00:00+02:00,0.0,0.0,0.0,14.01,2.38
2023-01-10 19:00:00+02:00,0.0,0.0,0.0,13.0,2.47
2023-01-10 20:00:00+02:00,0.0,0.0,0.0,12.16,2.48
2023-01-10 21:00:00+02:00,0.0,0.0,0.0,11.25,2.61
2023-01-10 22:00:00+02:00,0.0,0.0,0.0,10.47,2.79
2023-01-10 23:00:00+02:00,0.0,0.0,0.0,9.92,2.96
2023-01-11 00:00:00+02:00,0.0,0.0,0.0,9.58,3.12
2023-01-11 01:00:00+02:00,0.0,0.0,0.0,9.35,3.27
2023-01-11 02:00:00+02:00,0.0,0.0,0.0,9.17,3.32
2023-01-11 03:00:00+02:00,0.0,0.0,0.0,8.97,3.27
2023-01-11 04:00:00+02:00,0.0,0.0,0.0,8.77,3.19
2023-01-11 05:00:00+02:00,0.0,0.0,0.0,8.6,3.05
2023-01-11 06:00:00+02:00,0.0,0.0,0.0,8.48,2.92
2023-01-11 07:00:00+02:00,56.28,38.83,49.48,10.18,2.57
2023-01-11 08:00:00+02:00,200.85,121.6,157.66,13.34,3.52
2023-01-11 09:00:00+02:00,335.02,156.9,252.44,16.21,2.59
2023-01-11 10:00:00+02:00,437.55,168.15,334.37,19.09,2.14
2023-01-11 11:00:00+02:00,494.4,315.17,377.53,20.31,2.47
2023-01-11 12:00:00+02:00,509.77,386.62,330.72,20.9,2.7
2023-01-11 13:00:00+02:00,395.55,77.45,320.55,21.0,2.71
2023-01-11 14:00:00+02:00,279.3,130.1,214.23,20.65,2.76
2023-01-11 15:00:00+02:00,176.88,152.7,129.14,19.73,2.48
2023-01-11 16:00:00+02:00,65.93,116.92,50.57,16.92,1.65
2023-01-11 17:00:00+02:00,0.0,0.0,0.0,15.49,1.67
2023-01-11 18:00:00+02:00,0.0,0.0,0.0,14.85,1.64
2023-01-11 19:00:00+02:00,0.0,0.0,0.0,13.95,1.77
2023-01-11 20:00:00+02:00,0.0,0.0,0.0,12.7,2.12
2023-01-11 21:00:00+02:00,0.0,0.0,0.0,11.38,2.55
2023-01-11 22:00:00+02:00,0.0,0.0,0.0,10.45,2.92
2023-01-11 23:00:00+02:00,0.0,0.0,0.0,9.92,3.15
2023-01-12 00:00:00+02:00,0.0,0.0,0.0,9.73,3.35
2023-01-12 01:00:00+02:00,0.0,0.0,0.0,9.88,3.66
2023-01-12 02:00:00+02:00,0.0,0.0,0.0,10.26,4.25
2023-01-12 03:00:00+02:00,0.0,0.0,0.0,9.59,4.41
2023-01-12 04:00:00+02:00,0.0,0.0,0.0,8.78,4.55
2023-01-12 05:00:00+02:00,0.0,0.0,0.0,8.26,4.23
2023-01-12 06:00:00+02:00,0.0,0.0,0.0,8.3,3.67
2023-01-12 07:00:00+02:00,48.95,10.17,48.58,9.68,4.26
2023-01-12 08:00:00+02:00,200.6,158.58,145.97,11.87,4.76
2023-01-12 09:00:00+02:00,359.33,352.03,187.68,15.31,5.53
2023-01-12 10:00:00+02:00,504.7,494.91,216.85,17.55,6.08
2023-01-12 11:00:00+02:00,617.33,781.27,137.62,18.7,6.29
2023-01-12 12:00:00+02:00,590.53,616.64,201.24,19.42,6.36
2023-01-12 13:00:00+02:00,488.73,487.42,231.62,19.68,6.34
2023-01-12 14:00:00+02:00,374.5,428.78,176.41,19.39,6.06
2023-01-12 15:00:00+02:00,225.75,364.5,120.55,18.47,5.43
2023-01-12 16:00:00+02:00,71.95,174.61,48.52,15.28,3.29
2023-01-12 17:00:00+02:00,0.0,0.0,0.0,12.25,3.3
2023-01-12 18:00:00+02:00,0.0,0.0,0.0,11.48,3.38
2023-01-12 19:00:00+02:00,0.0,0.0,0.0,10.85,3.45
2023-01-12 20:00:00+02:00,0.0,0.0,0.0,10.34,3.55
2023-01-12 21:00:00+02:00,0.0,0.0,0.0,9.99,3.72
2023-01-12 22:00:00+02:00,0.0,0.0,0.0,9.85,4.02
2023-01-12 23:00:00+02:00,0.0,0.0,0.0,9.69,4.22
2023-01-13 00:00:00+02:00,0.0,0.0,0.0,9.49,4.41
2023-01-13 01:00:00+02:00,0.0,0.0,0.0,9.78,4.92
2023-01-13 02:00:00+02:00,0.0,0.0,0.0,9.46,4.98
2023-01-13 03:00:00+02:00,0.0,0.0,0.0,9.2,5.4
2023-01-13 04:00:00+02:00,0.0,0.0,0.0,8.93,5.65
2023-01-13 05:00:00+02:00,0.0,0.0,0.0,8.83,5.77
2023-01-13 06:00:00+02:00,0.0,0.0,0.0,8.7,5.7
2023-01-13 07:00:00+02:00,51.17,22.99,48.3,9.37,5.98
2023-01-13 08:00:00+02:00,193.98,156.82,138.51,11.63,5.65
2023-01-13 09:00:00+02:00,318.27,220.28,212.16,15.08,5.51
2023-01-13 10:00:00+02:00,431.0,258.07,268.38,17.78,5.2
2023-01-13 11:00:00+02:00,564.9,488.47,251.22,19.19,5.03
2023-01-13 12:00:00+02:00,584.08,598.03,224.96,19.89,5.09
2023-01-13 13:00:00+02:00,494.58,523.19,192.82,20.2,5.25
2023-01-13 14:00:00+02:00,364.65,501.05,142.7,20.05,5.31
2023-01-13 15:00:00+02:00,218.07,361.02,110.49,19.34,4.94
2023-01-13 16:00:00+02:00,68.65,120.37,52.53,16.17,3.07
2023-01-13 17:00:00+02:00,0.0,0.0,0.0,13.59,3.27
2023-01-13 18:00:00+02:00,0.0,0.0,0.0,12.81,3.45
2023-01-13 19:00:00+02:00,0.0,0.0,0.0,12.04,3.54
2023-01-13 20:00:00+02:00,0.0,0.0,0.0,11.27,3.53
2023-01-13 21:00:00+02:00,0.0,0.0,0.0,10.68,3.58
2023-01-13 22:00:00+02:00,0.0,0.0,0.0,10.39,3.88
2023-01-13 23:00:00+02:00,0.0,0.0,0.0,10.71,4.62
2023-01-14 00:00:00+02:00,0.0,0.0,0.0,10.73,5.13
2023-01-14 01:00:00+02:00,0.0,0.0,0.0,10.79,5.72
2023-01-14 02:00:00+02:00,0.0,0.0,0.0,10.67,5.89
2023-01-14 03:00:00+02:00,0.0,0.0,0.0,10.59,5.99
2023-01-14 04:00:00+02:00,0.0,0.0,0.0,10.73,5.86
2023-01-14 05:00:00+02:00,0.0,0.0,0.0,10.74,5.73
2023-01-14 06:00:00+02:00,0.0,0.0,0.0,10.53,5.37
2023-01-14 07:00:00+02:00,57.72,76.11,48.39,10.98,5.74
2023-01-14 08:00:00+02:00,224.38,318.96,129.3,13.17,6.22
2023-01-14 09:00:00+02:00,387.27,509.51,156.89,16.13,6.68
2023-01-14 10:00:00+02:00,530.8,621.36,175.89,17.89,6.64
2023-01-14 11:00:00+02:00,613.55,730.85,156.27,18.87,6.44
2023-01-14 12:00:00+02:00,526.25,367.99,283.97,19.45,6.23
2023-01-14 13:00:00+02:00,412.7,517.03,128.11,19.64,5.99
2023-01-14 14:00:00+02:00,315.5,443.73,129.3,19.41,5.71
2023-01-14 15:00:00+02:00,183.25,323.28,96.13,18.59,5.15
2023-01-14 16:00:00+02:00,59.33,102.96,41.79,16.23,3.1
2023-01-14 17:00:00+02:00,0.0,0.0,0.0,14.19,2.9
2023-01-14 18:00:00+02:00,0.0,0.0,0.0,13.53,2.98
2023-01-14 19:00:00+02:00,0.0,0.0,0.0,12.74,3.04
2023-01-14 20:00:00+02:00,0.0,0.0,0.0,12.01,3.1
2023-01-14 21:00:00+02:00,0.0,0.0,0.0,11.4,3.12
2023-01-14 22:00:00+02:00,0.0,0.0,0.0,10.8,3.08
2023-01-14 23:00:00+02:00,0.0,0.0,0.0,10.26,3.02
2023-01-15 00:00:00+02:00,0.0,0.0,0.0,9.77,3.0
2023-01-15 01:00:00+02:00,0.0,0.0,0.0,9.3,2.99
2023-01-15 02:00:00+02:00,0.0,0.0,0.0,8.92,2.97
2023-01-15 03:00:00+02:00,0.0,0.0,0.0,8.64,3.05
2023-01-15 04:00:00+02:00,0.0,0.0,0.0,8.47,3.18
2023-01-15 05:00:00+02:00,0.0,0.0,0.0,8.36,3.34
2023-01-15 06:00:00+02:00,0.0,0.0,0.0,8.3,3.49
2023-01-15 07:00:00+02:00,53.97,92.12,42.78,10.27,4.57
2023-01-15 08:00:00+02:00,221.98,443.81,96.37,12.83,4.57
2023-01-15 09:00:00+02:00,395.12,625.69,118.56,16.58,4.09
2023-01-15 10:00:00+02:00,549.6,733.25,137.75,18.72,4.05
2023-01-15 11:00:00+02:00,618.75,773.68,139.19,19.6,4.12
2023-01-15 12:00:00+02:00,539.03,682.43,129.66,20.04,4.14
2023-01-15 13:00:00+02:00,485.98,452.37,219.32,19.75,4.28
2023-01-15 14:00:00+02:00,346.95,413.12,166.94,19.29,4.41
2023-01-15 15:00:00+02:00,209.77,287.97,124.4,18.51,4.01
2023-01-15 16:00:00+02:00,73.0,102.77,59.45,16.06,2.34
2023-01-15 17:00:00+02:00,0.0,0.0,0.0,13.79,2.48
2023-01-15 18:00:00+02:00,0.0,0.0,0.0,12.65,2.6
2023-01-15 19:00:00+02:00,0.0,0.0,0.0,11.74,2.75
2023-01-15 20:00:00+02:00,0.0,0.0,0.0,10.98,2.93
2023-01-15 21:00:00+02:00,0.0,0.0,0.0,10.24,3.12
2023-01-15 22:00:00+02:00,0.0,0.0,0.0,9.75,3.26
2023-01-15 23:00:00+02:00,0.0,0.0,0.0,9.4,3.35
2023-01-16 00:00:00+02:00,0.0,0.0,0.0,9.45,3.34
2023-01-16 01:00:00+02:00,0.0,0.0,0.0,10.1,3.33
2023-01-16 02:00:00+02:00,0.0,0.0,0.0,9.97,3.48
2023-01-16 03:00:00+02:00,0.0,0.0,0.0,9.77,3.69
2023-01-16 04:00:00+02:00,0.0,0.0,0.0,9.93,4.11
2023-01-16 05:00:00+02:00,0.0,0.0,0.0,9.9,4.49
2023-01-16 06:00:00+02:00,0.0,0.0,0.0,9.62,4.49
2023-01-16 07:00:00+02:00,42.38,10.28,38.5,10.32,5.12
2023-01-16 08:00:00+02:00,142.95,46.56,119.97,12.19,5.16
2023-01-16 09:00:00+02:00,254.32,54.51,207.57,14.59,5.56
2023-01-16 10:00:00+02:00,336.9,36.25,270.07,16.12,5.19
2023-01-16 11:00:00+02:00,423.62,213.75,269.0,16.24,4.57
2023-01-16 12:00:00+02:00,514.45,460.32,215.75,16.27,4.26
2023-01-16 13:00:00+02:00,423.12,317.09,233.57,16.48,4.15
2023-01-16 14:00:00+02:00,305.0,303.68,170.18,16.4,4.33
2023-01-16 15:00:00+02:00,194.12,233.17,119.62,16.19,4.03
2023-01-16 16:00:00+02:00,72.38,84.86,57.1,14.41,2.26
2023-01-16 17:00:00+02:00,0.0,0.0,0.0,12.23,2.24
2023-01-16 18:00:00+02:00,0.0,0.0,0.0,11.53,2.28
2023-01-16 19:00:00+02:00,0.0,0.0,0.0,10.59,2.53
2023-01-16 20:00:00+02:00,0.0,0.0,0.0,9.74,2.79
2023-01-16 21:00:00+02:00,0.0,0.0,0.0,9.03,3.01
2023-01-16 22:00:00+02:00,0.0,0.0,0.0,8.48,3.12
2023-01-16 23:00:00+02:00,0.0,0.0,0.0,8.0,3.14
2023-01-17 00:00:00+02:00,0.0,0.0,0.0,7.58,3.11
2023-01-17 01:00:00+02:00,0.0,0.0,0.0,7.21,3.03
2023-01-17 02:00:00+02:00,0.0,0.0,0.0,6.88,2.94
2023-01-17 03:00:00+02:00,0.0,0.0,0.0,6.6,2.9
2023-01-17 04:00:00+02:00,0.0,0.0,0.0,6.4,2.92
2023-01-17 05:00:00+02:00,0.0,0.0,0.0,6.29,2.97
2023-01-17 06:00:00+02:00,0.0,0.0,0.0,6.22,3.03
2023-01-17 07:00:00+02:00,69.12,162.62,43.91,8.81,2.8
2023-01-17 08:00:00+02:00,248.6,469.73,101.55,12.67,3.72
2023-01-17 09:00:00+02:00,418.77,612.15,134.86,16.19,2.48
2023-01-17 10:00:00+02:00,551.7,696.95,154.97,18.38,1.55
2023-01-17 11:00:00+02:00,635.7,820.38,130.09,19.56,1.15
2023-01-17 12:00:00+02:00,638.8,807.95,135.04,20.31,0.79
2023-01-17 13:00:00+02:00,573.05,765.88,127.43,20.64,0.41
2023-01-17 14:00:00+02:00,445.62,665.86,126.91,20.42,0.27
2023-01-17 15:00:00+02:00,276.15,531.71,102.32,19.69,0.64
2023-01-17 16:00:00+02:00,96.82,254.99,51.74,17.52,1.12
2023-01-17 17:00:00+02:00,0.0,0.0,0.0,15.08,1.8
2023-01-17 18:00:00+02:00,0.0,0.0,0.0,13.28,2.33
2023-01-17 19:00:00+02:00,0.0,0.0,0.0,11.8,2.7
2023-01-17 20:00:00+02:00,0.0,0.0,0.0,10.71,2.9
2023-01-17 21:00:00+02:00,0.0,0.0,0.0,9.84,2.95
2023-01-17 22:00:00+02:00,0.0,0.0,0.0,9.1,2.94
2023-01-17 23:00:00+02:00,0.0,0.0,0.0,8.52,2.94
2023-01-18 00:00:00+02:00,0.0,0.0,0.0,8.1,2.98
2023-01-18 01:00:00+02:00,0.0,0.0,0.0,7.71,3.06
2023-01-18 02:00:00+02:00,0.0,0.0,0.0,7.36,3.1
2023-01-18 03:00:00+02:00,0.0,0.0,0.0,7.01,3.12
2023-01-18 04:00:00+02:00,0.0,0.0,0.0,6.68,3.12
2023-01-18 05:00:00+02:00,0.0,0.0,0.0,6.33,3.08
2023-01-18 06:00:00+02:00,0.0,0.0,0.0,5.98,3.03
2023-01-18 07:00:00+02:00,78.15,270.02,39.23,8.47,3.03
2023-01-18 08:00:00+02:00,270.85,624.58,78.99,11.57,3.45
2023-01-18 09:00:00+02:00,449.2,765.4,99.06,15.47,3.31
2023-01-18 10:00:00+02:00,582.5,827.51,115.82,19.34,4.86
2023-01-18 11:00:00+02:00,658.5,890.96,106.58,21.05,4.4
2023-01-18 12:00:00+02:00,662.92,885.38,109.91,21.93,4.01
2023-01-18 13:00:00+02:00,597.3,849.13,110.04,22.24,3.91
2023-01-18 14:00:00+02:00,471.65,785.22,101.42,21.91,4.0
2023-01-18 15:00:00+02:00,297.6,663.14,83.72,20.78,3.92
2023-01-18 16:00:00+02:00,108.45,350.9,48.05,16.77,2.88
2023-01-18 17:00:00+02:00,0.0,0.0,0.0,13.58,3.51
2023-01-18 18:00:00+02:00,0.0,0.0,0.0,12.81,3.74
2023-01-18 19:00:00+02:00,0.0,0.0,0.0,11.9,3.57
2023-01-18 20:00:00+02:00,0.0,0.0,0.0,10.93,3.29
2023-01-18 21:00:00+02:00,0.0,0.0,0.0,10.05,3.12
2023-01-18 22:00:00+02:00,0.0,0.0,0.0,9.32,3.0
2023-01-18 23:00:00+02:00,0.0,0.0,0.0,8.73,2.92
2023-01-19 00:00:00+02:00,0.0,0.0,0.0,8.31,2.87
2023-01-19 01:00:00+02:00,0.0,0.0,0.0,7.96,2.83
2023-01-19 02:00:00+02:00,0.0,0.0,0.0,7.66,2.78
2023-01-19 03:00:00+02:00,0.0,0.0,0.0,7.4,2.72
2023-01-19 04:00:00+02:00,0.0,0.0,0.0,7.18,2.72
2023-01-19 05:00:00+02:00,0.0,0.0,0.0,7.0,2.75
2023-01-19 06:00:00+02:00,0.0,0.0,0.0,6.89,2.75
2023-01-19 07:00:00+02:00,68.28,151.02,47.49,9.46,2.5
2023-01-19 08:00:00+02:00,245.55,460.1,104.64,12.92,2.79
2023-01-19 09:00:00+02:00,432.45,698.49,118.82,16.49,2.48
2023-01-19 10:00:00+02:00,578.45,846.08,102.27,20.75,3.94
2023-01-19 11:00:00+02:00,656.22,894.55,107.58,23.0,3.98
2023-01-19 12:00:00+02:00,664.4,890.24,108.34,23.96,3.8
2023-01-19 13:00:00+02:00,603.53,867.21,103.82,24.35,3.73
2023-01-19 14:00:00+02:00,479.02,802.7,95.81,24.12,3.65
2023-01-19 15:00:00+02:00,304.08,695.54,78.3,22.85,2.9
2023-01-19 16:00:00+02:00,113.97,400.5,49.26,18.15,2.85
2023-01-19 17:00:00+02:00,0.0,0.0,0.0,14.67,3.67
2023-01-19 18:00:00+02:00,0.0,0.0,0.0,13.47,3.72
2023-01-19 19:00:00+02:00,0.0,0.0,0.0,12.14,3.54
2023-01-19 20:00:00+02:00,0.0,0.0,0.0,10.97,3.36
2023-01-19 21:00:00+02:00,0.0,0.0,0.0,10.08,3.29
2023-01-19 22:00:00+02:00,0.0,0.0,0.0,9.44,3.28
2023-01-19 23:00:00+02:00,0.0,0.0,0.0,8.99,3.21
2023-01-20 00:00:00+02:00,0.0,0.0,0.0,8.96,2.99
2023-01-20 01:00:00+02:00,0.0,0.0,0.0,9.22,2.82
2023-01-20 02:00:00+02:00,0.0,0.0,0.0,9.12,2.86
2023-01-20 03:00:00+02:00,0.0,0.0,0.0,8.57,3.12
2023-01-20 04:00:00+02:00,0.0,0.0,0.0,8.12,3.5
2023-01-20 05:00:00+02:00,0.0,0.0,0.0,8.0,3.83
2023-01-20 06:00:00+02:00,0.0,0.0,0.0,7.99,4.06
2023-01-20 07:00:00+02:00,50.85,64.09,42.16,10.21,4.6
2023-01-20 08:00:00+02:00,176.85,171.81,122.95,13.38,4.98
2023-01-20 09:00:00+02:00,312.23,229.95,215.23,16.9,4.02
2023-01-20 10:00:00+02:00,420.88,281.3,249.29,20.76,4.61
2023-01-20 11:00:00+02:00,571.38,589.5,205.55,22.72,5.13
2023-01-20 12:00:00+02:00,661.55,844.12,127.61,23.42,5.17
2023-01-20 13:00:00+02:00,601.65,814.24,126.73,23.59,5.02
2023-01-20 14:00:00+02:00,474.88,737.37,117.44,23.21,4.67
2023-01-20 15:00:00+02:00,299.05,620.95,91.91,21.92,3.53
2023-01-20 16:00:00+02:00,113.15,328.43,52.34,17.49,2.62
2023-01-20 17:00:00+02:00,0.0,0.0,0.0,14.74,2.81
2023-01-20 18:00:00+02:00,0.0,0.0,0.0,13.79,2.73
2023-01-20 19:00:00+02:00,0.0,0.0,0.0,12.55,2.85
2023-01-20 20:00:00+02:00,0.0,0.0,0.0,11.9,2.85
2023-01-20 21:00:00+02:00,0.0,0.0,0.0,11.38,2.74
2023-01-20 22:00:00+02:00,0.0,0.0,0.0,10.53,2.68
2023-01-20 23:00:00+02:00,0.0,0.0,0.0,10.02,2.52
2023-01-21 00:00:00+02:00,0.0,0.0,0.0,10.05,2.3
2023-01-21 01:00:00+02:00,0.0,0.0,0.0,10.27,2.09
2023-01-21 02:00:00+02:00,0.0,0.0,0.0,10.24,1.96
2023-01-21 03:00:00+02:00,0.0,0.0,0.0,10.03,1.94
2023-01-21 04:00:00+02:00,0.0,0.0,0.0,9.87,1.92
2023-01-21 05:00:00+02:00,0.0,0.0,0.0,9.7,1.97
2023-01-21 06:00:00+02:00,0.0,0.0,0.0,9.49,2.02
2023-01-21 07:00:00+02:00,78.55,252.51,42.79,10.88,1.8
2023-01-21 08:00:00+02:00,267.7,576.5,88.39,13.7,2.21
2023-01-21 09:00:00+02:00,445.33,724.22,109.0,16.17,1.99
2023-01-21 10:00:00+02:00,581.25,798.11,125.9,18.05,1.77
2023-01-21 11:00:00+02:00,654.2,840.57,124.54,19.61,1.74
2023-01-21 12:00:00+02:00,626.75,746.14,162.24,20.6,1.78
2023-01-21 13:00:00+02:00,553.95,518.33,240.93,21.11,1.86
2023-01-21 14:00:00+02:00,444.62,518.34,204.37,20.99,2.08
2023-01-21 15:00:00+02:00,282.27,426.34,140.22,20.22,2.35
2023-01-21 16:00:00+02:00,107.38,234.02,68.83,17.05,2.02
2023-01-21 17:00:00+02:00,0.0,0.0,0.0,14.04,2.76
2023-01-21 18:00:00+02:00,0.0,0.0,0.0,13.04,3.03
2023-01-21 19:00:00+02:00,0.0,0.0,0.0,12.23,3.03
2023-01-21 20:00:00+02:00,0.0,0.0,0.0,11.44,2.97
2023-01-21 21:00:00+02:00,0.0,0.0,0.0,10.7,2.86
2023-01-21 22:00:00+02:00,0.0,0.0,0.0,10.07,2.67
2023-01-21 23:00:00+02:00,0.0,0.0,0.0,9.76,2.39
2023-01-22 00:00:00+02:00,0.0,0.0,0.0,9.95,1.96
2023-01-22 01:00:00+02:00,0.0,0.0,0.0,10.2,1.58
2023-01-22 02:00:00+02:00,0.0,0.0,0.0,10.12,1.29
2023-01-22 03:00:00+02:00,0.0,0.0,0.0,10.09,1.13
2023-01-22 04:00:00+02:00,0.0,0.0,0.0,10.31,1.07
2023-01-22 05:00:00+02:00,0.0,0.0,0.0,10.02,1.07
2023-01-22 06:00:00+02:00,0.0,0.0,0.0,9.52,1.15
2023-01-22 07:00:00+02:00,75.82,193.93,44.58,10.9,1.11
2023-01-22 08:00:00+02:00,253.23,451.02,107.87,13.31,1.45
2023-01-22 09:00:00+02:00,426.38,585.14,143.46,16.1,2.56
2023-01-22 10:00:00+02:00,555.92,642.16,175.39,18.68,3.31
2023-01-22 11:00:00+02:00,658.5,814.17,150.21,20.29,3.31
2023-01-22 12:00:00+02:00,649.45,772.38,163.51,21.19,3.3
2023-01-22 13:00:00+02:00,584.53,730.98,179.75,21.56,3.46
2023-01-22 14:00:00+02:00,454.1,647.4,144.52,21.29,3.8
2023-01-22 15:00:00+02:00,295.52,577.08,106.08,20.3,4.0
2023-01-22 16:00:00+02:00,114.72,261.78,64.61,16.86,2.82
2023-01-22 17:00:00+02:00,0.0,0.0,0.0,13.67,3.32
2023-01-22 18:00:00+02:00,0.0,0.0,0.0,12.92,3.54
2023-01-22 19:00:00+02:00,0.0,0.0,0.0,12.11,3.37
2023-01-22 20:00:00+02:00,0.0,0.0,0.0,11.23,3.07
2023-01-22 21:00:00+02:00,0.0,0.0,0.0,10.47,2.91
2023-01-22 22:00:00+02:00,0.0,0.0,0.0,10.83,2.65
2023-01-22 23:00:00+02:00,0.0,0.0,0.0,10.81,2.56
2023-01-23 00:00:00+02:00,0.0,0.0,0.0,10.0,2.61
2023-01-23 01:00:00+02:00,0.0,0.0,0.0,9.67,2.56
2023-01-23 02:00:00+02:00,0.0,0.0,0.0,9.51,2.58
2023-01-23 03:00:00+02:00,0.0,0.0,0.0,9.57,2.68
2023-01-23 04:00:00+02:00,0.0,0.0,0.0,9.68,2.7
2023-01-23 05:00:00+02:00,0.0,0.0,0.0,9.69,2.7
2023-01-23 06:00:00+02:00,0.0,0.0,0.0,9.78,2.72
2023-01-23 07:00:00+02:00,58.45,102.78,45.12,12.39,2.48
2023-01-23 08:00:00+02:00,210.88,308.15,119.95,15.05,3.42
2023-01-23 09:00:00+02:00,378.85,425.76,187.22,17.74,4.28
2023-01-23 10:00:00+02:00,514.1,493.98,228.28,20.29,4.59
2023-01-23 11:00:00+02:00,490.3,145.69,341.43,22.11,4.64
2023-01-23 12:00:00+02:00,552.22,485.22,249.29,23.03,4.86
2023-01-23 13:00:00+02:00,487.52,563.46,170.07,23.3,5.22
2023-01-23 14:00:00+02:00,401.98,498.06,162.11,22.86,5.55
2023-01-23 15:00:00+02:00,267.02,431.83,122.08,21.7,5.64
2023-01-23 16:00:00+02:00,110.9,253.18,64.06,19.01,4.41
2023-01-23 17:00:00+02:00,0.0,0.0,0.0,15.81,3.92
2023-01-23 18:00:00+02:00,0.0,0.0,0.0,14.77,3.89
2023-01-23 19:00:00+02:00,0.0,0.0,0.0,13.73,3.39
2023-01-23 20:00:00+02:00,0.0,0.0,0.0,12.88,3.12
2023-01-23 21:00:00+02:00,0.0,0.0,0.0,12.21,2.96
2023-01-23 22:00:00+02:00,0.0,0.0,0.0,11.69,2.9
2023-01-23 23:00:00+02:00,0.0,0.0,0.0,11.29,2.9
2023-01-24 00:00:00+02:00,0.0,0.0,0.0,11.0,2.91
2023-01-24 01:00:00+02:00,0.0,0.0,0.0,10.8,2.93
2023-01-24 02:00:00+02:00,0.0,0.0,0.0,10.68,2.98
2023-01-24 03:00:00+02:00,0.0,0.0,0.0,10.64,3.04
2023-01-24 04:00:00+02:00,0.0,0.0,0.0,10.75,3.15
2023-01-24 05:00:00+02:00,0.0,0.0,0.0,10.96,3.27
2023-01-24 06:00:00+02:00,0.0,0.0,0.0,11.2,3.4
2023-01-24 07:00:00+02:00,63.65,98.3,51.01,13.45,4.07
2023-01-24 08:00:00+02:00,239.9,399.9,113.33,15.74,4.81
2023-01-24 09:00:00+02:00,423.85,577.94,143.22,18.2,5.54
2023-01-24 10:00:00+02:00,565.38,710.46,150.41,20.91,6.31
2023-01-24 11:00:00+02:00,636.97,729.77,159.1,22.58,6.29
2023-01-24 12:00:00+02:00,641.97,707.08,180.18,23.25,6.27
2023-01-24 13:00:00+02:00,566.05,640.97,175.43,23.23,6.42
2023-01-24 14:00:00+02:00,460.5,643.93,138.75,22.58,6.54
2023-01-24 15:00:00+02:00,293.92,517.91,110.84,21.28,6.35
2023-01-24 16:00:00+02:00,107.95,241.54,65.91,18.68,4.89
2023-01-24 17:00:00+02:00,3.65,1.75,5.42,15.43,4.13
2023-01-24 18:00:00+02:00,0.0,0.0,0.0,14.33,4.14
2023-01-24 19:00:00+02:00,0.0,0.0,0.0,13.24,3.71
2023-01-24 20:00:00+02:00,0.0,0.0,0.0,12.31,3.41
2023-01-24 21:00:00+02:00,0.0,0.0,0.0,11.56,3.27
2023-01-24 22:00:00+02:00,0.0,0.0,0.0,11.0,3.24
2023-01-24 23:00:00+02:00,0.0,0.0,0.0,10.52,3.22
2023-01-25 00:00:00+02:00,0.0,0.0,0.0,10.14,3.23
2023-01-25 01:00:00+02:00,0.0,0.0,0.0,9.85,3.27
2023-01-25 02:00:00+02:00,0.0,0.0,0.0,9.59,3.3
2023-01-25 03:00:00+02:00,0.0,0.0,0.0,9.36,3.32
2023-01-25 04:00:00+02:00,0.0,0.0,0.0,9.15,3.33
2023-01-25 05:00:00+02:00,0.0,0.0,0.0,8.92,3.3
2023-01-25 06:00:00+02:00,0.0,0.0,0.0,8.76,3.22
2023-01-25 07:00:00+02:00,84.45,260.53,44.1,11.64,2.87
2023-01-25 08:00:00+02:00,280.7,631.08,83.53,15.2,3.92
2023-01-25 09:00:00+02:00,458.77,765.29,100.32,18.45,4.83
2023-01-25 10:00:00+02:00,601.25,858.78,104.74,20.28,4.74
2023-01-25 11:00:00+02:00,662.15,788.37,156.49,21.4,4.85
2023-01-25 12:00:00+02:00,656.4,684.82,216.31,22.04,5.26
2023-01-25 13:00:00+02:00,562.38,751.62,124.13,22.16,5.71
2023-01-25 14:00:00+02:00,468.15,715.46,115.89,21.61,6.07
2023-01-25 15:00:00+02:00,307.85,635.52,88.97,20.38,6.03
2023-01-25 16:00:00+02:00,116.85,335.2,56.22,17.69,4.44
2023-01-25 17:00:00+02:00,4.28,7.83,6.35,13.93,3.35
2023-01-25 18:00:00+02:00,0.0,0.0,0.0,12.71,3.12
2023-01-25 19:00:00+02:00,0.0,0.0,0.0,11.73,2.9
2023-01-25 20:00:00+02:00,0.0,0.0,0.0,10.87,2.78
2023-01-25 21:00:00+02:00,0.0,0.0,0.0,10.2,2.63
2023-01-25 22:00:00+02:00,0.0,0.0,0.0,9.7,2.48
2023-01-25 23:00:00+02:00,0.0,0.0,0.0,9.34,2.37
2023-01-26 00:00:00+02:00,0.0,0.0,0.0,9.01,2.34
2023-01-26 01:00:00+02:00,0.0,0.0,0.0,8.71,2.35
2023-01-26 02:00:00+02:00,0.0,0.0,0.0,8.43,2.39
2023-01-26 03:00:00+02:00,0.0,0.0,0.0,8.15,2.46
2023-01-26 04:00:00+02:00,0.0,0.0,0.0,7.96,2.52
2023-01-26 05:00:00+02:00,0.0,0.0,0.0,7.82,2.52
2023-01-26 06:00:00+02:00,0.0,0.0,0.0,7.67,2.48
2023-01-26 07:00:00+02:00,91.07,323.94,41.0,10.0,2.34
2023-01-26 08:00:00+02:00,288.77,685.05,72.73,12.36,2.94
2023-01-26 09:00:00+02:00,471.42,818.68,88.05,15.16,3.32
2023-01-26 10:00:00+02:00,608.38,872.3,101.37,18.28,3.69
2023-01-26 11:00:00+02:00,672.1,833.54,131.51,20.24,3.31
2023-01-26 12:00:00+02:00,680.0,832.79,134.45,21.62,3.3
2023-01-26 13:00:00+02:00,618.33,815.04,125.69,22.33,3.58
2023-01-26 14:00:00+02:00,493.33,739.9,120.54,22.31,3.81
2023-01-26 15:00:00+02:00,318.48,613.81,100.87,21.38,3.79
2023-01-26 16:00:00+02:00,122.9,337.58,64.2,17.5,2.97
2023-01-26 17:00:00+02:00,4.85,3.54,7.2,14.21,3.6
2023-01-26 18:00:00+02:00,0.0,0.0,0.0,13.35,3.73
2023-01-26 19:00:00+02:00,0.0,0.0,0.0,12.63,3.79
2023-01-26 20:00:00+02:00,0.0,0.0,0.0,12.04,3.93
2023-01-26 21:00:00+02:00,0.0,0.0,0.0,11.5,4.13
2023-01-26 22:00:00+02:00,0.0,0.0,0.0,10.91,4.28
2023-01-26 23:00:00+02:00,0.0,0.0,0.0,10.25,4.26
2023-01-27 00:00:00+02:00,0.0,0.0,0.0,9.71,4.22
2023-01-27 01:00:00+02:00,0.0,0.0,0.0,9.37,4.27
2023-01-27 02:00:00+02:00,0.0,0.0,0.0,9.11,4.12
2023-01-27 03:00:00+02:00,0.0,0.0,0.0,9.07,3.98
2023-01-27 04:00:00+02:00,0.0,0.0,0.0,9.23,3.95
2023-01-27 05:00:00+02:00,0.0,0.0,0.0,9.58,4.08
2023-01-27 06:00:00+02:00,0.0,0.0,0.0,10.6,4.15
2023-01-27 07:00:00+02:00,78.05,139.31,56.73,13.39,4.25
2023-01-27 08:00:00+02:00,242.3,346.72,133.46,17.18,5.47
2023-01-27 09:00:00+02:00,392.75,428.87,185.06,19.96,4.96
2023-01-27 10:00:00+02:00,502.85,462.08,230.25,23.66,5.73
2023-01-27 11:00:00+02:00,546.65,335.05,314.34,25.86,7.0
2023-01-27 12:00:00+02:00,602.0,509.93,255.05,26.38,6.84
2023-01-27 13:00:00+02:00,528.95,352.23,292.64,26.45,6.39
2023-01-27 14:00:00+02:00,362.7,179.26,253.59,25.79,5.64
2023-01-27 15:00:00+02:00,208.8,145.19,157.45,23.69,3.86
2023-01-27 16:00:00+02:00,85.38,43.27,70.01,19.87,3.35
2023-01-27 17:00:00+02:00,4.12,0.0,5.86,17.31,3.45
2023-01-27 18:00:00+02:00,0.0,0.0,0.0,16.56,3.45
2023-01-27 19:00:00+02:00,0.0,0.0,0.0,16.03,3.6
2023-01-27 20:00:00+02:00,0.0,0.0,0.0,15.45,3.58
2023-01-27 21:00:00+02:00,0.0,0.0,0.0,14.89,3.7
2023-01-27 22:00:00+02:00,0.0,0.0,0.0,14.76,4.38
2023-01-27 23:00:00+02:00,0.0,0.0,0.0,14.89,5.41
2023-01-28 00:00:00+02:00,0.0,0.0,0.0,14.52,5.61
2023-01-28 01:00:00+02:00,0.0,0.0,0.0,13.79,5.21
2023-01-28 02:00:00+02:00,0.0,0.0,0.0,12.85,4.61
2023-01-28 03:00:00+02:00,0.0,0.0,0.0,12.18,4.15
2023-01-28 04:00:00+02:00,0.0,0.0,0.0,11.8,3.92
2023-01-28 05:00:00+02:00,0.0,0.0,0.0,11.44,3.78
2023-01-28 06:00:00+02:00,0.0,0.0,0.0,11.01,3.81
2023-01-28 07:00:00+02:00,58.7,6.12,49.3,12.69,4.61
2023-01-28 08:00:00+02:00,185.48,73.01,153.26,14.84,4.77
2023-01-28 09:00:00+02:00,303.75,182.79,217.59,17.83,4.95
2023-01-28 10:00:00+02:00,463.73,182.71,338.49,20.19,4.95
2023-01-28 11:00:00+02:00,545.35,263.56,352.16,21.84,4.52
2023-01-28 12:00:00+02:00,577.28,382.08,304.36,22.91,4.05
2023-01-28 13:00:00+02:00,538.15,367.93,291.21,23.27,3.47
2023-01-28 14:00:00+02:00,422.92,282.19,259.58,23.05,2.92
2023-01-28 15:00:00+02:00,257.05,216.24,176.0,21.99,2.35
2023-01-28 16:00:00+02:00,100.03,93.4,82.23,18.59,2.32
2023-01-28 17:00:00+02:00,5.05,0.0,8.13,16.0,3.19
2023-01-28 18:00:00+02:00,0.0,0.0,0.0,15.39,3.69
2023-01-28 19:00:00+02:00,0.0,0.0,0.0,14.9,4.06
2023-01-28 20:00:00+02:00,0.0,0.0,0.0,14.22,3.66
2023-01-28 21:00:00+02:00,0.0,0.0,0.0,13.41,3.1
2023-01-28 22:00:00+02:00,0.0,0.0,0.0,12.41,2.99
2023-01-28 23:00:00+02:00,0.0,0.0,0.0,11.82,2.97
2023-01-29 00:00:00+02:00,0.0,0.0,0.0,11.46,3.01
2023-01-29 01:00:00+02:00,0.0,0.0,0.0,11.15,3.05
2023-01-29 02:00:00+02:00,0.0,0.0,0.0,10.87,3.11
2023-01-29 03:00:00+02:00,0.0,0.0,0.0,10.6,3.16
2023-01-29 04:00:00+02:00,0.0,0.0,0.0,10.31,3.2
2023-01-29 05:00:00+02:00,0.0,0.0,0.0,9.98,3.2
2023-01-29 06:00:00+02:00,0.0,0.0,0.0,9.75,3.16
2023-01-29 07:00:00+02:00,68.05,39.82,61.69,12.47,3.31
2023-01-29 08:00:00+02:00,220.82,177.42,161.26,14.84,3.47
2023-01-29 09:00:00+02:00,375.75,255.26,261.55,17.65,4.67
2023-01-29 10:00:00+02:00,501.77,335.07,283.68,19.59,4.76
2023-01-29 11:00:00+02:00,571.92,424.7,282.54,21.15,3.87
2023-01-29 12:00:00+02:00,576.62,402.96,325.15,21.93,3.4
2023-01-29 13:00:00+02:00,472.0,308.23,273.23,22.21,2.98
2023-01-29 14:00:00+02:00,342.27,119.46,242.64,22.08,2.72
2023-01-29 15:00:00+02:00,209.62,121.97,157.03,21.36,2.52
2023-01-29 16:00:00+02:00,86.25,54.43,76.04,18.52,1.97
2023-01-29 17:00:00+02:00,5.4,0.0,7.93,15.22,2.75
2023-01-29 18:00:00+02:00,0.0,0.0,0.0,13.8,3.13
2023-01-29 19:00:00+02:00,0.0,0.0,0.0,12.81,3.16
2023-01-29 20:00:00+02:00,0.0,0.0,0.0,12.02,3.04
2023-01-29 21:00:00+02:00,0.0,0.0,0.0,11.33,2.85
2023-01-29 22:00:00+02:00,0.0,0.0,0.0,10.83,2.63
2023-01-29 23:00:00+02:00,0.0,0.0,0.0,10.77,2.22
2023-01-30 00:00:00+02:00,0.0,0.0,0.0,11.3,1.62
2023-01-30 01:00:00+02:00,0.0,0.0,0.0,11.28,1.18
2023-01-30 02:00:00+02:00,0.0,0.0,0.0,11.36,1.03
2023-01-30 03:00:00+02:00,0.0,0.0,0.0,10.75,1.1
2023-01-30 04:00:00+02:00,0.0,0.0,0.0,10.5,1.1
2023-01-30 05:00:00+02:00,0.0,0.0,0.0,10.32,1.06
2023-01-30 06:00:00+02:00,0.0,0.0,0.0,9.67,1.22
2023-01-30 07:00:00+02:00,95.38,305.73,44.38,11.02,1.35
2023-01-30 08:00:00+02:00,289.23,617.0,91.68,13.62,1.76
2023-01-30 09:00:00+02:00,470.35,721.49,126.3,17.13,2.34
2023-01-30 10:00:00+02:00,602.8,744.68,159.94,19.11,2.91
2023-01-30 11:00:00+02:00,677.4,767.6,169.39,20.48,3.44
2023-01-30 12:00:00+02:00,693.75,843.1,132.86,21.37,4.11
2023-01-30 13:00:00+02:00,626.4,804.78,130.47,21.71,4.73
2023-01-30 14:00:00+02:00,482.17,580.41,182.95,21.48,5.29
2023-01-30 15:00:00+02:00,312.27,488.32,129.54,20.58,5.5
2023-01-30 16:00:00+02:00,124.9,283.53,68.49,17.77,3.98
2023-01-30 17:00:00+02:00,6.28,5.44,9.06,14.19,3.83
2023-01-30 18:00:00+02:00,0.0,0.0,0.0,13.2,4.26
2023-01-30 19:00:00+02:00,0.0,0.0,0.0,12.26,4.23
2023-01-30 20:00:00+02:00,0.0,0.0,0.0,11.24,3.7
2023-01-30 21:00:00+02:00,0.0,0.0,0.0,10.41,3.35
2023-01-30 22:00:00+02:00,0.0,0.0,0.0,9.71,3.12
2023-01-30 23:00:00+02:00,0.0,0.0,0.0,9.18,3.05
2023-01-31 00:00:00+02:00,0.0,0.0,0.0,8.94,3.19
2023-01-31 01:00:00+02:00,0.0,0.0,0.0,8.96,3.78
2023-01-31 02:00:00+02:00,0.0,0.0,0.0,9.4,5.65
2023-01-31 03:00:00+02:00,0.0,0.0,0.0,8.9,6.26
2023-01-31 04:00:00+02:00,0.0,0.0,0.0,8.36,6.09
2023-01-31 05:00:00+02:00,0.0,0.0,0.0,7.8,5.88
2023-01-31 06:00:00+02:00,0.0,0.0,0.0,7.35,5.9
2023-01-31 07:00:00+02:00,87.57,189.29,54.49,8.41,6.86
2023-01-31 08:00:00+02:00,274.38,493.61,111.05,10.56,6.62
2023-01-31 09:00:00+02:00,450.62,606.67,153.48,12.62,7.8
2023-01-31 10:00:00+02:00,586.65,621.36,202.0,13.5,7.71
2023-01-31 11:00:00+02:00,648.6,693.09,195.35,14.96,7.18
2023-01-31 12:00:00+02:00,500.42,555.86,165.87,16.07,6.58
2023-01-31 13:00:00+02:00,457.98,207.73,305.7,16.37,6.13
2023-01-31 14:00:00+02:00,418.23,373.05,212.23,16.41,5.95
2023-01-31 15:00:00+02:00,259.92,414.65,119.54,16.11,5.63
2023-01-31 16:00:00+02:00,110.28,250.48,64.0,14.54,3.95
2023-01-31 17:00:00+02:00,6.43,6.48,9.43,12.64,3.55
2023-01-31 18:00:00+02:00,0.0,0.0,0.0,12.52,4.24
2023-01-31 19:00:00+02:00,0.0,0.0,0.0,12.26,4.69
2023-01-31 20:00:00+02:00,0.0,0.0,0.0,11.95,4.76
2023-01-31 21:00:00+02:00,0.0,0.0,0.0,11.6,4.91
2023-01-31 22:00:00+02:00,0.0,0.0,0.0,11.24,5.24
2023-01-31 23:00:00+02:00,0.0,0.0,0.0,10.63,5.66
2023-02-01 00:00:00+02:00,0.0,0.0,0.0,9.95,5.81
2023-02-01 01:00:00+02:00,0.0,0.0,0.0,9.14,5.83
2023-02-01 02:00:00+02:00,0.0,0.0,0.0,8.62,6.39
2023-02-01 03:00:00+02:00,0.0,0.0,0.0,8.22,6.23
2023-02-01 04:00:00+02:00,0.0,0.0,0.0,7.91,6.06
2023-02-01 05:00:00+02:00,0.0,0.0,0.0,7.38,6.23
2023-02-01 06:00:00+02:00,0.0,0.0,0.0,7.19,6.84
2023-02-01 07:00:00+02:00,73.8,35.14,65.9,8.76,7.97
2023-02-01 08:00:00+02:00,243.77,242.47,154.01,11.14,8.37
2023-02-01 09:00:00+02:00,426.77,425.74,199.54,14.28,10.04
2023-02-01 10:00:00+02:00,572.5,557.67,219.62,16.17,10.99
2023-02-01 11:00:00+02:00,639.5,621.12,214.48,17.0,11.66
2023-02-01 12:00:00+02:00,499.38,436.41,224.76,16.81,11.86
2023-02-01 13:00:00+02:00,380.9,133.64,276.97,16.18,10.98
2023-02-01 14:00:00+02:00,219.82,114.66,163.2,15.7,9.81
2023-02-01 15:00:00+02:00,153.18,140.72,112.32,14.28,7.61
2023-02-01 16:00:00+02:00,70.45,113.1,51.58,13.08,5.82
2023-02-01 17:00:00+02:00,5.45,4.34,8.4,11.99,5.12
2023-02-01 18:00:00+02:00,0.0,0.0,0.0,10.73,4.63
2023-02-01 19:00:00+02:00,0.0,0.0,0.0,10.04,4.79
2023-02-01 20:00:00+02:00,0.0,0.0,0.0,9.29,4.93
2023-02-01 21:00:00+02:00,0.0,0.0,0.0,8.41,4.78
2023-02-01 22:00:00+02:00,0.0,0.0,0.0,7.83,4.61
2023-02-01 23:00:00+02:00,0.0,0.0,0.0,7.31,4.36
2023-02-02 00:00:00+02:00,0.0,0.0,0.0,6.75,4.0
2023-02-02 01:00:00+02:00,0.0,0.0,0.0,6.19,3.58
2023-02-02 02:00:00+02:00,0.0,0.0,0.0,5.72,3.3
2023-02-02 03:00:00+02:00,0.0,0.0,0.0,5.35,3.17
2023-02-02 04:00:00+02:00,0.0,0.0,0.0,5.05,3.1
2023-02-02 05:00:00+02:00,0.0,0.0,0.0,4.82,3.05
2023-02-02 06:00:00+02:00,0.0,0.0,0.0,4.97,2.95
2023-02-02 07:00:00+02:00,64.03,136.18,40.86,8.18,2.98
2023-02-02 08:00:00+02:00,184.68,344.79,98.24,11.08,3.4
2023-02-02 09:00:00+02:00,289.27,395.68,141.98,15.05,4.27
2023-02-02 10:00:00+02:00,458.15,243.04,302.0,16.61,4.67
2023-02-02 11:00:00+02:00,538.97,371.72,298.31,17.65,4.9
2023-02-02 12:00:00+02:00,503.15,610.46,147.32,18.35,4.89
2023-02-02 13:00:00+02:00,432.73,159.96,286.82,18.66,4.81
2023-02-02 14:00:00+02:00,235.4,73.1,178.62,18.42,4.69
2023-02-02 15:00:00+02:00,156.1,81.58,124.77,17.79,4.4
2023-02-02 16:00:00+02:00,68.95,72.08,56.22,15.64,2.67
2023-02-02 17:00:00+02:00,5.05,6.76,6.32,13.18,2.59
2023-02-02 18:00:00+02:00,0.0,0.0,0.0,12.62,2.54
2023-02-02 19:00:00+02:00,0.0,0.0,0.0,12.09,2.48
2023-02-02 20:00:00+02:00,0.0,0.0,0.0,11.6,2.4
2023-02-02 21:00:00+02:00,0.0,0.0,0.0,10.77,2.39
2023-02-02 22:00:00+02:00,0.0,0.0,0.0,10.07,2.34
2023-02-02 23:00:00+02:00,0.0,0.0,0.0,9.36,2.26
2023-02-03 00:00:00+02:00,0.0,0.0,0.0,8.81,2.18
2023-02-03 01:00:00+02:00,0.0,0.0,0.0,8.12,2.24
2023-02-03 02:00:00+02:00,0.0,0.0,0.0,7.54,2.3
2023-02-03 03:00:00+02:00,0.0,0.0,0.0,7.06,2.31
2023-02-03 04:00:00+02:00,0.0,0.0,0.0,6.64,2.34
2023-02-03 05:00:00+02:00,0.0,0.0,0.0,6.59,2.25
2023-02-03 06:00:00+02:00,0.0,0.0,0.0,6.66,2.21
2023-02-03 07:00:00+02:00,89.62,198.67,57.1,9.4,2.33
2023-02-03 08:00:00+02:00,263.65,421.8,127.16,12.65,3.15
2023-02-03 09:00:00+02:00,437.08,549.28,164.32,16.5,2.01
2023-02-03 10:00:00+02:00,585.5,649.43,193.31,18.14,1.49
2023-02-03 11:00:00+02:00,689.92,793.76,154.04,18.8,1.52
2023-02-03 12:00:00+02:00,664.3,641.06,248.39,19.15,1.85
2023-02-03 13:00:00+02:00,473.2,600.41,152.89,19.17,2.35
2023-02-03 14:00:00+02:00,402.42,407.17,201.78,18.79,2.88
2023-02-03 15:00:00+02:00,247.55,428.22,99.27,17.79,3.31
2023-02-03 16:00:00+02:00,111.0,289.97,57.36,16.18,2.56
2023-02-03 17:00:00+02:00,7.45,19.0,9.31,14.16,2.26
2023-02-03 18:00:00+02:00,0.0,0.0,0.0,13.25,2.45
2023-02-03 19:00:00+02:00,0.0,0.0,0.0,12.47,2.42
2023-02-03 20:00:00+02:00,0.0,0.0,0.0,11.39,2.36
2023-02-03 21:00:00+02:00,0.0,0.0,0.0,10.35,2.37
2023-02-03 22:00:00+02:00,0.0,0.0,0.0,9.44,2.61
2023-02-03 23:00:00+02:00,0.0,0.0,0.0,8.75,2.9
2023-02-04 00:00:00+02:00,0.0,0.0,0.0,8.29,3.17
2023-02-04 01:00:00+02:00,0.0,0.0,0.0,7.85,3.45
2023-02-04 02:00:00+02:00,0.0,0.0,0.0,7.49,3.9
2023-02-04 03:00:00+02:00,0.0,0.0,0.0,7.35,4.66
2023-02-04 04:00:00+02:00,0.0,0.0,0.0,7.04,4.95
2023-02-04 05:00:00+02:00,0.0,0.0,0.0,6.9,5.06
2023-02-04 06:00:00+02:00,0.0,0.0,0.0,7.04,5.54
2023-02-04 07:00:00+02:00,103.12,318.56,47.87,8.46,5.81
2023-02-04 08:00:00+02:00,289.45,623.63,85.79,11.28,5.27
2023-02-04 09:00:00+02:00,465.35,750.12,105.5,14.38,5.36
2023-02-04 10:00:00+02:00,616.08,800.54,139.52,17.36,5.64
2023-02-04 11:00:00+02:00,710.8,882.33,116.47,18.8,5.39
2023-02-04 12:00:00+02:00,616.4,367.91,351.3,19.5,5.22
2023-02-04 13:00:00+02:00,500.65,510.48,196.42,19.63,5.25
2023-02-04 14:00:00+02:00,347.77,240.28,220.29,19.46,5.13
2023-02-04 15:00:00+02:00,221.95,363.99,105.83,18.9,5.05
2023-02-04 16:00:00+02:00,106.7,239.35,59.45,16.68,3.38
2023-02-04 17:00:00+02:00,7.97,18.35,10.14,13.7,2.9
2023-02-04 18:00:00+02:00,0.0,0.0,0.0,13.0,2.75
2023-02-04 19:00:00+02:00,0.0,0.0,0.0,12.23,2.51
2023-02-04 20:00:00+02:00,0.0,0.0,0.0,11.19,2.42
2023-02-04 21:00:00+02:00,0.0,0.0,0.0,10.09,2.48
2023-02-04 22:00:00+02:00,0.0,0.0,0.0,9.29,2.61
2023-02-04 23:00:00+02:00,0.0,0.0,0.0,8.61,2.66
2023-02-05 00:00:00+02:00,0.0,0.0,0.0,8.08,2.73
2023-02-05 01:00:00+02:00,0.0,0.0,0.0,7.75,2.88
2023-02-05 02:00:00+02:00,0.0,0.0,0.0,7.45,3.01
2023-02-05 03:00:00+02:00,0.0,0.0,0.0,7.31,3.24
2023-02-05 04:00:00+02:00,0.0,0.0,0.0,7.43,3.75
2023-02-05 05:00:00+02:00,0.0,0.0,0.0,7.58,4.51
2023-02-05 06:00:00+02:00,0.0,0.0,0.0,7.57,5.29
2023-02-05 07:00:00+02:00,100.65,173.56,70.05,8.86,6.31
2023-02-05 08:00:00+02:00,284.65,463.47,143.17,11.74,6.3
2023-02-05 09:00:00+02:00,463.15,618.85,162.48,15.31,6.98
2023-02-05 10:00:00+02:00,611.7,696.99,181.99,17.95,7.96
2023-02-05 11:00:00+02:00,702.3,767.26,185.14,19.11,8.27
2023-02-05 12:00:00+02:00,723.75,802.47,164.86,19.74,8.4
2023-02-05 13:00:00+02:00,664.12,808.02,144.02,19.96,8.43
2023-02-05 14:00:00+02:00,496.75,477.2,245.73,19.74,8.23
2023-02-05 15:00:00+02:00,313.12,301.41,196.33,18.95,7.8
2023-02-05 16:00:00+02:00,127.97,114.48,104.75,17.0,6.06
2023-02-05 17:00:00+02:00,9.43,0.5,13.18,13.88,4.46
2023-02-05 18:00:00+02:00,0.0,0.0,0.0,13.03,5.11
2023-02-05 19:00:00+02:00,0.0,0.0,0.0,11.9,5.43
2023-02-05 20:00:00+02:00,0.0,0.0,0.0,10.98,5.74
2023-02-05 21:00:00+02:00,0.0,0.0,0.0,10.27,6.03
2023-02-05 22:00:00+02:00,0.0,0.0,0.0,9.74,6.24
2023-02-05 23:00:00+02:00,0.0,0.0,0.0,9.39,6.55
2023-02-06 00:00:00+02:00,0.0,0.0,0.0,9.01,6.84
2023-02-06 01:00:00+02:00,0.0,0.0,0.0,8.77,7.21
2023-02-06 02:00:00+02:00,0.0,0.0,0.0,9.18,8.04
2023-02-06 03:00:00+02:00,0.0,0.0,0.0,9.77,8.02
2023-02-06 04:00:00+02:00,0.0,0.0,0.0,9.68,7.72
2023-02-06 05:00:00+02:00,0.0,0.0,0.0,8.78,7.11
2023-02-06 06:00:00+02:00,0.0,0.0,0.0,7.93,7.31
2023-02-06 07:00:00+02:00,70.62,11.58,64.75,8.59,7.86
2023-02-06 08:00:00+02:00,206.82,146.84,153.73,10.77,9.58
2023-02-06 09:00:00+02:00,364.52,289.35,201.23,12.73,10.39
2023-02-06 10:00:00+02:00,499.12,352.03,267.89,13.68,10.29
2023-02-06 11:00:00+02:00,459.17,370.27,251.51,14.19,10.06
2023-02-06 12:00:00+02:00,385.7,364.63,209.41,13.97,9.48
2023-02-06 13:00:00+02:00,344.4,206.39,232.25,13.83,8.89
2023-02-06 14:00:00+02:00,291.88,204.27,195.48,13.72,8.41
2023-02-06 15:00:00+02:00,179.4,118.07,134.82,13.75,8.01
2023-02-06 16:00:00+02:00,84.15,63.79,67.12,12.93,6.66
2023-02-06 17:00:00+02:00,6.8,0.8,8.71,11.37,5.22
2023-02-06 18:00:00+02:00,0.0,0.0,0.0,10.75,5.09
2023-02-06 19:00:00+02:00,0.0,0.0,0.0,9.64,4.75
2023-02-06 20:00:00+02:00,0.0,0.0,0.0,8.77,4.5
2023-02-06 21:00:00+02:00,0.0,0.0,0.0,8.42,4.48
2023-02-06 22:00:00+02:00,0.0,0.0,0.0,8.13,4.76
2023-02-06 23:00:00+02:00,0.0,0.0,0.0,7.7,5.05
2023-02-07 00:00:00+02:00,0.0,0.0,0.0,7.16,5.11
2023-02-07 01:00:00+02:00,0.0,0.0,0.0,6.75,5.32
2023-02-07 02:00:00+02:00,0.0,0.0,0.0,6.36,5.28
2023-02-07 03:00:00+02:00,0.0,0.0,0.0,5.95,5.11
2023-02-07 04:00:00+02:00,0.0,0.0,0.0,5.63,5.04
2023-02-07 05:00:00+02:00,0.0,0.0,0.0,5.4,5.21
2023-02-07 06:00:00+02:00,0.0,0.0,0.0,5.2,5.47
2023-02-07 07:00:00+02:00,81.75,77.47,68.62,6.47,6.02
2023-02-07 08:00:00+02:00,162.52,120.73,122.88,9.33,6.11
2023-02-07 09:00:00+02:00,298.42,56.97,232.95,12.57,7.74
2023-02-07 10:00:00+02:00,387.98,136.83,274.3,13.97,8.23
2023-02-07 11:00:00+02:00,558.0,304.57,329.06,14.87,8.11
2023-02-07 12:00:00+02:00,551.25,659.24,166.51,15.64,8.04
2023-02-07 13:00:00+02:00,481.75,312.6,273.35,15.93,7.97
2023-02-07 14:00:00+02:00,333.77,239.38,213.52,15.55,7.84
2023-02-07 15:00:00+02:00,206.45,292.98,108.68,14.86,7.44
2023-02-07 16:00:00+02:00,104.65,193.09,65.45,13.5,6.01
2023-02-07 17:00:00+02:00,9.3,10.98,12.89,11.15,4.08
2023-02-07 18:00:00+02:00,0.0,0.0,0.0,9.46,3.6
2023-02-07 19:00:00+02:00,0.0,0.0,0.0,8.4,3.38
2023-02-07 20:00:00+02:00,0.0,0.0,0.0,7.52,3.15
2023-02-07 21:00:00+02:00,0.0,0.0,0.0,6.74,2.97
2023-02-07 22:00:00+02:00,0.0,0.0,0.0,6.12,2.88
2023-02-07 23:00:00+02:00,0.0,0.0,0.0,5.71,2.89
2023-02-08 00:00:00+02:00,0.0,0.0,0.0,5.59,2.95
2023-02-08 01:00:00+02:00,0.0,0.0,0.0,5.8,3.04
2023-02-08 02:00:00+02:00,0.0,0.0,0.0,5.89,3.18
2023-02-08 03:00:00+02:00,0.0,0.0,0.0,5.8,3.24
2023-02-08 04:00:00+02:00,0.0,0.0,0.0,5.67,3.21
2023-02-08 05:00:00+02:00,0.0,0.0,0.0,5.64,3.26
2023-02-08 06:00:00+02:00,0.0,0.0,0.0,6.25,3.53
2023-02-08 07:00:00+02:00,70.45,136.79,51.74,7.91,4.73
2023-02-08 08:00:00+02:00,183.05,280.4,107.91,9.19,4.79
2023-02-08 09:00:00+02:00,339.65,123.81,252.7,11.1,5.03
2023-02-08 10:00:00+02:00,475.8,280.56,299.33,13.5,5.68
2023-02-08 11:00:00+02:00,505.02,182.98,382.45,14.7,5.82
2023-02-08 12:00:00+02:00,422.83,163.53,270.23,14.88,5.72
2023-02-08 13:00:00+02:00,228.62,111.3,161.25,15.03,5.52
2023-02-08 14:00:00+02:00,257.83,70.1,202.77,14.67,5.44
2023-02-08 15:00:00+02:00,140.98,205.08,82.09,13.87,4.53
2023-02-08 16:00:00+02:00,71.62,180.86,41.13,12.68,3.16
2023-02-08 17:00:00+02:00,7.7,23.13,8.65,10.51,2.74
2023-02-08 18:00:00+02:00,0.0,0.0,0.0,9.55,2.9
2023-02-08 19:00:00+02:00,0.0,0.0,0.0,8.4,3.02
2023-02-08 20:00:00+02:00,0.0,0.0,0.0,7.35,3.07
2023-02-08 21:00:00+02:00,0.0,0.0,0.0,6.61,3.11
2023-02-08 22:00:00+02:00,0.0,0.0,0.0,6.07,3.13
2023-02-08 23:00:00+02:00,0.0,0.0,0.0,5.55,3.16
2023-02-09 00:00:00+02:00,0.0,0.0,0.0,5.13,3.12
2023-02-09 01:00:00+02:00,0.0,0.0,0.0,4.75,3.13
2023-02-09 02:00:00+02:00,0.0,0.0,0.0,4.48,3.19
2023-02-09 03:00:00+02:00,0.0,0.0,0.0,4.2,3.03
2023-02-09 04:00:00+02:00,0.0,0.0,0.0,3.95,2.9
2023-02-09 05:00:00+02:00,0.0,0.0,0.0,3.72,2.96
2023-02-09 06:00:00+02:00,0.0,0.0,0.0,4.68,2.36
2023-02-09 07:00:00+02:00,128.0,433.2,53.16,7.39,1.83
2023-02-09 08:00:00+02:00,325.25,679.57,83.61,10.04,1.99
2023-02-09 09:00:00+02:00,513.4,818.34,96.7,13.08,1.76
2023-02-09 10:00:00+02:00,640.65,782.77,158.82,14.44,1.18
2023-02-09 11:00:00+02:00,665.95,505.38,315.52,15.6,0.97
2023-02-09 12:00:00+02:00,685.33,564.35,315.98,16.47,0.78
2023-02-09 13:00:00+02:00,630.12,651.14,196.62,16.94,0.83
2023-02-09 14:00:00+02:00,435.73,378.13,236.87,16.78,0.89
2023-02-09 15:00:00+02:00,289.12,231.28,203.12,16.27,1.01
2023-02-09 16:00:00+02:00,129.32,189.82,89.58,14.91,0.84
2023-02-09 17:00:00+02:00,12.25,11.94,14.96,12.84,1.26
2023-02-09 18:00:00+02:00,0.0,0.0,0.0,11.16,2.05
2023-02-09 19:00:00+02:00,0.0,0.0,0.0,9.7,2.63
2023-02-09 20:00:00+02:00,0.0,0.0,0.0,8.98,2.73
2023-02-09 21:00:00+02:00,0.0,0.0,0.0,8.27,2.73
2023-02-09 22:00:00+02:00,0.0,0.0,0.0,7.41,2.73
2023-02-09 23:00:00+02:00,0.0,0.0,0.0,6.95,2.51
2023-02-10 00:00:00+02:00,0.0,0.0,0.0,6.77,2.24
2023-02-10 01:00:00+02:00,0.0,0.0,0.0,6.79,1.93
2023-02-10 02:00:00+02:00,0.0,0.0,0.0,6.83,1.62
2023-02-10 03:00:00+02:00,0.0,0.0,0.0,6.72,1.36
2023-02-10 04:00:00+02:00,0.0,0.0,0.0,6.44,1.14
2023-02-10 05:00:00+02:00,0.0,0.0,0.0,6.83,0.95
2023-02-10 06:00:00+02:00,0.0,0.0,0.0,6.9,0.74
2023-02-10 07:00:00+02:00,127.28,373.79,60.27,8.23,0.74
2023-02-10 08:00:00+02:00,324.48,636.87,93.88,11.0,1.15
2023-02-10 09:00:00+02:00,512.8,756.29,120.89,14.85,2.65
2023-02-10 10:00:00+02:00,654.6,813.74,134.19,16.75,2.69
2023-02-10 11:00:00+02:00,726.0,800.17,159.53,18.1,2.46
2023-02-10 12:00:00+02:00,704.28,620.61,239.77,18.95,2.47
2023-02-10 13:00:00+02:00,622.15,690.96,167.46,19.31,2.64
2023-02-10 14:00:00+02:00,511.2,551.28,196.34,19.07,2.88
2023-02-10 15:00:00+02:00,330.15,456.6,145.56,18.23,3.39
2023-02-10 16:00:00+02:00,145.2,244.04,86.6,16.03,3.0
2023-02-10 17:00:00+02:00,12.45,8.07,13.65,12.43,3.3
2023-02-10 18:00:00+02:00,0.0,0.0,0.0,11.39,3.88
2023-02-10 19:00:00+02:00,0.0,0.0,0.0,10.68,4.07
2023-02-10 20:00:00+02:00,0.0,0.0,0.0,9.83,3.72
2023-02-10 21:00:00+02:00,0.0,0.0,0.0,8.99,3.3
2023-02-10 22:00:00+02:00,0.0,0.0,0.0,8.27,3.05
2023-02-10 23:00:00+02:00,0.0,0.0,0.0,7.67,2.94
2023-02-11 00:00:00+02:00,0.0,0.0,0.0,7.15,2.86
2023-02-11 01:00:00+02:00,0.0,0.0,0.0,6.76,2.81
2023-02-11 02:00:00+02:00,0.0,0.0,0.0,6.55,2.78
2023-02-11 03:00:00+02:00,0.0,0.0,0.0,6.45,2.76
2023-02-11 04:00:00+02:00,0.0,0.0,0.0,6.34,2.81
2023-02-11 05:00:00+02:00,0.0,0.0,0.0,6.39,2.88
2023-02-11 06:00:00+02:00,0.0,0.0,0.0,7.49,2.76
2023-02-11 07:00:00+02:00,88.72,67.0,82.45,10.83,2.45
2023-02-11 08:00:00+02:00,198.05,123.35,150.28,13.18,3.33
2023-02-11 09:00:00+02:00,314.75,84.75,233.19,15.21,4.13
2023-02-11 10:00:00+02:00,434.52,50.5,353.69,16.05,4.5
2023-02-11 11:00:00+02:00,453.3,123.96,317.46,16.21,4.89
2023-02-11 12:00:00+02:00,392.88,125.12,265.89,15.84,5.54
2023-02-11 13:00:00+02:00,328.12,68.77,259.45,15.06,6.3
2023-02-11 14:00:00+02:00,199.38,44.18,155.33,14.6,6.59
2023-02-11 15:00:00+02:00,151.93,66.56,118.31,14.29,6.22
2023-02-11 16:00:00+02:00,76.1,48.27,61.03,13.53,4.73
2023-02-11 17:00:00+02:00,8.68,4.58,10.68,10.86,3.2
2023-02-11 18:00:00+02:00,0.0,0.0,0.0,10.54,3.57
2023-02-11 19:00:00+02:00,0.0,0.0,0.0,9.93,3.64
2023-02-11 20:00:00+02:00,0.0,0.0,0.0,9.17,3.57
2023-02-11 21:00:00+02:00,0.0,0.0,0.0,8.63,3.44
2023-02-11 22:00:00+02:00,0.0,0.0,0.0,8.49,3.48
2023-02-11 23:00:00+02:00,0.0,0.0,0.0,8.71,3.54
2023-02-12 00:00:00+02:00,0.0,0.0,0.0,8.55,3.19
2023-02-12 01:00:00+02:00,0.0,0.0,0.0,8.36,3.08
2023-02-12 02:00:00+02:00,0.0,0.0,0.0,8.18,3.12
2023-02-12 03:00:00+02:00,0.0,0.0,0.0,7.41,3.16
2023-02-12 04:00:00+02:00,0.0,0.0,0.0,6.46,3.17
2023-02-12 05:00:00+02:00,0.0,0.0,0.0,5.99,3.18
2023-02-12 06:00:00+02:00,3.9,11.91,5.45,5.97,3.12
2023-02-12 07:00:00+02:00,119.97,334.94,59.02,9.33,2.95
2023-02-12 08:00:00+02:00,319.75,576.64,111.45,12.11,3.9
2023-02-12 09:00:00+02:00,507.77,677.8,149.27,14.82,4.61
2023-02-12 10:00:00+02:00,658.7,746.4,175.2,16.36,4.57
2023-02-12 11:00:00+02:00,679.15,543.34,282.36,17.3,4.44
2023-02-12 12:00:00+02:00,538.47,660.16,148.14,17.89,4.29
2023-02-12 13:00:00+02:00,497.77,278.73,295.77,18.12,4.28
2023-02-12 14:00:00+02:00,312.15,175.74,209.1,17.78,4.3
2023-02-12 15:00:00+02:00,212.93,324.66,112.66,16.93,4.29
2023-02-12 16:00:00+02:00,102.78,191.83,62.62,15.05,3.29
2023-02-12 17:00:00+02:00,11.18,42.66,12.45,11.46,2.83
2023-02-12 18:00:00+02:00,0.0,0.0,0.0,10.68,2.89
2023-02-12 19:00:00+02:00,0.0,0.0,0.0,10.02,2.76
2023-02-12 20:00:00+02:00,0.0,0.0,0.0,9.04,2.62
2023-02-12 21:00:00+02:00,0.0,0.0,0.0,7.94,2.63
2023-02-12 22:00:00+02:00,0.0,0.0,0.0,7.14,2.53
2023-02-12 23:00:00+02:00,0.0,0.0,0.0,6.62,2.44
2023-02-13 00:00:00+02:00,0.0,0.0,0.0,6.19,2.4
2023-02-13 01:00:00+02:00,0.0,0.0,0.0,5.83,2.36
2023-02-13 02:00:00+02:00,0.0,0.0,0.0,5.56,2.3
2023-02-13 03:00:00+02:00,0.0,0.0,0.0,5.34,2.25
2023-02-13 04:00:00+02:00,0.0,0.0,0.0,5.14,2.24
2023-02-13 05:00:00+02:00,0.0,0.0,0.0,5.01,2.2
2023-02-13 06:00:00+02:00,4.6,25.29,5.72,5.13,2.14
2023-02-13 07:00:00+02:00,131.12,448.59,50.05,8.26,2.12
2023-02-13 08:00:00+02:00,337.85,687.43,91.6,11.57,2.73
2023-02-13 09:00:00+02:00,523.8,778.14,118.95,14.36,3.51
2023-02-13 10:00:00+02:00,654.72,824.31,135.08,15.74,3.64
2023-02-13 11:00:00+02:00,721.92,726.55,202.7,16.79,3.81
2023-02-13 12:00:00+02:00,635.17,745.11,142.45,17.29,4.03
2023-02-13 13:00:00+02:00,580.5,337.17,319.28,17.45,4.34
2023-02-13 14:00:00+02:00,416.62,288.95,239.5,17.17,4.61
2023-02-13 15:00:00+02:00,258.15,372.41,114.91,16.49,4.76
2023-02-13 16:00:00+02:00,129.68,324.41,61.89,15.01,3.89
2023-02-13 17:00:00+02:00,14.73,52.73,15.31,12.11,3.01
2023-02-13 18:00:00+02:00,0.0,0.0,0.0,10.67,3.21
2023-02-13 19:00:00+02:00,0.0,0.0,0.0,9.2,3.11
2023-02-13 20:00:00+02:00,0.0,0.0,0.0,8.3,3.0
2023-02-13 21:00:00+02:00,0.0,0.0,0.0,7.65,2.93
2023-02-13 22:00:00+02:00,0.0,0.0,0.0,7.13,2.81
2023-02-13 23:00:00+02:00,0.0,0.0,0.0,6.82,2.62
2023-02-14 00:00:00+02:00,0.0,0.0,0.0,6.8,2.39
2023-02-14 01:00:00+02:00,0.0,0.0,0.0,6.83,2.24
2023-02-14 02:00:00+02:00,0.0,0.0,0.0,6.74,2.16
2023-02-14 03:00:00+02:00,0.0,0.0,0.0,6.59,2.09
2023-02-14 04:00:00+02:00,0.0,0.0,0.0,6.39,2.04
2023-02-14 05:00:00+02:00,0.0,0.0,0.0,6.14,1.98
2023-02-14 06:00:00+02:00,3.85,7.61,5.85,5.87,2.03
2023-02-14 07:00:00+02:00,100.03,199.56,66.61,8.59,2.12
2023-02-14 08:00:00+02:00,278.3,414.56,125.99,11.9,2.83
2023-02-14 09:00:00+02:00,484.52,585.06,163.83,15.31,4.35
2023-02-14 10:00:00+02:00,613.1,598.33,211.2,16.67,4.78
2023-02-14 11:00:00+02:00,628.15,222.33,412.26,17.15,5.02
2023-02-14 12:00:00+02:00,603.58,264.27,384.89,17.0,4.99
2023-02-14 13:00:00+02:00,426.75,519.67,170.26,16.41,4.79
2023-02-14 14:00:00+02:00,285.98,143.14,204.88,15.51,4.71
2023-02-14 15:00:00+02:00,159.25,214.16,94.51,14.7,4.56
2023-02-14 16:00:00+02:00,79.28,113.82,57.76,13.57,3.53
2023-02-14 17:00:00+02:00,8.9,21.93,9.63,11.13,2.58
2023-02-14 18:00:00+02:00,0.0,0.0,0.0,9.77,2.84
2023-02-14 19:00:00+02:00,0.0,0.0,0.0,9.08,2.89
2023-02-14 20:00:00+02:00,0.0,0.0,0.0,8.56,2.88
2023-02-14 21:00:00+02:00,0.0,0.0,0.0,8.08,2.82
2023-02-14 22:00:00+02:00,0.0,0.0,0.0,7.58,2.74
2023-02-14 23:00:00+02:00,0.0,0.0,0.0,7.12,2.76
2023-02-15 00:00:00+02:00,0.0,0.0,0.0,6.91,2.72
2023-02-15 01:00:00+02:00,0.0,0.0,0.0,6.54,2.75
2023-02-15 02:00:00+02:00,0.0,0.0,0.0,5.77,2.89
2023-02-15 03:00:00+02:00,0.0,0.0,0.0,5.23,2.95
2023-02-15 04:00:00+02:00,0.0,0.0,0.0,4.82,2.94
2023-02-15 05:00:00+02:00,0.0,0.0,0.0,4.41,2.82
2023-02-15 06:00:00+02:00,5.35,22.94,6.92,4.46,2.62
2023-02-15 07:00:00+02:00,130.98,439.83,53.29,7.76,2.98
2023-02-15 08:00:00+02:00,333.4,622.67,105.06,10.56,2.68
2023-02-15 09:00:00+02:00,516.53,719.08,141.97,14.16,3.5
2023-02-15 10:00:00+02:00,662.33,793.53,172.62,15.62,3.56
2023-02-15 11:00:00+02:00,718.9,683.14,243.04,16.62,3.72
2023-02-15 12:00:00+02:00,574.72,137.35,397.26,17.23,3.87
2023-02-15 13:00:00+02:00,485.7,539.54,151.03,17.55,3.86
2023-02-15 14:00:00+02:00,366.5,191.42,246.15,17.51,3.78
2023-02-15 15:00:00+02:00,216.35,304.32,108.73,17.01,3.68
2023-02-15 16:00:00+02:00,107.3,219.05,56.37,15.06,2.55
2023-02-15 17:00:00+02:00,14.23,69.21,13.8,11.56,2.77
2023-02-15 18:00:00+02:00,0.0,0.0,0.0,10.84,2.93
2023-02-15 19:00:00+02:00,0.0,0.0,0.0,10.2,2.93
2023-02-15 20:00:00+02:00,0.0,0.0,0.0,9.11,2.83
2023-02-15 21:00:00+02:00,0.0,0.0,0.0,8.0,2.78
2023-02-15 22:00:00+02:00,0.0,0.0,0.0,7.34,2.74
2023-02-15 23:00:00+02:00,0.0,0.0,0.0,6.78,2.73
2023-02-16 00:00:00+02:00,0.0,0.0,0.0,6.34,2.76
2023-02-16 01:00:00+02:00,0.0,0.0,0.0,6.02,2.77
2023-02-16 02:00:00+02:00,0.0,0.0,0.0,6.1,2.72
2023-02-16 03:00:00+02:00,0.0,0.0,0.0,7.17,2.49
2023-02-16 04:00:00+02:00,0.0,0.0,0.0,7.44,2.54
2023-02-16 05:00:00+02:00,0.0,0.0,0.0,7.52,2.55
2023-02-16 06:00:00+02:00,6.18,40.09,6.81,7.26,2.6
2023-02-16 07:00:00+02:00,139.35,501.99,45.1,10.09,2.61
2023-02-16 08:00:00+02:00,347.38,735.67,80.2,13.52,3.2
2023-02-16 09:00:00+02:00,521.53,783.8,109.27,16.07,3.39
2023-02-16 10:00:00+02:00,667.67,816.35,145.88,17.25,3.25
2023-02-16 11:00:00+02:00,701.33,588.45,274.77,17.94,3.23
2023-02-16 12:00:00+02:00,597.97,586.97,189.17,18.33,3.27
2023-02-16 13:00:00+02:00,543.97,312.18,311.66,18.3,3.4
2023-02-16 14:00:00+02:00,421.85,347.0,239.73,17.77,3.58
2023-02-16 15:00:00+02:00,267.45,426.7,103.43,16.89,3.79
2023-02-16 16:00:00+02:00,132.4,336.99,59.44,15.65,3.4
2023-02-16 17:00:00+02:00,16.38,64.18,16.16,13.72,2.53
2023-02-16 18:00:00+02:00,0.0,0.0,0.0,12.64,2.75
2023-02-16 19:00:00+02:00,0.0,0.0,0.0,11.47,2.75
2023-02-16 20:00:00+02:00,0.0,0.0,0.0,10.32,2.64
2023-02-16 21:00:00+02:00,0.0,0.0,0.0,9.15,2.63
2023-02-16 22:00:00+02:00,0.0,0.0,0.0,8.54,2.44
2023-02-16 23:00:00+02:00,0.0,0.0,0.0,8.43,2.12
2023-02-17 00:00:00+02:00,0.0,0.0,0.0,8.6,1.78
2023-02-17 01:00:00+02:00,0.0,0.0,0.0,8.74,1.44
2023-02-17 02:00:00+02:00,0.0,0.0,0.0,8.46,1.16
2023-02-17 03:00:00+02:00,0.0,0.0,0.0,8.37,1.05
2023-02-17 04:00:00+02:00,0.0,0.0,0.0,8.12,1.12
2023-02-17 05:00:00+02:00,0.0,0.0,0.0,8.17,1.37
2023-02-17 06:00:00+02:00,6.35,30.23,7.67,8.0,1.68
2023-02-17 07:00:00+02:00,133.77,444.14,52.49,10.36,2.42
2023-02-17 08:00:00+02:00,327.65,620.37,90.6,13.47,3.56
2023-02-17 09:00:00+02:00,511.98,730.86,129.57,16.19,4.74
2023-02-17 10:00:00+02:00,642.95,727.83,176.39,17.65,4.68
2023-02-17 11:00:00+02:00,537.67,305.59,319.59,18.76,4.63
2023-02-17 12:00:00+02:00,604.7,705.68,132.0,19.53,4.76
2023-02-17 13:00:00+02:00,549.92,336.93,313.55,19.76,5.18
2023-02-17 14:00:00+02:00,443.77,324.42,258.4,19.38,5.75
2023-02-17 15:00:00+02:00,304.2,306.75,181.45,18.41,6.13
2023-02-17 16:00:00+02:00,142.62,302.58,81.12,16.7,5.78
2023-02-17 17:00:00+02:00,19.33,76.8,18.83,13.36,4.07
2023-02-17 18:00:00+02:00,0.0,0.0,0.0,11.72,3.77
2023-02-17 19:00:00+02:00,0.0,0.0,0.0,10.77,3.5
2023-02-17 20:00:00+02:00,0.0,0.0,0.0,9.96,3.29
2023-02-17 21:00:00+02:00,0.0,0.0,0.0,9.26,3.11
2023-02-17 22:00:00+02:00,0.0,0.0,0.0,8.68,3.05
2023-02-17 23:00:00+02:00,0.0,0.0,0.0,8.25,3.01
2023-02-18 00:00:00+02:00,0.0,0.0,0.0,7.95,2.94
2023-02-18 01:00:00+02:00,0.0,0.0,0.0,7.71,2.92
2023-02-18 02:00:00+02:00,0.0,0.0,0.0,7.49,2.95
2023-02-18 03:00:00+02:00,0.0,0.0,0.0,7.26,3.03
2023-02-18 04:00:00+02:00,0.0,0.0,0.0,7.04,3.11
2023-02-18 05:00:00+02:00,0.0,0.0,0.0,6.83,3.15
2023-02-18 06:00:00+02:00,7.0,22.99,9.3,7.1,3.05
2023-02-18 07:00:00+02:00,129.77,336.02,65.94,11.39,3.23
2023-02-18 08:00:00+02:00,311.55,381.28,160.6,15.16,4.53
2023-02-18 09:00:00+02:00,479.12,427.71,241.81,17.8,5.3
2023-02-18 10:00:00+02:00,558.97,213.94,367.11,19.39,5.18
2023-02-18 11:00:00+02:00,606.67,130.19,442.77,20.5,5.14
2023-02-18 12:00:00+02:00,717.92,581.42,273.43,21.11,5.22
2023-02-18 13:00:00+02:00,636.28,310.99,404.23,21.16,5.51
2023-02-18 14:00:00+02:00,551.62,515.57,262.62,20.63,5.86
2023-02-18 15:00:00+02:00,378.75,454.43,185.03,19.46,6.04
2023-02-18 16:00:00+02:00,181.95,345.06,92.95,17.47,5.59
2023-02-18 17:00:00+02:00,21.4,42.89,21.35,13.88,4.34
2023-02-18 18:00:00+02:00,0.0,0.0,0.0,12.23,4.67
2023-02-18 19:00:00+02:00,0.0,0.0,0.0,11.11,4.36
2023-02-18 20:00:00+02:00,0.0,0.0,0.0,10.11,3.79
2023-02-18 21:00:00+02:00,0.0,0.0,0.0,9.31,3.42
2023-02-18 22:00:00+02:00,0.0,0.0,0.0,8.68,3.24
2023-02-18 23:00:00+02:00,0.0,0.0,0.0,8.2,3.18
2023-02-19 00:00:00+02:00,0.0,0.0,0.0,7.88,3.24
2023-02-19 01:00:00+02:00,0.0,0.0,0.0,7.67,3.3
2023-02-19 02:00:00+02:00,0.0,0.0,0.0,7.42,3.31
2023-02-19 03:00:00+02:00,0.0,0.0,0.0,7.1,3.27
2023-02-19 04:00:00+02:00,0.0,0.0,0.0,6.8,3.23
2023-02-19 05:00:00+02:00,0.0,0.0,0.0,6.54,3.15
2023-02-19 06:00:00+02:00,6.28,11.43,9.12,6.82,3.0
2023-02-19 07:00:00+02:00,111.03,232.15,71.78,11.07,3.35
2023-02-19 08:00:00+02:00,280.38,252.95,183.81,14.65,4.67
2023-02-19 09:00:00+02:00,446.95,245.55,300.34,17.3,5.06
2023-02-19 10:00:00+02:00,533.05,76.65,430.44,19.29,4.99
2023-02-19 11:00:00+02:00,673.42,225.6,465.32,20.7,5.01
2023-02-19 12:00:00+02:00,778.4,793.15,186.45,21.52,5.1
2023-02-19 13:00:00+02:00,724.85,810.73,156.68,21.77,5.25
2023-02-19 14:00:00+02:00,596.22,763.27,139.56,21.37,5.41
2023-02-19 15:00:00+02:00,402.35,583.02,137.42,20.31,5.43
2023-02-19 16:00:00+02:00,187.48,346.49,91.91,18.27,4.66
2023-02-19 17:00:00+02:00,21.33,21.93,20.03,14.25,3.64
2023-02-19 18:00:00+02:00,0.0,0.0,0.0,12.92,4.46
2023-02-19 19:00:00+02:00,0.0,0.0,0.0,11.86,4.33
2023-02-19 20:00:00+02:00,0.0,0.0,0.0,10.73,3.69
2023-02-19 21:00:00+02:00,0.0,0.0,0.0,9.79,3.25
2023-02-19 22:00:00+02:00,0.0,0.0,0.0,9.07,3.05
2023-02-19 23:00:00+02:00,0.0,0.0,0.0,8.53,2.98
2023-02-20 00:00:00+02:00,0.0,0.0,0.0,8.18,3.0
2023-02-20 01:00:00+02:00,0.0,0.0,0.0,7.97,3.09
2023-02-20 02:00:00+02:00,0.0,0.0,0.0,7.84,3.19
2023-02-20 03:00:00+02:00,0.0,0.0,0.0,7.74,3.27
2023-02-20 04:00:00+02:00,0.0,0.0,0.0,7.62,3.32
2023-02-20 05:00:00+02:00,0.0,0.0,0.0,7.43,3.33
2023-02-20 06:00:00+02:00,7.65,1.86,9.79,7.83,3.27
2023-02-20 07:00:00+02:00,103.57,27.72,90.96,11.4,4.4
2023-02-20 08:00:00+02:00,258.85,64.13,218.03,14.73,4.98
2023-02-20 09:00:00+02:00,419.02,140.79,329.5,17.12,5.03
2023-02-20 10:00:00+02:00,505.75,90.21,396.58,18.97,4.93
2023-02-20 11:00:00+02:00,587.53,113.15,463.97,20.35,5.09
2023-02-20 12:00:00+02:00,597.08,119.63,473.41,21.18,5.35
2023-02-20 13:00:00+02:00,520.2,647.8,146.81,21.43,5.64
2023-02-20 14:00:00+02:00,459.95,119.28,337.63,20.97,5.95
2023-02-20 15:00:00+02:00,317.5,189.81,232.92,19.78,6.16
2023-02-20 16:00:00+02:00,156.45,208.74,108.9,17.64,5.7
2023-02-20 17:00:00+02:00,21.9,39.38,22.49,13.9,3.88
2023-02-20 18:00:00+02:00,0.0,0.0,0.0,12.03,3.5
2023-02-20 19:00:00+02:00,0.0,0.0,0.0,11.08,3.13
2023-02-20 20:00:00+02:00,0.0,0.0,0.0,10.47,2.95
2023-02-20 21:00:00+02:00,0.0,0.0,0.0,10.43,2.89
2023-02-20 22:00:00+02:00,0.0,0.0,0.0,11.09,2.7
2023-02-20 23:00:00+02:00,0.0,0.0,0.0,11.15,2.61
2023-02-21 00:00:00+02:00,0.0,0.0,0.0,10.67,2.55
2023-02-21 01:00:00+02:00,0.0,0.0,0.0,10.3,2.48
2023-02-21 02:00:00+02:00,0.0,0.0,0.0,10.05,2.39
2023-02-21 03:00:00+02:00,0.0,0.0,0.0,9.88,2.3
2023-02-21 04:00:00+02:00,0.0,0.0,0.0,9.73,2.18
2023-02-21 05:00:00+02:00,0.0,0.0,0.0,9.91,1.91
2023-02-21 06:00:00+02:00,4.85,13.12,5.76,10.37,1.49
2023-02-21 07:00:00+02:00,105.05,111.87,82.68,13.11,1.21
2023-02-21 08:00:00+02:00,284.67,171.17,223.21,15.99,2.12
2023-02-21 09:00:00+02:00,501.12,402.38,316.48,17.75,2.17
2023-02-21 10:00:00+02:00,660.5,642.01,229.18,19.4,2.04
2023-02-21 11:00:00+02:00,704.33,483.1,313.84,20.68,2.17
2023-02-21 12:00:00+02:00,648.08,273.68,395.86,21.54,2.47
2023-02-21 13:00:00+02:00,506.17,613.69,147.51,22.02,2.73
2023-02-21 14:00:00+02:00,405.9,282.7,239.04,21.99,2.95
2023-02-21 15:00:00+02:00,269.55,294.03,154.08,21.4,3.13
2023-02-21 16:00:00+02:00,133.3,249.99,72.17,19.62,2.6
2023-02-21 17:00:00+02:00,20.3,80.55,18.33,15.35,2.83
2023-02-21 18:00:00+02:00,0.0,0.0,0.0,13.79,3.23
2023-02-21 19:00:00+02:00,0.0,0.0,0.0,12.77,3.34
2023-02-21 20:00:00+02:00,0.0,0.0,0.0,11.73,3.11
2023-02-21 21:00:00+02:00,0.0,0.0,0.0,10.74,2.75
2023-02-21 22:00:00+02:00,0.0,0.0,0.0,9.95,2.52
2023-02-21 23:00:00+02:00,0.0,0.0,0.0,9.68,2.15
2023-02-22 00:00:00+02:00,0.0,0.0,0.0,9.96,1.7
2023-02-22 01:00:00+02:00,0.0,0.0,0.0,10.03,1.29
2023-02-22 02:00:00+02:00,0.0,0.0,0.0,10.14,1.01
2023-02-22 03:00:00+02:00,0.0,0.0,0.0,10.16,0.91
2023-02-22 04:00:00+02:00,0.0,0.0,0.0,9.82,0.96
2023-02-22 05:00:00+02:00,0.0,0.0,0.0,9.19,1.07
2023-02-22 06:00:00+02:00,10.5,43.79,11.67,8.96,1.15
2023-02-22 07:00:00+02:00,139.98,324.75,74.49,11.47,1.29
2023-02-22 08:00:00+02:00,319.23,396.43,168.14,14.81,2.19
2023-02-22 09:00:00+02:00,477.73,425.55,256.65,17.5,2.61
2023-02-22 10:00:00+02:00,645.8,523.6,298.1,19.2,2.59
2023-02-22 11:00:00+02:00,542.9,127.28,381.47,20.48,2.75
2023-02-22 12:00:00+02:00,497.27,575.07,168.53,21.37,2.95
2023-02-22 13:00:00+02:00,449.2,109.49,360.91,21.84,3.22
2023-02-22 14:00:00+02:00,318.8,52.46,255.63,21.82,3.51
2023-02-22 15:00:00+02:00,202.4,30.84,166.9,21.22,3.77
2023-02-22 16:00:00+02:00,97.07,23.19,81.89,19.54,3.19
2023-02-22 17:00:00+02:00,10.9,7.57,11.89,15.49,2.96
2023-02-22 18:00:00+02:00,0.0,0.0,0.0,14.11,3.36
2023-02-22 19:00:00+02:00,0.0,0.0,0.0,12.59,3.29
2023-02-22 20:00:00+02:00,0.0,0.0,0.0,11.23,2.83
2023-02-22 21:00:00+02:00,0.0,0.0,0.0,10.22,2.45
2023-02-22 22:00:00+02:00,0.0,0.0,0.0,9.68,2.12
2023-02-22 23:00:00+02:00,0.0,0.0,0.0,9.94,1.51
2023-02-23 00:00:00+02:00,0.0,0.0,0.0,10.44,0.73
2023-02-23 01:00:00+02:00,0.0,0.0,0.0,10.47,0.15
2023-02-23 02:00:00+02:00,0.0,0.0,0.0,9.69,0.76
2023-02-23 03:00:00+02:00,0.0,0.0,0.0,8.92,1.2
2023-02-23 04:00:00+02:00,0.0,0.0,0.0,8.51,1.47
2023-02-23 05:00:00+02:00,0.0,0.0,0.0,8.72,1.43
2023-02-23 06:00:00+02:00,8.27,30.06,9.79,9.17,1.47
2023-02-23 07:00:00+02:00,137.88,341.64,66.3,11.73,1.86
2023-02-23 08:00:00+02:00,336.95,528.74,129.23,14.84,1.77
2023-02-23 09:00:00+02:00,548.55,613.82,207.96,17.45,2.58
2023-02-23 10:00:00+02:00,700.12,754.65,199.61,18.98,2.83
2023-02-23 11:00:00+02:00,720.0,446.66,362.29,20.3,3.03
2023-02-23 12:00:00+02:00,630.22,652.39,174.85,21.28,3.23
2023-02-23 13:00:00+02:00,511.88,121.57,365.26,21.81,3.42
2023-02-23 14:00:00+02:00,299.38,25.97,248.68,21.8,3.59
2023-02-23 15:00:00+02:00,201.93,28.03,170.84,21.17,3.74
2023-02-23 16:00:00+02:00,102.57,21.77,85.73,19.55,3.05
2023-02-23 17:00:00+02:00,14.82,11.24,16.34,16.31,2.64
2023-02-23 18:00:00+02:00,0.0,0.0,0.0,15.2,3.0
2023-02-23 19:00:00+02:00,0.0,0.0,0.0,14.13,3.24
2023-02-23 20:00:00+02:00,0.0,0.0,0.0,12.6,2.91
2023-02-23 21:00:00+02:00,0.0,0.0,0.0,11.01,2.53
2023-02-23 22:00:00+02:00,0.0,0.0,0.0,10.23,2.3
2023-02-23 23:00:00+02:00,0.0,0.0,0.0,10.3,1.86
2023-02-24 00:00:00+02:00,0.0,0.0,0.0,10.74,1.46
2023-02-24 01:00:00+02:00,0.0,0.0,0.0,10.86,1.26
2023-02-24 02:00:00+02:00,0.0,0.0,0.0,10.76,1.15
2023-02-24 03:00:00+02:00,0.0,0.0,0.0,10.49,1.11
2023-02-24 04:00:00+02:00,0.0,0.0,0.0,9.8,1.12
2023-02-24 05:00:00+02:00,0.0,0.0,0.0,9.85,0.95
2023-02-24 06:00:00+02:00,11.1,24.64,13.21,10.3,0.76
2023-02-24 07:00:00+02:00,154.93,393.1,70.32,12.0,0.97
2023-02-24 08:00:00+02:00,367.62,606.38,121.45,15.82,2.33
2023-02-24 09:00:00+02:00,560.88,735.23,144.97,18.44,3.11
2023-02-24 10:00:00+02:00,696.83,780.63,171.82,20.09,3.28
2023-02-24 11:00:00+02:00,774.53,736.09,225.56,21.2,3.41
2023-02-24 12:00:00+02:00,655.28,747.46,140.72,21.83,3.54
2023-02-24 13:00:00+02:00,407.58,442.32,189.86,22.03,3.72
2023-02-24 14:00:00+02:00,330.1,83.24,246.6,21.77,3.92
2023-02-24 15:00:00+02:00,227.0,267.75,133.04,20.92,4.15
2023-02-24 16:00:00+02:00,117.72,178.38,69.02,19.28,3.91
2023-02-24 17:00:00+02:00,20.8,64.72,20.55,16.32,3.23
2023-02-24 18:00:00+02:00,0.0,0.0,0.0,15.3,4.1
2023-02-24 19:00:00+02:00,0.0,0.0,0.0,14.25,3.81
2023-02-24 20:00:00+02:00,0.0,0.0,0.0,13.0,2.76
2023-02-24 21:00:00+02:00,0.0,0.0,0.0,12.28,2.37
2023-02-24 22:00:00+02:00,0.0,0.0,0.0,12.13,1.98
2023-02-24 23:00:00+02:00,0.0,0.0,0.0,12.45,1.39
2023-02-25 00:00:00+02:00,0.0,0.0,0.0,12.17,1.07
2023-02-25 01:00:00+02:00,0.0,0.0,0.0,11.62,1.22
2023-02-25 02:00:00+02:00,0.0,0.0,0.0,10.75,1.55
2023-02-25 03:00:00+02:00,0.0,0.0,0.0,9.74,1.94
2023-02-25 04:00:00+02:00,0.0,0.0,0.0,8.96,2.23
2023-02-25 05:00:00+02:00,0.0,0.0,0.0,8.51,2.39
2023-02-25 06:00:00+02:00,12.52,41.24,12.79,8.85,2.37
2023-02-25 07:00:00+02:00,168.68,481.35,60.93,12.56,2.79
2023-02-25 08:00:00+02:00,386.3,691.22,98.72,16.18,1.77
2023-02-25 09:00:00+02:00,572.58,770.53,131.82,19.65,0.76
2023-02-25 10:00:00+02:00,717.12,836.02,137.83,21.52,0.59
2023-02-25 11:00:00+02:00,736.7,519.5,326.52,22.75,0.44
2023-02-25 12:00:00+02:00,712.4,325.24,423.39,23.65,0.47
2023-02-25 13:00:00+02:00,601.4,683.63,147.1,24.12,0.64
2023-02-25 14:00:00+02:00,537.83,378.82,288.37,24.14,0.77
2023-02-25 15:00:00+02:00,368.9,365.93,194.31,23.65,0.89
2023-02-25 16:00:00+02:00,180.98,342.78,96.11,22.37,0.86
2023-02-25 17:00:00+02:00,28.05,80.31,24.17,19.31,1.76
2023-02-25 18:00:00+02:00,0.0,0.0,0.0,16.6,2.94
2023-02-25 19:00:00+02:00,0.0,0.0,0.0,14.79,3.24
2023-02-25 20:00:00+02:00,0.0,0.0,0.0,13.42,3.32
2023-02-25 21:00:00+02:00,0.0,0.0,0.0,12.4,3.14
2023-02-25 22:00:00+02:00,0.0,0.0,0.0,11.46,2.79
2023-02-25 23:00:00+02:00,0.0,0.0,0.0,10.72,2.67
2023-02-26 00:00:00+02:00,0.0,0.0,0.0,10.17,2.69
2023-02-26 01:00:00+02:00,0.0,0.0,0.0,9.69,2.72
2023-02-26 02:00:00+02:00,0.0,0.0,0.0,9.27,2.76
2023-02-26 03:00:00+02:00,0.0,0.0,0.0,8.9,2.81
2023-02-26 04:00:00+02:00,0.0,0.0,0.0,8.56,2.84
2023-02-26 05:00:00+02:00,0.0,0.0,0.0,8.24,2.82
2023-02-26 06:00:00+02:00,12.55,33.57,12.37,8.72,2.58
2023-02-26 07:00:00+02:00,162.3,407.12,68.94,12.47,2.99
2023-02-26 08:00:00+02:00,377.6,605.26,128.58,16.27,2.91
2023-02-26 09:00:00+02:00,574.4,703.73,169.64,19.46,3.72
2023-02-26 10:00:00+02:00,721.97,804.36,161.25,21.44,3.78
2023-02-26 11:00:00+02:00,791.42,753.52,206.77,22.74,3.74
2023-02-26 12:00:00+02:00,796.0,732.22,241.44,23.49,3.69
2023-02-26 13:00:00+02:00,738.3,768.27,183.4,23.75,3.76
2023-02-26 14:00:00+02:00,610.38,744.57,147.08,23.5,4.11
2023-02-26 15:00:00+02:00,431.0,672.36,117.5,22.57,4.51
2023-02-26 16:00:00+02:00,216.5,493.68,81.68,20.67,4.18
2023-02-26 17:00:00+02:00,31.6,87.54,25.01,16.36,3.16
2023-02-26 18:00:00+02:00,0.0,0.0,0.0,14.63,3.59
2023-02-26 19:00:00+02:00,0.0,0.0,0.0,13.61,3.69
2023-02-26 20:00:00+02:00,0.0,0.0,0.0,12.43,3.21
2023-02-26 21:00:00+02:00,0.0,0.0,0.0,11.38,2.82
2023-02-26 22:00:00+02:00,0.0,0.0,0.0,10.63,2.73
2023-02-26 23:00:00+02:00,0.0,0.0,0.0,10.11,2.79
2023-02-27 00:00:00+02:00,0.0,0.0,0.0,9.68,2.87
2023-02-27 01:00:00+02:00,0.0,0.0,0.0,9.27,2.93
2023-02-27 02:00:00+02:00,0.0,0.0,0.0,8.91,2.97
2023-02-27 03:00:00+02:00,0.0,0.0,0.0,8.69,2.98
2023-02-27 04:00:00+02:00,0.0,0.0,0.0,8.41,3.0
2023-02-27 05:00:00+02:00,0.0,0.0,0.0,8.25,2.93
2023-02-27 06:00:00+02:00,13.98,16.95,15.25,8.95,2.69
2023-02-27 07:00:00+02:00,171.23,382.85,80.63,13.08,3.45
2023-02-27 08:00:00+02:00,385.88,596.2,125.3,16.5,4.82
2023-02-27 09:00:00+02:00,586.05,746.18,139.79,19.66,5.48
2023-02-27 10:00:00+02:00,731.62,810.61,154.1,22.25,5.54
2023-02-27 11:00:00+02:00,800.83,784.74,183.69,24.29,5.22
2023-02-27 12:00:00+02:00,807.7,779.94,183.65,25.73,4.83
2023-02-27 13:00:00+02:00,743.12,756.62,176.94,26.51,4.55
2023-02-27 14:00:00+02:00,610.62,693.76,167.18,26.57,4.42
2023-02-27 15:00:00+02:00,426.38,584.99,143.62,25.83,4.35
2023-02-27 16:00:00+02:00,214.77,385.69,98.51,23.32,3.14
2023-02-27 17:00:00+02:00,31.83,34.5,28.61,18.5,3.33
2023-02-27 18:00:00+02:00,0.0,0.0,0.0,16.68,3.79
2023-02-27 19:00:00+02:00,0.0,0.0,0.0,15.34,3.9
2023-02-27 20:00:00+02:00,0.0,0.0,0.0,13.87,3.48
2023-02-27 21:00:00+02:00,0.0,0.0,0.0,12.72,3.03
2023-02-27 22:00:00+02:00,0.0,0.0,0.0,11.93,2.79
2023-02-27 23:00:00+02:00,0.0,0.0,0.0,11.3,2.72
2023-02-28 00:00:00+02:00,0.0,0.0,0.0,10.77,2.59
2023-02-28 01:00:00+02:00,0.0,0.0,0.0,10.42,2.34
2023-02-28 02:00:00+02:00,0.0,0.0,0.0,10.35,2.05
2023-02-28 03:00:00+02:00,0.0,0.0,0.0,10.39,1.79
2023-02-28 04:00:00+02:00,0.0,0.0,0.0,10.38,1.61
2023-02-28 05:00:00+02:00,0.0,0.0,0.0,10.29,1.4
2023-02-28 06:00:00+02:00,7.55,0.0,8.97,10.64,1.23
2023-02-28 07:00:00+02:00,81.62,7.01,70.38,13.71,1.41
2023-02-28 08:00:00+02:00,217.62,15.93,187.02,17.02,1.51
2023-02-28 09:00:00+02:00,340.25,17.23,293.19,21.46,0.91
2023-02-28 10:00:00+02:00,622.6,316.57,352.56,25.52,1.01
2023-02-28 11:00:00+02:00,808.95,758.58,203.35,29.55,1.63
2023-02-28 12:00:00+02:00,819.7,757.71,205.11,31.41,1.64
2023-02-28 13:00:00+02:00,752.03,726.5,199.52,31.65,1.45
2023-02-28 14:00:00+02:00,616.0,654.19,189.92,31.3,1.57
2023-02-28 15:00:00+02:00,426.38,529.48,164.23,30.23,1.84
2023-02-28 16:00:00+02:00,210.77,328.64,106.24,26.3,2.0
2023-02-28 17:00:00+02:00,31.62,17.33,30.82,21.28,3.19
2023-02-28 18:00:00+02:00,0.0,0.0,0.0,18.75,3.74
2023-02-28 19:00:00+02:00,0.0,0.0,0.0,17.12,3.61
2023-02-28 20:00:00+02:00,0.0,0.0,0.0,15.76,3.38
2023-02-28 21:00:00+02:00,0.0,0.0,0.0,14.78,3.2
2023-02-28 22:00:00+02:00,0.0,0.0,0.0,14.13,3.04
2023-02-28 23:00:00+02:00,0.0,0.0,0.0,13.87,2.92
2023-03-01 00:00:00+02:00,0.0,0.0,0.0,13.98,2.81
2023-03-01 01:00:00+02:00,0.0,0.0,0.0,14.27,2.68
2023-03-01 02:00:00+02:00,0.0,0.0,0.0,14.59,2.52
2023-03-01 03:00:00+02:00,0.0,0.0,0.0,14.89,2.36
2023-03-01 04:00:00+02:00,0.0,0.0,0.0,14.88,2.27
2023-03-01 05:00:00+02:00,0.0,0.0,0.0,14.7,2.19
2023-03-01 06:00:00+02:00,15.35,4.59,16.14,14.88,2.04
2023-03-01 07:00:00+02:00,174.02,330.21,85.57,17.36,1.6
2023-03-01 08:00:00+02:00,386.55,521.35,153.61,20.63,1.75
2023-03-01 09:00:00+02:00,590.78,697.73,163.29,24.18,1.26
2023-03-01 10:00:00+02:00,740.15,776.62,175.49,28.67,1.14
2023-03-01 11:00:00+02:00,813.33,760.95,200.59,30.88,1.34
2023-03-01 12:00:00+02:00,821.45,764.19,201.44,31.55,1.42
2023-03-01 13:00:00+02:00,754.1,737.63,194.78,31.76,1.36
2023-03-01 14:00:00+02:00,618.88,662.48,189.74,31.47,1.33
2023-03-01 15:00:00+02:00,430.02,540.56,164.02,30.59,1.22
2023-03-01 16:00:00+02:00,217.25,347.35,108.42,28.31,0.81
2023-03-01 17:00:00+02:00,33.42,27.4,28.6,26.15,1.16
2023-03-01 18:00:00+02:00,0.0,0.0,0.0,23.18,1.85
2023-03-01 19:00:00+02:00,0.0,0.0,0.0,20.91,2.36
2023-03-01 20:00:00+02:00,0.0,0.0,0.0,18.78,2.61
2023-03-01 21:00:00+02:00,0.0,0.0,0.0,17.29,2.79
2023-03-01 22:00:00+02:00,0.0,0.0,0.0,16.38,2.98
2023-03-01 23:00:00+02:00,0.0,0.0,0.0,15.73,3.18
2023-03-02 00:00:00+02:00,0.0,0.0,0.0,15.18,3.4
2023-03-02 01:00:00+02:00,0.0,0.0,0.0,14.66,3.55
2023-03-02 02:00:00+02:00,0.0,0.0,0.0,14.19,3.65
2023-03-02 03:00:00+02:00,0.0,0.0,0.0,13.78,3.77
2023-03-02 04:00:00+02:00,0.0,0.0,0.0,13.51,3.92
2023-03-02 05:00:00+02:00,0.0,0.0,0.0,13.46,4.06
2023-03-02 06:00:00+02:00,16.0,1.76,15.93,14.29,4.04
2023-03-02 07:00:00+02:00,171.27,268.45,96.51,19.06,4.4
2023-03-02 08:00:00+02:00,376.23,432.21,177.67,23.08,5.48
2023-03-02 09:00:00+02:00,575.17,579.05,207.06,26.58,4.89
2023-03-02 10:00:00+02:00,720.12,642.88,236.85,30.57,5.4
2023-03-02 11:00:00+02:00,819.28,770.18,197.26,32.66,5.11
2023-03-02 12:00:00+02:00,823.97,755.3,204.99,33.89,5.22
2023-03-02 13:00:00+02:00,755.05,714.25,203.45,34.3,5.66
2023-03-02 14:00:00+02:00,610.78,596.32,212.58,33.87,6.15
2023-03-02 15:00:00+02:00,416.48,438.06,196.36,32.55,5.78
2023-03-02 16:00:00+02:00,206.02,226.33,131.32,28.18,3.61
2023-03-02 17:00:00+02:00,32.95,6.22,32.59,22.91,3.9
2023-03-02 18:00:00+02:00,0.0,0.0,0.0,20.99,4.35
2023-03-02 19:00:00+02:00,0.0,0.0,0.0,19.89,4.74
2023-03-02 20:00:00+02:00,0.0,0.0,0.0,18.73,4.98
2023-03-02 21:00:00+02:00,0.0,0.0,0.0,17.57,5.0
2023-03-02 22:00:00+02:00,0.0,0.0,0.0,16.59,5.05
2023-03-02 23:00:00+02:00,0.0,0.0,0.0,15.68,4.99
2023-03-03 00:00:00+02:00,0.0,0.0,0.0,14.94,5.09
2023-03-03 01:00:00+02:00,0.0,0.0,0.0,14.16,5.21
2023-03-03 02:00:00+02:00,0.0,0.0,0.0,13.4,5.1
2023-03-03 03:00:00+02:00,0.0,0.0,0.0,12.86,4.63
2023-03-03 04:00:00+02:00,0.0,0.0,0.0,12.38,3.99
2023-03-03 05:00:00+02:00,0.0,0.0,0.0,12.15,3.45
2023-03-03 06:00:00+02:00,15.98,1.54,19.85,12.43,3.01
2023-03-03 07:00:00+02:00,145.02,114.0,114.11,15.89,3.79
2023-03-03 08:00:00+02:00,316.67,195.29,230.09,19.13,2.97
2023-03-03 09:00:00+02:00,482.52,185.83,333.7,22.73,2.83
2023-03-03 10:00:00+02:00,757.42,805.53,164.95,25.67,3.13
2023-03-03 11:00:00+02:00,825.33,764.12,206.66,27.31,3.61
2023-03-03 12:00:00+02:00,834.05,794.13,190.84,28.27,4.23
2023-03-03 13:00:00+02:00,766.83,759.87,191.73,28.69,4.79
2023-03-03 14:00:00+02:00,629.92,691.7,179.91,28.46,5.22
2023-03-03 15:00:00+02:00,440.4,577.25,151.94,27.62,5.19
2023-03-03 16:00:00+02:00,227.7,398.03,106.38,25.14,3.55
2023-03-03 17:00:00+02:00,36.95,41.97,31.2,20.9,3.28
2023-03-03 18:00:00+02:00,0.0,0.0,0.0,19.27,3.77
2023-03-03 19:00:00+02:00,0.0,0.0,0.0,17.97,3.8
2023-03-03 20:00:00+02:00,0.0,0.0,0.0,16.66,3.36
2023-03-03 21:00:00+02:00,0.0,0.0,0.0,15.5,3.02
2023-03-03 22:00:00+02:00,0.0,0.0,0.0,14.77,2.75
2023-03-03 23:00:00+02:00,0.0,0.0,0.0,14.33,2.4
2023-03-04 00:00:00+02:00,0.0,0.0,0.0,14.0,2.07
2023-03-04 01:00:00+02:00,0.0,0.0,0.0,13.56,1.85
2023-03-04 02:00:00+02:00,0.0,0.0,0.0,13.0,1.8
2023-03-04 03:00:00+02:00,0.0,0.0,0.0,12.23,1.97
2023-03-04 04:00:00+02:00,0.0,0.0,0.0,11.46,2.21
2023-03-04 05:00:00+02:00,0.0,0.0,0.0,10.85,2.49
2023-03-04 06:00:00+02:00,18.08,16.24,21.57,11.36,2.59
2023-03-04 07:00:00+02:00,181.18,318.75,99.26,15.33,3.65
2023-03-04 08:00:00+02:00,399.5,546.15,154.17,18.9,3.68
2023-03-04 09:00:00+02:00,610.53,738.59,151.23,22.41,3.69
2023-03-04 10:00:00+02:00,757.9,792.86,172.24,24.83,3.17
2023-03-04 11:00:00+02:00,842.03,839.53,169.56,26.76,2.49
2023-03-04 12:00:00+02:00,850.45,844.28,165.64,28.27,1.89
2023-03-04 13:00:00+02:00,780.17,812.2,162.35,29.14,1.44
2023-03-04 14:00:00+02:00,645.4,740.13,161.92,29.3,1.03
2023-03-04 15:00:00+02:00,454.27,617.23,147.64,28.81,0.77
2023-03-04 16:00:00+02:00,236.15,432.32,102.39,26.97,0.83
2023-03-04 17:00:00+02:00,39.88,58.08,32.56,22.58,2.23
2023-03-04 18:00:00+02:00,0.0,0.0,0.0,19.49,3.19
2023-03-04 19:00:00+02:00,0.0,0.0,0.0,17.99,3.62
2023-03-04 20:00:00+02:00,0.0,0.0,0.0,16.71,3.67
2023-03-04 21:00:00+02:00,0.0,0.0,0.0,15.62,3.71
2023-03-04 22:00:00+02:00,0.0,0.0,0.0,14.82,3.67
2023-03-04 23:00:00+02:00,0.0,0.0,0.0,14.27,3.51
2023-03-05 00:00:00+02:00,0.0,0.0,0.0,14.02,3.5
2023-03-05 01:00:00+02:00,0.0,0.0,0.0,14.0,3.48
2023-03-05 02:00:00+02:00,0.0,0.0,0.0,14.1,3.46
2023-03-05 03:00:00+02:00,0.0,0.0,0.0,14.23,3.73
2023-03-05 04:00:00+02:00,0.0,0.0,0.0,14.68,4.16
2023-03-05 05:00:00+02:00,0.0,0.0,0.0,15.0,4.29
2023-03-05 06:00:00+02:00,20.88,9.93,20.26,15.83,4.64
2023-03-05 07:00:00+02:00,194.95,363.84,92.99,18.88,6.18
2023-03-05 08:00:00+02:00,408.6,551.04,152.87,21.39,5.75
2023-03-05 09:00:00+02:00,607.35,684.36,171.99,25.49,6.61
2023-03-05 10:00:00+02:00,755.55,749.38,187.67,28.66,8.2
2023-03-05 11:00:00+02:00,794.67,612.43,280.72,30.73,9.23
2023-03-05 12:00:00+02:00,824.55,681.06,248.21,32.44,9.66
2023-03-05 13:00:00+02:00,758.8,661.17,240.07,33.34,9.81
2023-03-05 14:00:00+02:00,629.88,623.73,207.91,33.48,9.82
2023-03-05 15:00:00+02:00,442.95,521.94,175.43,32.58,8.58
2023-03-05 16:00:00+02:00,230.07,357.57,113.97,29.38,6.2
2023-03-05 17:00:00+02:00,39.38,31.26,34.17,24.36,5.99
2023-03-05 18:00:00+02:00,0.0,0.0,0.0,21.16,7.08
2023-03-05 19:00:00+02:00,0.0,0.0,0.0,18.6,6.47
2023-03-05 20:00:00+02:00,0.0,0.0,0.0,17.11,5.01
2023-03-05 21:00:00+02:00,0.0,0.0,0.0,15.94,3.69
2023-03-05 22:00:00+02:00,0.0,0.0,0.0,14.74,2.7
2023-03-05 23:00:00+02:00,0.0,0.0,0.0,13.59,2.24
2023-03-06 00:00:00+02:00,0.0,0.0,0.0,12.77,2.11
2023-03-06 01:00:00+02:00,0.0,0.0,0.0,12.13,2.08
2023-03-06 02:00:00+02:00,0.0,0.0,0.0,11.57,2.18
2023-03-06 03:00:00+02:00,0.0,0.0,0.0,11.11,2.24
2023-03-06 04:00:00+02:00,0.0,0.0,0.0,10.71,2.27
2023-03-06 05:00:00+02:00,0.0,0.0,0.0,10.28,2.32
2023-03-06 06:00:00+02:00,22.83,44.85,21.7,11.05,2.37
2023-03-06 07:00:00+02:00,197.57,417.26,86.2,14.21,3.35
2023-03-06 08:00:00+02:00,407.05,579.83,139.38,17.69,3.7
2023-03-06 09:00:00+02:00,599.12,712.16,160.85,19.79,4.08
2023-03-06 10:00:00+02:00,725.4,703.49,205.98,21.69,4.96
2023-03-06 11:00:00+02:00,802.65,688.77,258.93,23.25,5.49
2023-03-06 12:00:00+02:00,804.75,843.32,143.51,24.31,5.79
2023-03-06 13:00:00+02:00,718.47,620.5,246.3,24.68,6.34
2023-03-06 14:00:00+02:00,563.5,514.64,225.61,24.69,6.56
2023-03-06 15:00:00+02:00,421.65,548.98,169.3,23.96,6.73
2023-03-06 16:00:00+02:00,229.82,464.77,102.36,22.27,6.51
2023-03-06 17:00:00+02:00,45.4,158.94,33.16,19.07,5.28
2023-03-06 18:00:00+02:00,0.0,0.0,0.0,16.74,5.07
2023-03-06 19:00:00+02:00,0.0,0.0,0.0,15.31,4.29
2023-03-06 20:00:00+02:00,0.0,0.0,0.0,14.01,3.17
2023-03-06 21:00:00+02:00,0.0,0.0,0.0,12.8,2.71
2023-03-06 22:00:00+02:00,0.0,0.0,0.0,11.94,2.58
2023-03-06 23:00:00+02:00,0.0,0.0,0.0,11.26,2.55
2023-03-07 00:00:00+02:00,0.0,0.0,0.0,10.76,2.49
2023-03-07 01:00:00+02:00,0.0,0.0,0.0,10.41,2.41
2023-03-07 02:00:00+02:00,0.0,0.0,0.0,10.27,2.32
2023-03-07 03:00:00+02:00,0.0,0.0,0.0,10.38,2.21
2023-03-07 04:00:00+02:00,0.0,0.0,0.0,10.38,2.16
2023-03-07 05:00:00+02:00,0.0,0.0,0.0,10.41,2.13
2023-03-07 06:00:00+02:00,26.92,115.12,23.74,11.25,2.01
2023-03-07 07:00:00+02:00,176.15,217.27,117.94,14.09,2.52
2023-03-07 08:00:00+02:00,344.1,224.16,236.33,16.91,3.33
2023-03-07 09:00:00+02:00,493.95,206.45,390.94,19.32,3.73
2023-03-07 10:00:00+02:00,604.7,393.57,432.02,20.97,3.95
2023-03-07 11:00:00+02:00,654.67,148.88,452.97,22.36,4.04
2023-03-07 12:00:00+02:00,679.47,304.19,419.78,23.17,4.13
2023-03-07 13:00:00+02:00,602.5,656.02,173.41,23.46,4.21
2023-03-07 14:00:00+02:00,489.08,139.16,347.96,23.24,4.45
2023-03-07 15:00:00+02:00,297.23,306.02,171.85,22.38,4.81
2023-03-07 16:00:00+02:00,166.95,195.67,111.02,20.83,5.22
2023-03-07 17:00:00+02:00,36.08,63.62,33.26,17.9,4.93
2023-03-07 18:00:00+02:00,0.0,0.0,0.0,16.1,5.83
2023-03-07 19:00:00+02:00,0.0,0.0,0.0,15.04,5.34
2023-03-07 20:00:00+02:00,0.0,0.0,0.0,14.32,4.29
2023-03-07 21:00:00+02:00,0.0,0.0,0.0,13.16,3.02
2023-03-07 22:00:00+02:00,0.0,0.0,0.0,12.08,2.61
2023-03-07 23:00:00+02:00,0.0,0.0,0.0,11.4,2.5
2023-03-08 00:00:00+02:00,0.0,0.0,0.0,10.83,2.51
2023-03-08 01:00:00+02:00,0.0,0.0,0.0,10.34,2.55
2023-03-08 02:00:00+02:00,0.0,0.0,0.0,9.9,2.55
2023-03-08 03:00:00+02:00,0.0,0.0,0.0,9.51,2.52
2023-03-08 04:00:00+02:00,0.0,0.0,0.0,9.18,2.45
2023-03-08 05:00:00+02:00,0.0,0.0,0.0,8.9,2.29
2023-03-08 06:00:00+02:00,27.3,86.08,22.17,9.71,1.9
2023-03-08 07:00:00+02:00,208.77,474.66,78.71,12.97,2.2
2023-03-08 08:00:00+02:00,423.23,637.9,122.6,16.38,2.43
2023-03-08 09:00:00+02:00,608.65,688.16,173.78,18.57,2.65
2023-03-08 10:00:00+02:00,749.05,683.15,225.64,20.29,2.98
2023-03-08 11:00:00+02:00,817.83,665.05,266.65,21.72,3.38
2023-03-08 12:00:00+02:00,830.97,692.88,248.78,22.78,3.82
2023-03-08 13:00:00+02:00,749.3,751.77,174.29,23.39,4.29
2023-03-08 14:00:00+02:00,633.83,683.87,188.73,23.45,4.66
2023-03-08 15:00:00+02:00,454.7,621.35,152.35,22.93,4.93
2023-03-08 16:00:00+02:00,244.0,489.14,99.12,21.59,4.61
2023-03-08 17:00:00+02:00,46.9,109.67,35.53,17.51,3.22
2023-03-08 18:00:00+02:00,0.0,0.0,0.0,15.19,3.51
2023-03-08 19:00:00+02:00,0.0,0.0,0.0,13.81,3.37
2023-03-08 20:00:00+02:00,0.0,0.0,0.0,12.54,2.89
2023-03-08 21:00:00+02:00,0.0,0.0,0.0,11.64,2.59
2023-03-08 22:00:00+02:00,0.0,0.0,0.0,11.06,2.4
2023-03-08 23:00:00+02:00,0.0,0.0,0.0,10.77,2.2
2023-03-09 00:00:00+02:00,0.0,0.0,0.0,10.67,2.05
2023-03-09 01:00:00+02:00,0.0,0.0,0.0,10.35,2.11
2023-03-09 02:00:00+02:00,0.0,0.0,0.0,9.67,2.37
2023-03-09 03:00:00+02:00,0.0,0.0,0.0,9.14,2.69
2023-03-09 04:00:00+02:00,0.0,0.0,0.0,8.92,2.92
2023-03-09 05:00:00+02:00,0.0,0.0,0.0,8.87,3.07
2023-03-09 06:00:00+02:00,26.77,28.29,27.8,10.24,3.25
2023-03-09 07:00:00+02:00,201.73,371.53,101.1,13.98,4.58
2023-03-09 08:00:00+02:00,412.2,595.46,139.55,17.87,3.6
2023-03-09 09:00:00+02:00,621.28,653.71,199.08,20.99,2.61
2023-03-09 10:00:00+02:00,765.85,743.14,203.3,23.1,2.45
2023-03-09 11:00:00+02:00,854.8,835.07,171.85,24.58,2.53
2023-03-09 12:00:00+02:00,861.62,843.44,168.52,25.43,2.64
2023-03-09 13:00:00+02:00,796.53,847.17,149.48,25.74,2.75
2023-03-09 14:00:00+02:00,663.85,800.75,135.51,25.48,3.01
2023-03-09 15:00:00+02:00,476.58,698.2,126.67,24.7,3.47
2023-03-09 16:00:00+02:00,257.55,528.25,92.19,23.12,3.69
2023-03-09 17:00:00+02:00,49.7,134.84,33.38,18.96,3.42
2023-03-09 18:00:00+02:00,0.0,0.0,0.0,17.21,4.41
2023-03-09 19:00:00+02:00,0.0,0.0,0.0,16.27,4.54
2023-03-09 20:00:00+02:00,0.0,0.0,0.0,15.21,4.18
2023-03-09 21:00:00+02:00,0.0,0.0,0.0,14.36,3.95
2023-03-09 22:00:00+02:00,0.0,0.0,0.0,13.63,3.86
2023-03-09 23:00:00+02:00,0.0,0.0,0.0,12.97,3.8
2023-03-10 00:00:00+02:00,0.0,0.0,0.0,12.37,3.72
2023-03-10 01:00:00+02:00,0.0,0.0,0.0,11.86,3.66
2023-03-10 02:00:00+02:00,0.0,0.0,0.0,11.44,3.62
2023-03-10 03:00:00+02:00,0.0,0.0,0.0,11.14,3.62
2023-03-10 04:00:00+02:00,0.0,0.0,0.0,10.93,3.66
2023-03-10 05:00:00+02:00,0.0,0.0,0.0,10.73,3.68
2023-03-10 06:00:00+02:00,33.38,88.14,26.93,11.8,3.57
2023-03-10 07:00:00+02:00,235.52,570.29,74.05,16.24,4.67
2023-03-10 08:00:00+02:00,463.0,738.47,109.19,19.54,4.26
2023-03-10 09:00:00+02:00,660.17,840.94,121.23,24.04,4.52
2023-03-10 10:00:00+02:00,803.08,892.38,127.45,26.08,4.22
2023-03-10 11:00:00+02:00,874.62,886.18,146.76,27.45,3.99
2023-03-10 12:00:00+02:00,879.3,884.82,148.38,28.23,3.83
2023-03-10 13:00:00+02:00,810.6,848.29,152.49,28.55,3.61
2023-03-10 14:00:00+02:00,674.08,801.98,139.59,28.41,3.25
2023-03-10 15:00:00+02:00,482.45,692.71,130.13,27.81,2.85
2023-03-10 16:00:00+02:00,257.1,498.07,96.96,25.85,1.9
2023-03-10 17:00:00+02:00,50.03,103.65,36.33,21.58,2.29
2023-03-10 18:00:00+02:00,0.0,0.0,0.0,18.62,3.02
2023-03-10 19:00:00+02:00,0.0,0.0,0.0,16.98,3.42
2023-03-10 20:00:00+02:00,0.0,0.0,0.0,15.85,3.44
2023-03-10 21:00:00+02:00,0.0,0.0,0.0,14.89,3.29
2023-03-10 22:00:00+02:00,0.0,0.0,0.0,14.31,2.97
2023-03-10 23:00:00+02:00,0.0,0.0,0.0,14.49,2.54
2023-03-11 00:00:00+02:00,0.0,0.0,0.0,14.99,2.03
2023-03-11 01:00:00+02:00,0.0,0.0,0.0,14.55,1.6
2023-03-11 02:00:00+02:00,0.0,0.0,0.0,14.11,1.55
2023-03-11 03:00:00+02:00,0.0,0.0,0.0,13.64,1.63
2023-03-11 04:00:00+02:00,0.0,0.0,0.0,12.9,1.76
2023-03-11 05:00:00+02:00,0.0,0.0,0.0,12.38,1.79
2023-03-11 06:00:00+02:00,30.4,43.47,27.76,12.56,1.74
2023-03-11 07:00:00+02:00,214.15,392.72,96.15,15.81,2.21
2023-03-11 08:00:00+02:00,424.12,592.22,139.29,19.14,2.47
2023-03-11 09:00:00+02:00,631.22,713.26,160.97,24.47,2.94
2023-03-11 10:00:00+02:00,784.3,804.91,168.65,26.8,3.06
2023-03-11 11:00:00+02:00,869.17,877.13,152.25,27.97,3.08
2023-03-11 12:00:00+02:00,876.0,882.99,144.22,28.52,2.85
2023-03-11 13:00:00+02:00,808.65,850.49,146.92,28.68,2.72
2023-03-11 14:00:00+02:00,674.2,810.92,135.03,28.38,2.94
2023-03-11 15:00:00+02:00,485.58,726.52,118.11,27.62,3.11
2023-03-11 16:00:00+02:00,258.8,491.31,108.19,25.71,2.34
2023-03-11 17:00:00+02:00,51.58,103.06,43.34,21.22,2.5
2023-03-11 18:00:00+02:00,0.0,0.0,0.0,18.9,2.84
2023-03-11 19:00:00+02:00,0.0,0.0,0.0,17.76,2.92
2023-03-11 20:00:00+02:00,0.0,0.0,0.0,16.57,2.92
2023-03-11 21:00:00+02:00,0.0,0.0,0.0,15.48,2.61
2023-03-11 22:00:00+02:00,0.0,0.0,0.0,14.95,2.05
2023-03-11 23:00:00+02:00,0.0,0.0,0.0,14.48,1.82
2023-03-12 00:00:00+02:00,0.0,0.0,0.0,13.37,2.25
2023-03-12 01:00:00+02:00,0.0,0.0,0.0,12.62,2.72
2023-03-12 02:00:00+02:00,0.0,0.0,0.0,12.26,3.11
2023-03-12 03:00:00+02:00,0.0,0.0,0.0,12.18,3.41
2023-03-12 04:00:00+02:00,0.0,0.0,0.0,12.25,3.63
2023-03-12 05:00:00+02:00,0.0,0.0,0.0,12.27,3.71
2023-03-12 06:00:00+02:00,28.45,2.26,26.36,13.75,3.83
2023-03-12 07:00:00+02:00,201.3,231.87,125.83,18.32,4.96
2023-03-12 08:00:00+02:00,404.62,368.54,209.6,22.2,4.8
2023-03-12 09:00:00+02:00,526.03,271.68,299.48,25.63,5.44
2023-03-12 10:00:00+02:00,653.33,293.15,368.27,27.43,5.95
2023-03-12 11:00:00+02:00,859.0,795.06,187.45,28.7,6.66
2023-03-12 12:00:00+02:00,849.92,719.69,225.81,29.46,7.24
2023-03-12 13:00:00+02:00,779.92,686.55,225.67,29.68,7.68
2023-03-12 14:00:00+02:00,646.45,642.32,195.66,29.38,7.74
2023-03-12 15:00:00+02:00,452.1,510.9,183.33,28.52,7.4
2023-03-12 16:00:00+02:00,237.85,338.11,124.5,26.81,6.19
2023-03-12 17:00:00+02:00,46.67,35.25,37.55,22.32,3.72
2023-03-12 18:00:00+02:00,0.0,0.0,0.0,19.4,3.43
2023-03-12 19:00:00+02:00,0.0,0.0,0.0,17.95,3.14
2023-03-12 20:00:00+02:00,0.0,0.0,0.0,16.59,2.7
2023-03-12 21:00:00+02:00,0.0,0.0,0.0,16.22,1.93
2023-03-12 22:00:00+02:00,0.0,0.0,0.0,16.68,0.82
2023-03-12 23:00:00+02:00,0.0,0.0,0.0,15.5,1.33
2023-03-13 00:00:00+02:00,0.0,0.0,0.0,13.83,2.49
2023-03-13 01:00:00+02:00,0.0,0.0,0.0,13.54,3.03
2023-03-13 02:00:00+02:00,0.0,0.0,0.0,13.65,3.47
2023-03-13 03:00:00+02:00,0.0,0.0,0.0,13.83,4.2
2023-03-13 04:00:00+02:00,0.0,0.0,0.0,13.78,4.92
2023-03-13 05:00:00+02:00,0.0,0.0,0.0,13.43,5.05
2023-03-13 06:00:00+02:00,17.62,0.0,18.67,13.9,5.55
2023-03-13 07:00:00+02:00,97.5,0.09,94.92,16.08,5.81
2023-03-13 08:00:00+02:00,207.57,1.2,176.14,19.68,5.93
2023-03-13 09:00:00+02:00,305.65,1.13,260.12,23.2,5.9
2023-03-13 10:00:00+02:00,432.15,12.11,310.88,25.58,6.29
2023-03-13 11:00:00+02:00,669.72,108.78,459.27,26.87,7.04
2023-03-13 12:00:00+02:00,688.65,154.91,489.18,27.68,7.46
2023-03-13 13:00:00+02:00,518.65,277.9,259.59,27.58,7.79
2023-03-13 14:00:00+02:00,465.92,41.37,347.79,27.12,8.14
2023-03-13 15:00:00+02:00,290.0,64.41,221.59,25.8,8.14
2023-03-13 16:00:00+02:00,175.2,64.45,141.63,24.08,7.33
2023-03-13 17:00:00+02:00,35.5,2.6,37.76,21.99,6.35
2023-03-13 18:00:00+02:00,0.0,0.0,0.0,19.46,5.42
2023-03-13 19:00:00+02:00,0.0,0.0,0.0,17.69,4.67
2023-03-13 20:00:00+02:00,0.0,0.0,0.0,16.33,3.49
2023-03-13 21:00:00+02:00,0.0,0.0,0.0,15.18,2.47
2023-03-13 22:00:00+02:00,0.0,0.0,0.0,14.38,2.04
2023-03-13 23:00:00+02:00,0.0,0.0,0.0,13.81,1.79
2023-03-14 00:00:00+02:00,0.0,0.0,0.0,13.16,1.83
2023-03-14 01:00:00+02:00,0.0,0.0,0.0,12.53,2.02
2023-03-14 02:00:00+02:00,0.0,0.0,0.0,12.02,2.19
2023-03-14 03:00:00+02:00,0.0,0.0,0.0,11.62,2.31
2023-03-14 04:00:00+02:00,0.0,0.0,0.0,11.32,2.38
2023-03-14 05:00:00+02:00,0.0,0.0,0.0,11.02,2.41
2023-03-14 06:00:00+02:00,26.4,18.72,27.6,12.2,2.65
2023-03-14 07:00:00+02:00,176.1,133.96,142.16,14.33,3.43
2023-03-14 08:00:00+02:00,349.0,236.1,240.23,16.94,3.84
2023-03-14 09:00:00+02:00,508.33,365.26,268.14,19.07,4.24
2023-03-14 10:00:00+02:00,664.67,324.67,376.32,20.89,4.61
2023-03-14 11:00:00+02:00,562.88,356.06,310.2,21.46,4.79
2023-03-14 12:00:00+02:00,500.02,254.77,304.5,20.52,5.06
2023-03-14 13:00:00+02:00,498.2,371.29,222.54,19.46,5.32
2023-03-14 14:00:00+02:00,442.85,260.45,235.82,18.88,5.45
2023-03-14 15:00:00+02:00,354.35,369.39,176.66,18.4,5.49
2023-03-14 16:00:00+02:00,186.68,250.91,110.64,17.53,5.14
2023-03-14 17:00:00+02:00,43.17,87.07,34.46,15.94,4.08
2023-03-14 18:00:00+02:00,0.0,0.0,0.0,14.64,3.96
2023-03-14 19:00:00+02:00,0.0,0.0,0.0,13.52,3.75
2023-03-14 20:00:00+02:00,0.0,0.0,0.0,12.35,3.32
2023-03-14 21:00:00+02:00,0.0,0.0,0.0,11.71,3.18
2023-03-14 22:00:00+02:00,0.0,0.0,0.0,11.31,3.16
2023-03-14 23:00:00+02:00,0.0,0.0,0.0,10.98,3.14
2023-03-15 00:00:00+02:00,0.0,0.0,0.0,10.62,3.04
2023-03-15 01:00:00+02:00,0.0,0.0,0.0,10.31,3.04
2023-03-15 02:00:00+02:00,0.0,0.0,0.0,10.13,3.07
2023-03-15 03:00:00+02:00,0.0,0.0,0.0,9.95,3.04
2023-03-15 04:00:00+02:00,0.0,0.0,0.0,9.78,2.98
2023-03-15 05:00:00+02:00,0.0,0.0,0.0,9.56,2.95
2023-03-15 06:00:00+02:00,43.9,161.8,30.74,10.76,3.34
2023-03-15 07:00:00+02:00,244.93,550.21,82.89,13.23,4.21
2023-03-15 08:00:00+02:00,460.7,694.31,128.45,15.92,4.99
2023-03-15 09:00:00+02:00,653.78,761.36,157.65,17.99,5.14
2023-03-15 10:00:00+02:00,732.3,611.79,274.75,19.61,5.26
2023-03-15 11:00:00+02:00,732.62,256.29,448.49,21.1,5.37
2023-03-15 12:00:00+02:00,742.67,754.73,145.9,22.21,5.53
2023-03-15 13:00:00+02:00,735.1,455.94,336.87,22.79,5.63
2023-03-15 14:00:00+02:00,649.17,626.92,225.45,22.88,5.56
2023-03-15 15:00:00+02:00,489.8,693.64,128.91,22.37,5.32
2023-03-15 16:00:00+02:00,269.62,561.88,90.7,21.15,4.59
2023-03-15 17:00:00+02:00,60.33,208.76,35.21,17.04,2.85
2023-03-15 18:00:00+02:00,0.0,0.0,0.0,14.44,3.06
2023-03-15 19:00:00+02:00,0.0,0.0,0.0,13.62,2.94
2023-03-15 20:00:00+02:00,0.0,0.0,0.0,12.83,2.82
2023-03-15 21:00:00+02:00,0.0,0.0,0.0,12.06,2.7
2023-03-15 22:00:00+02:00,0.0,0.0,0.0,11.49,2.57
2023-03-15 23:00:00+02:00,0.0,0.0,0.0,11.05,2.44
2023-03-16 00:00:00+02:00,0.0,0.0,0.0,10.48,2.44
2023-03-16 01:00:00+02:00,0.0,0.0,0.0,9.76,2.67
2023-03-16 02:00:00+02:00,0.0,0.0,0.0,9.22,2.96
2023-03-16 03:00:00+02:00,0.0,0.0,0.0,8.96,3.21
2023-03-16 04:00:00+02:00,0.0,0.0,0.0,8.89,3.43
2023-03-16 05:00:00+02:00,0.0,0.0,0.0,8.92,3.62
2023-03-16 06:00:00+02:00,47.55,161.81,29.78,10.8,3.67
2023-03-16 07:00:00+02:00,251.55,538.39,83.3,15.48,5.25
2023-03-16 08:00:00+02:00,477.38,710.35,118.03,19.39,5.2
2023-03-16 09:00:00+02:00,671.67,805.65,132.09,22.3,5.59
2023-03-16 10:00:00+02:00,813.25,847.31,144.87,23.75,5.93
2023-03-16 11:00:00+02:00,898.88,919.83,125.49,24.82,6.02
2023-03-16 12:00:00+02:00,901.72,922.71,123.87,25.63,5.97
2023-03-16 13:00:00+02:00,827.28,884.88,129.92,26.09,5.85
2023-03-16 14:00:00+02:00,687.03,828.28,130.89,26.05,5.57
2023-03-16 15:00:00+02:00,493.73,711.69,130.2,25.54,5.29
2023-03-16 16:00:00+02:00,269.05,514.56,106.27,24.08,4.21
2023-03-16 17:00:00+02:00,60.4,138.19,45.34,19.23,2.96
2023-03-16 18:00:00+02:00,0.0,0.0,0.0,16.71,3.27
2023-03-16 19:00:00+02:00,0.0,0.0,0.0,15.91,3.47
2023-03-16 20:00:00+02:00,0.0,0.0,0.0,15.32,3.72
2023-03-16 21:00:00+02:00,0.0,0.0,0.0,14.93,4.13
2023-03-16 22:00:00+02:00,0.0,0.0,0.0,14.68,4.61
2023-03-16 23:00:00+02:00,0.0,0.0,0.0,14.35,4.91
2023-03-17 00:00:00+02:00,0.0,0.0,0.0,13.9,5.02
2023-03-17 01:00:00+02:00,0.0,0.0,0.0,13.27,4.8
2023-03-17 02:00:00+02:00,0.0,0.0,0.0,13.08,4.62
2023-03-17 03:00:00+02:00,0.0,0.0,0.0,12.97,4.68
2023-03-17 04:00:00+02:00,0.0,0.0,0.0,12.81,4.78
2023-03-17 05:00:00+02:00,0.0,0.0,0.0,11.64,4.22
2023-03-17 06:00:00+02:00,45.47,71.2,35.35,12.25,4.7
2023-03-17 07:00:00+02:00,240.57,386.53,115.33,14.9,5.2
2023-03-17 08:00:00+02:00,460.48,572.88,159.77,18.82,4.82
2023-03-17 09:00:00+02:00,652.88,667.89,188.79,21.81,5.43
2023-03-17 10:00:00+02:00,793.92,744.29,201.03,23.67,6.1
2023-03-17 11:00:00+02:00,885.45,804.35,194.49,25.04,6.66
2023-03-17 12:00:00+02:00,866.08,725.75,237.29,25.84,7.09
2023-03-17 13:00:00+02:00,735.42,465.81,329.32,26.16,7.03
2023-03-17 14:00:00+02:00,584.72,442.83,270.2,26.13,6.67
2023-03-17 15:00:00+02:00,451.55,456.28,196.42,25.62,6.39
2023-03-17 16:00:00+02:00,240.68,357.82,120.26,24.24,5.71
2023-03-17 17:00:00+02:00,54.88,75.43,43.87,20.19,3.53
2023-03-17 18:00:00+02:00,0.0,0.0,0.0,17.31,3.51
2023-03-17 19:00:00+02:00,0.0,0.0,0.0,16.12,3.57
2023-03-17 20:00:00+02:00,0.0,0.0,0.0,14.85,3.32
2023-03-17 21:00:00+02:00,0.0,0.0,0.0,13.69,2.87
2023-03-17 22:00:00+02:00,0.0,0.0,0.0,12.78,2.54
2023-03-17 23:00:00+02:00,0.0,0.0,0.0,12.25,2.21
2023-03-18 00:00:00+02:00,0.0,0.0,0.0,12.42,1.66
2023-03-18 01:00:00+02:00,0.0,0.0,0.0,12.76,1.04
2023-03-18 02:00:00+02:00,0.0,0.0,0.0,12.94,0.62
2023-03-18 03:00:00+02:00,0.0,0.0,0.0,12.26,0.92
2023-03-18 04:00:00+02:00,0.0,0.0,0.0,11.38,1.45
2023-03-18 05:00:00+02:00,0.0,0.0,0.0,10.29,2.04
2023-03-18 06:00:00+02:00,38.3,15.36,38.2,11.34,2.49
2023-03-18 07:00:00+02:00,187.38,133.6,144.95,14.99,4.05
2023-03-18 08:00:00+02:00,367.15,187.54,248.03,18.17,5.16
2023-03-18 09:00:00+02:00,543.0,284.64,308.26,19.63,6.33
2023-03-18 10:00:00+02:00,642.3,273.76,375.42,20.56,7.61
2023-03-18 11:00:00+02:00,779.17,413.25,370.89,21.43,8.35
2023-03-18 12:00:00+02:00,808.2,481.1,369.69,22.05,8.63
2023-03-18 13:00:00+02:00,666.78,531.34,231.74,22.19,8.69
2023-03-18 14:00:00+02:00,613.05,428.21,281.98,21.55,8.58
2023-03-18 15:00:00+02:00,408.25,385.03,207.63,20.33,8.19
2023-03-18 16:00:00+02:00,233.8,374.25,115.29,18.85,7.4
2023-03-18 17:00:00+02:00,61.08,174.01,38.6,17.39,5.58
2023-03-18 18:00:00+02:00,0.0,0.0,0.0,15.27,3.83
2023-03-18 19:00:00+02:00,0.0,0.0,0.0,14.32,3.8
2023-03-18 20:00:00+02:00,0.0,0.0,0.0,13.49,3.66
2023-03-18 21:00:00+02:00,0.0,0.0,0.0,12.83,3.69
2023-03-18 22:00:00+02:00,0.0,0.0,0.0,12.39,3.85
2023-03-18 23:00:00+02:00,0.0,0.0,0.0,12.07,4.13
2023-03-19 00:00:00+02:00,0.0,0.0,0.0,11.77,4.45
2023-03-19 01:00:00+02:00,0.0,0.0,0.0,11.37,4.19
2023-03-19 02:00:00+02:00,0.0,0.0,0.0,10.71,3.7
2023-03-19 03:00:00+02:00,0.0,0.0,0.0,10.23,3.38
2023-03-19 04:00:00+02:00,0.0,0.0,0.0,9.71,3.08
2023-03-19 05:00:00+02:00,0.0,0.0,0.0,9.18,2.91
2023-03-19 06:00:00+02:00,58.58,246.7,29.83,10.71,3.49
2023-03-19 07:00:00+02:00,262.6,589.51,81.58,13.88,4.24
2023-03-19 08:00:00+02:00,475.75,641.03,157.72,17.09,4.93
2023-03-19 09:00:00+02:00,655.2,601.44,253.36,18.98,5.39
2023-03-19 10:00:00+02:00,717.8,465.05,330.54,20.45,6.17
2023-03-19 11:00:00+02:00,672.28,228.88,403.3,20.92,6.93
2023-03-19 12:00:00+02:00,718.25,262.92,429.4,20.97,7.46
2023-03-19 13:00:00+02:00,473.58,514.81,177.41,20.93,7.9
2023-03-19 14:00:00+02:00,333.83,125.45,252.11,20.32,8.28
2023-03-19 15:00:00+02:00,239.4,132.43,169.7,18.63,8.24
2023-03-19 16:00:00+02:00,145.25,192.3,88.51,17.25,7.72
2023-03-19 17:00:00+02:00,44.2,88.08,32.47,16.33,6.65
2023-03-19 18:00:00+02:00,0.0,0.0,0.0,14.98,5.54
2023-03-19 19:00:00+02:00,0.0,0.0,0.0,13.55,5.01
2023-03-19 20:00:00+02:00,0.0,0.0,0.0,12.39,4.55
2023-03-19 21:00:00+02:00,0.0,0.0,0.0,11.91,4.87
2023-03-19 22:00:00+02:00,0.0,0.0,0.0,11.84,5.05
2023-03-19 23:00:00+02:00,0.0,0.0,0.0,12.17,5.3
2023-03-20 00:00:00+02:00,0.0,0.0,0.0,12.65,5.47
2023-03-20 01:00:00+02:00,0.0,0.0,0.0,12.8,5.35
2023-03-20 02:00:00+02:00,0.0,0.0,0.0,12.7,5.11
2023-03-20 03:00:00+02:00,0.0,0.0,0.0,12.32,4.79
2023-03-20 04:00:00+02:00,0.0,0.0,0.0,12.09,4.62
2023-03-20 05:00:00+02:00,0.0,0.0,0.0,11.69,4.52
2023-03-20 06:00:00+02:00,44.58,83.64,36.58,12.27,5.16
2023-03-20 07:00:00+02:00,203.52,324.72,109.3,14.47,5.86
2023-03-20 08:00:00+02:00,406.88,376.18,207.33,17.34,6.96
2023-03-20 09:00:00+02:00,533.72,393.9,271.44,19.01,6.98
2023-03-20 10:00:00+02:00,488.08,123.86,329.8,20.67,6.95
2023-03-20 11:00:00+02:00,401.45,62.52,310.19,21.95,7.04
2023-03-20 12:00:00+02:00,434.6,52.74,325.64,22.82,7.14
2023-03-20 13:00:00+02:00,457.35,458.39,186.85,23.3,7.31
2023-03-20 14:00:00+02:00,487.02,241.06,295.98,23.06,7.58
2023-03-20 15:00:00+02:00,336.38,210.5,219.13,21.95,7.7
2023-03-20 16:00:00+02:00,188.0,314.78,87.0,20.19,7.38
2023-03-20 17:00:00+02:00,52.8,127.19,39.48,18.32,6.23
2023-03-20 18:00:00+02:00,0.0,0.0,0.0,16.32,4.56
2023-03-20 19:00:00+02:00,0.0,0.0,0.0,14.27,3.21
2023-03-20 20:00:00+02:00,0.0,0.0,0.0,12.95,2.7
2023-03-20 21:00:00+02:00,0.0,0.0,0.0,12.05,2.42
2023-03-20 22:00:00+02:00,0.0,0.0,0.0,11.56,2.34
2023-03-20 23:00:00+02:00,0.0,0.0,0.0,11.89,2.24
2023-03-21 00:00:00+02:00,0.0,0.0,0.0,12.52,2.34
2023-03-21 01:00:00+02:00,0.0,0.0,0.0,12.65,2.34
2023-03-21 02:00:00+02:00,0.0,0.0,0.0,12.69,2.29
2023-03-21 03:00:00+02:00,0.0,0.0,0.0,12.39,2.03
2023-03-21 04:00:00+02:00,0.0,0.0,0.0,12.07,1.87
2023-03-21 05:00:00+02:00,0.0,0.0,0.0,11.8,1.9
2023-03-21 06:00:00+02:00,43.92,9.22,40.83,12.95,2.33
2023-03-21 07:00:00+02:00,192.85,31.7,167.77,15.13,3.26
2023-03-21 08:00:00+02:00,363.73,70.31,293.64,17.16,3.43
2023-03-21 09:00:00+02:00,623.6,434.56,340.26,18.96,3.37
2023-03-21 10:00:00+02:00,761.88,394.49,430.24,20.89,3.12
2023-03-21 11:00:00+02:00,823.6,293.39,505.79,22.6,2.91
2023-03-21 12:00:00+02:00,816.38,693.21,238.8,24.01,2.78
2023-03-21 13:00:00+02:00,777.62,504.09,349.04,24.89,2.7
2023-03-21 14:00:00+02:00,656.58,516.05,310.65,25.08,2.81
2023-03-21 15:00:00+02:00,447.58,314.09,273.25,24.67,2.96
2023-03-21 16:00:00+02:00,237.25,153.0,187.92,23.63,2.97
2023-03-21 17:00:00+02:00,54.78,20.52,49.12,19.88,2.47
2023-03-21 18:00:00+02:00,0.0,0.0,0.0,16.95,3.16
2023-03-21 19:00:00+02:00,0.0,0.0,0.0,15.77,3.38
2023-03-21 20:00:00+02:00,0.0,0.0,0.0,14.44,3.2
2023-03-21 21:00:00+02:00,0.0,0.0,0.0,13.17,2.64
2023-03-21 22:00:00+02:00,0.0,0.0,0.0,12.31,2.32
2023-03-21 23:00:00+02:00,0.0,0.0,0.0,12.11,2.1
2023-03-22 00:00:00+02:00,0.0,0.0,0.0,11.94,2.11
2023-03-22 01:00:00+02:00,0.0,0.0,0.0,11.31,2.41
2023-03-22 02:00:00+02:00,0.0,0.0,0.0,10.92,2.65
2023-03-22 03:00:00+02:00,0.0,0.0,0.0,10.54,2.8
2023-03-22 04:00:00+02:00,0.0,0.0,0.0,10.11,2.73
2023-03-22 05:00:00+02:00,0.0,0.0,0.0,9.9,2.62
2023-03-22 06:00:00+02:00,46.75,6.88,41.71,11.81,2.83
2023-03-22 07:00:00+02:00,176.7,34.15,156.33,15.38,3.26
2023-03-22 08:00:00+02:00,306.38,12.09,263.67,19.68,1.79
2023-03-22 09:00:00+02:00,455.48,35.06,377.71,22.57,0.59
2023-03-22 10:00:00+02:00,524.7,23.67,425.36,24.51,1.6
2023-03-22 11:00:00+02:00,596.12,43.64,473.22,25.93,2.01
2023-03-22 12:00:00+02:00,657.38,94.17,513.2,26.36,2.36
2023-03-22 13:00:00+02:00,483.4,29.12,392.27,25.85,2.88
2023-03-22 14:00:00+02:00,380.83,1.66,319.96,25.11,3.17
2023-03-22 15:00:00+02:00,212.77,0.0,185.26,24.39,3.06
2023-03-22 16:00:00+02:00,123.82,0.0,105.82,23.58,2.77
2023-03-22 17:00:00+02:00,36.88,2.55,33.2,20.32,2.63
2023-03-22 18:00:00+02:00,0.0,0.0,0.0,17.94,3.08
2023-03-22 19:00:00+02:00,0.0,0.0,0.0,17.47,2.96
2023-03-22 20:00:00+02:00,0.0,0.0,0.0,17.12,2.91
2023-03-22 21:00:00+02:00,0.0,0.0,0.0,16.55,3.08
2023-03-22 22:00:00+02:00,0.0,0.0,0.0,16.26,3.44
2023-03-22 23:00:00+02:00,0.0,0.0,0.0,15.35,3.32
2023-03-23 00:00:00+02:00,0.0,0.0,0.0,15.04,3.26
2023-03-23 01:00:00+02:00,0.0,0.0,0.0,15.31,3.16
2023-03-23 02:00:00+02:00,0.0,0.0,0.0,14.75,2.99
2023-03-23 03:00:00+02:00,0.0,0.0,0.0,14.78,2.64
2023-03-23 04:00:00+02:00,0.0,0.0,0.0,14.66,2.29
2023-03-23 05:00:00+02:00,0.0,0.0,0.0,14.71,1.99
2023-03-23 06:00:00+02:00,29.23,0.0,26.55,15.5,1.6
2023-03-23 07:00:00+02:00,139.45,4.59,118.75,17.83,1.56
2023-03-23 08:00:00+02:00,257.95,10.12,221.99,19.32,1.09
2023-03-23 09:00:00+02:00,369.65,17.22,308.21,20.88,0.39
2023-03-23 10:00:00+02:00,603.5,120.45,438.4,24.66,0.98
2023-03-23 11:00:00+02:00,758.78,353.32,419.47,26.66,1.75
2023-03-23 12:00:00+02:00,777.38,410.01,374.78,26.72,2.4
2023-03-23 13:00:00+02:00,728.88,435.45,334.03,26.7,2.65
2023-03-23 14:00:00+02:00,619.95,406.33,312.84,27.29,2.75
2023-03-23 15:00:00+02:00,394.25,150.83,264.79,27.23,2.89
2023-03-23 16:00:00+02:00,204.15,71.84,173.46,26.0,3.78
2023-03-23 17:00:00+02:00,52.45,3.24,49.7,22.66,4.81
2023-03-23 18:00:00+02:00,0.0,0.0,0.0,19.77,5.54
2023-03-23 19:00:00+02:00,0.0,0.0,0.0,18.02,5.0
2023-03-23 20:00:00+02:00,0.0,0.0,0.0,17.16,4.27
2023-03-23 21:00:00+02:00,0.0,0.0,0.0,16.75,3.65
2023-03-23 22:00:00+02:00,0.0,0.0,0.0,16.34,2.61
2023-03-23 23:00:00+02:00,0.0,0.0,0.0,15.97,2.1
2023-03-24 00:00:00+02:00,0.0,0.0,0.0,15.93,2.01
2023-03-24 01:00:00+02:00,0.0,0.0,0.0,16.18,1.87
2023-03-24 02:00:00+02:00,0.0,0.0,0.0,16.24,1.95
2023-03-24 03:00:00+02:00,0.0,0.0,0.0,15.93,2.21
2023-03-24 04:00:00+02:00,0.0,0.0,0.0,15.34,2.56
2023-03-24 05:00:00+02:00,0.0,0.0,0.0,14.69,2.89
2023-03-24 06:00:00+02:00,45.35,5.4,41.37,16.12,2.8
2023-03-24 07:00:00+02:00,170.62,44.69,143.43,20.59,3.56
2023-03-24 08:00:00+02:00,298.8,58.87,247.18,23.92,3.12
2023-03-24 09:00:00+02:00,457.83,102.46,367.38,28.45,3.35
2023-03-24 10:00:00+02:00,590.22,128.81,391.21,30.9,3.91
2023-03-24 11:00:00+02:00,649.55,203.99,417.82,31.3,4.79
2023-03-24 12:00:00+02:00,687.58,140.15,459.54,31.55,5.19
2023-03-24 13:00:00+02:00,642.42,364.23,357.02,31.73,5.25
2023-03-24 14:00:00+02:00,548.97,204.55,362.67,31.66,5.34
2023-03-24 15:00:00+02:00,383.95,178.74,260.04,30.74,5.56
2023-03-24 16:00:00+02:00,195.38,100.11,155.25,28.03,4.76
2023-03-24 17:00:00+02:00,50.17,9.21,46.03,24.12,2.26
2023-03-24 18:00:00+02:00,0.0,0.0,0.0,22.27,4.74
2023-03-24 19:00:00+02:00,0.0,0.0,0.0,21.06,5.34
2023-03-24 20:00:00+02:00,0.0,0.0,0.0,19.38,5.66
2023-03-24 21:00:00+02:00,0.0,0.0,0.0,18.19,4.82
2023-03-24 22:00:00+02:00,0.0,0.0,0.0,17.46,3.88
2023-03-24 23:00:00+02:00,0.0,0.0,0.0,16.91,3.41
2023-03-25 00:00:00+02:00,0.0,0.0,0.0,17.0,3.81
2023-03-25 01:00:00+02:00,0.0,0.0,0.0,17.04,4.09
2023-03-25 02:00:00+02:00,0.0,0.0,0.0,16.8,3.94
2023-03-25 03:00:00+02:00,0.0,0.0,0.0,16.2,3.46
2023-03-25 04:00:00+02:00,0.0,0.0,0.0,15.75,3.15
2023-03-25 05:00:00+02:00,0.0,0.0,0.0,15.37,3.09
2023-03-25 06:00:00+02:00,45.83,1.27,43.53,16.49,3.9
2023-03-25 07:00:00+02:00,173.65,34.16,153.42,18.9,4.92
2023-03-25 08:00:00+02:00,347.85,116.3,243.57,22.0,6.25
2023-03-25 09:00:00+02:00,496.52,192.78,299.2,24.34,6.79
2023-03-25 10:00:00+02:00,623.65,166.93,392.93,25.79,6.93
2023-03-25 11:00:00+02:00,740.28,239.08,449.51,26.91,6.95
2023-03-25 12:00:00+02:00,635.65,102.24,443.88,27.31,7.04
2023-03-25 13:00:00+02:00,587.75,307.96,287.78,26.64,7.24
2023-03-25 14:00:00+02:00,488.9,159.6,330.04,25.66,7.53
2023-03-25 15:00:00+02:00,386.9,231.3,238.66,24.39,7.75
2023-03-25 16:00:00+02:00,219.38,185.23,152.47,22.51,7.63
2023-03-25 17:00:00+02:00,60.62,44.48,53.48,20.37,6.89
2023-03-25 18:00:00+02:00,0.0,0.0,0.0,18.62,6.06
2023-03-25 19:00:00+02:00,0.0,0.0,0.0,17.44,5.86
2023-03-25 20:00:00+02:00,0.0,0.0,0.0,16.31,5.38
2023-03-25 21:00:00+02:00,0.0,0.0,0.0,15.45,4.52
2023-03-25 22:00:00+02:00,0.0,0.0,0.0,14.76,3.88
2023-03-25 23:00:00+02:00,0.0,0.0,0.0,14.2,3.82
2023-03-26 00:00:00+02:00,0.0,0.0,0.0,13.68,3.93
2023-03-26 01:00:00+02:00,0.0,0.0,0.0,13.2,4.22
2023-03-26 02:00:00+02:00,0.0,0.0,0.0,12.67,4.1
2023-03-26 03:00:00+02:00,0.0,0.0,0.0,12.11,3.63
2023-03-26 04:00:00+02:00,0.0,0.0,0.0,11.59,3.29
2023-03-26 05:00:00+02:00,0.0,0.0,0.0,11.21,3.32
2023-03-26 06:00:00+02:00,74.25,134.38,54.05,12.33,4.53
2023-03-26 07:00:00+02:00,264.9,356.73,140.41,15.17,4.61
2023-03-26 08:00:00+02:00,474.67,475.0,200.62,18.48,4.68
2023-03-26 09:00:00+02:00,629.67,426.36,299.33,21.14,4.14
2023-03-26 10:00:00+02:00,722.1,316.44,401.22,23.37,4.09
2023-03-26 11:00:00+02:00,794.92,284.59,468.2,24.91,4.38
2023-03-26 12:00:00+02:00,780.1,614.62,244.77,25.86,4.6
2023-03-26 13:00:00+02:00,740.5,354.06,403.34,26.36,4.73
2023-03-26 14:00:00+02:00,633.92,477.15,285.66,26.36,4.99
2023-03-26 15:00:00+02:00,467.98,422.78,218.73,25.81,5.28
2023-03-26 16:00:00+02:00,249.6,342.97,127.3,24.7,5.43
2023-03-26 17:00:00+02:00,68.75,107.04,51.74,21.94,4.04
2023-03-26 18:00:00+02:00,0.0,0.0,0.0,18.7,3.74
2023-03-26 19:00:00+02:00,0.0,0.0,0.0,17.4,3.85
2023-03-26 20:00:00+02:00,0.0,0.0,0.0,15.72,3.06
2023-03-26 21:00:00+02:00,0.0,0.0,0.0,14.36,2.38
2023-03-26 22:00:00+02:00,0.0,0.0,0.0,13.68,1.87
2023-03-26 23:00:00+02:00,0.0,0.0,0.0,13.84,1.08
2023-03-27 00:00:00+02:00,0.0,0.0,0.0,13.8,0.59
2023-03-27 01:00:00+02:00,0.0,0.0,0.0,12.88,1.13
2023-03-27 02:00:00+02:00,0.0,0.0,0.0,12.01,1.64
2023-03-27 03:00:00+02:00,0.0,0.0,0.0,11.33,1.91
2023-03-27 04:00:00+02:00,0.0,0.0,0.0,10.87,2.09
2023-03-27 05:00:00+02:00,0.0,0.0,0.0,10.56,2.24
2023-03-27 06:00:00+02:00,73.7,119.17,56.09,12.71,2.36
2023-03-27 07:00:00+02:00,243.1,300.63,142.77,16.24,2.68
2023-03-27 08:00:00+02:00,425.25,383.14,210.39,19.16,2.6
2023-03-27 09:00:00+02:00,595.12,298.65,344.05,21.98,3.04
2023-03-27 10:00:00+02:00,664.65,118.82,471.08,24.63,3.69
2023-03-27 11:00:00+02:00,755.92,313.29,437.92,26.77,4.36
2023-03-27 12:00:00+02:00,898.83,754.61,224.82,28.21,4.9
2023-03-27 13:00:00+02:00,821.88,649.13,273.1,28.88,5.15
2023-03-27 14:00:00+02:00,712.38,766.52,160.1,28.97,5.15
2023-03-27 15:00:00+02:00,516.33,652.64,154.29,28.48,4.99
2023-03-27 16:00:00+02:00,293.42,502.98,116.21,27.32,4.49
2023-03-27 17:00:00+02:00,81.03,204.44,45.48,23.19,2.95
2023-03-27 18:00:00+02:00,0.0,0.0,0.0,19.95,3.58
2023-03-27 19:00:00+02:00,0.0,0.0,0.0,19.33,4.73
2023-03-27 20:00:00+02:00,0.0,0.0,0.0,18.27,5.85
2023-03-27 21:00:00+02:00,0.0,0.0,0.0,16.59,4.29
2023-03-27 22:00:00+02:00,0.0,0.0,0.0,15.05,2.85
2023-03-27 23:00:00+02:00,0.0,0.0,0.0,14.07,2.42
2023-03-28 00:00:00+02:00,0.0,0.0,0.0,13.77,2.09
2023-03-28 01:00:00+02:00,0.0,0.0,0.0,13.96,1.63
2023-03-28 02:00:00+02:00,0.0,0.0,0.0,13.87,1.19
2023-03-28 03:00:00+02:00,0.0,0.0,0.0,13.76,0.98
2023-03-28 04:00:00+02:00,0.0,0.0,0.0,13.22,1.11
2023-03-28 05:00:00+02:00,0.0,0.0,0.0,12.47,1.6
2023-03-28 06:00:00+02:00,97.3,334.52,45.67,13.43,1.88
2023-03-28 07:00:00+02:00,315.85,605.61,97.22,17.14,2.47
2023-03-28 08:00:00+02:00,542.22,751.7,125.68,21.82,0.86
2023-03-28 09:00:00+02:00,734.12,841.91,134.05,24.87,2.69
2023-03-28 10:00:00+02:00,872.62,857.61,162.29,27.03,2.98
2023-03-28 11:00:00+02:00,944.47,891.86,157.6,28.87,2.98
2023-03-28 12:00:00+02:00,944.35,895.15,149.25,30.39,3.19
2023-03-28 13:00:00+02:00,871.95,874.72,149.3,31.29,3.6
2023-03-28 14:00:00+02:00,732.8,837.82,136.58,31.53,4.14
2023-03-28 15:00:00+02:00,539.45,749.62,124.54,31.14,4.67
2023-03-28 16:00:00+02:00,310.98,605.29,96.04,30.0,4.66
2023-03-28 17:00:00+02:00,88.72,242.23,47.32,25.62,3.22
2023-03-28 18:00:00+02:00,0.0,0.0,0.0,22.09,3.58
2023-03-28 19:00:00+02:00,0.0,0.0,0.0,20.85,3.75
2023-03-28 20:00:00+02:00,0.0,0.0,0.0,19.23,3.54
2023-03-28 21:00:00+02:00,0.0,0.0,0.0,17.43,2.99
2023-03-28 22:00:00+02:00,0.0,0.0,0.0,16.05,2.55
2023-03-28 23:00:00+02:00,0.0,0.0,0.0,15.18,2.15
2023-03-29 00:00:00+02:00,0.0,0.0,0.0,14.52,2.18
2023-03-29 01:00:00+02:00,0.0,0.0,0.0,13.89,2.54
2023-03-29 02:00:00+02:00,0.0,0.0,0.0,13.46,2.67
2023-03-29 03:00:00+02:00,0.0,0.0,0.0,12.93,2.65
2023-03-29 04:00:00+02:00,0.0,0.0,0.0,12.37,2.64
2023-03-29 05:00:00+02:00,0.0,0.0,0.0,11.87,2.71
2023-03-29 06:00:00+02:00,86.72,152.09,60.81,13.83,3.66
2023-03-29 07:00:00+02:00,290.35,471.98,118.5,16.99,5.09
2023-03-29 08:00:00+02:00,532.33,667.03,155.09,19.6,6.04
2023-03-29 09:00:00+02:00,645.75,545.43,243.11,21.83,6.46
2023-03-29 10:00:00+02:00,784.1,539.44,322.72,23.86,6.97
2023-03-29 11:00:00+02:00,871.58,594.6,322.55,25.38,7.32
2023-03-29 12:00:00+02:00,872.88,617.83,317.84,26.17,7.69
2023-03-29 13:00:00+02:00,757.97,657.28,219.78,26.13,8.15
2023-03-29 14:00:00+02:00,615.0,468.76,261.51,25.06,8.57
2023-03-29 15:00:00+02:00,422.42,363.56,211.33,23.17,8.74
2023-03-29 16:00:00+02:00,239.15,260.55,154.99,20.84,8.55
2023-03-29 17:00:00+02:00,72.43,110.46,56.6,18.21,8.01
2023-03-29 18:00:00+02:00,0.0,0.0,0.0,15.78,7.0
2023-03-29 19:00:00+02:00,0.0,0.0,0.0,14.28,5.77
2023-03-29 20:00:00+02:00,0.0,0.0,0.0,13.28,4.56
2023-03-29 21:00:00+02:00,0.0,0.0,0.0,12.4,3.66
2023-03-29 22:00:00+02:00,0.0,0.0,0.0,11.61,3.13
2023-03-29 23:00:00+02:00,0.0,0.0,0.0,11.04,2.95
2023-03-30 00:00:00+02:00,0.0,0.0,0.0,10.74,3.09
2023-03-30 01:00:00+02:00,0.0,0.0,0.0,11.38,3.54
2023-03-30 02:00:00+02:00,0.0,0.0,0.0,11.52,3.64
2023-03-30 03:00:00+02:00,0.0,0.0,0.0,11.48,3.56
2023-03-30 04:00:00+02:00,0.0,0.0,0.0,11.36,3.52
2023-03-30 05:00:00+02:00,0.0,0.0,0.0,12.0,4.28
2023-03-30 06:00:00+02:00,70.55,168.22,49.39,12.97,5.49
2023-03-30 07:00:00+02:00,207.7,210.68,133.74,14.59,6.98
2023-03-30 08:00:00+02:00,373.7,329.77,234.69,16.31,7.18
2023-03-30 09:00:00+02:00,543.88,271.21,333.8,18.24,7.25
2023-03-30 10:00:00+02:00,663.12,177.53,459.68,20.04,7.53
2023-03-30 11:00:00+02:00,704.4,161.6,487.89,21.44,7.97
2023-03-30 12:00:00+02:00,752.15,294.66,449.27,22.29,8.49
2023-03-30 13:00:00+02:00,693.2,749.24,146.96,22.37,8.9
2023-03-30 14:00:00+02:00,674.42,624.1,242.54,21.6,9.0
2023-03-30 15:00:00+02:00,535.62,755.57,117.62,20.49,8.73
2023-03-30 16:00:00+02:00,315.38,662.86,80.88,19.13,8.21
2023-03-30 17:00:00+02:00,100.15,362.9,39.52,17.34,7.1
2023-03-30 18:00:00+02:00,0.0,0.0,0.0,15.06,5.37
2023-03-30 19:00:00+02:00,0.0,0.0,0.0,13.78,4.69
2023-03-30 20:00:00+02:00,0.0,0.0,0.0,12.68,3.82
2023-03-30 21:00:00+02:00,0.0,0.0,0.0,11.7,3.29
2023-03-30 22:00:00+02:00,0.0,0.0,0.0,10.84,3.12
2023-03-30 23:00:00+02:00,0.0,0.0,0.0,10.12,3.11
2023-03-31 00:00:00+02:00,0.0,0.0,0.0,9.51,3.11
2023-03-31 01:00:00+02:00,0.0,0.0,0.0,9.05,3.09
2023-03-31 02:00:00+02:00,0.0,0.0,0.0,8.85,3.09
2023-03-31 03:00:00+02:00,0.0,0.0,0.0,8.6,2.93
2023-03-31 04:00:00+02:00,0.0,0.0,0.0,8.7,2.93
2023-03-31 05:00:00+02:00,0.0,0.0,0.0,9.13,2.78
2023-03-31 06:00:00+02:00,101.65,381.73,42.52,11.27,3.41
2023-03-31 07:00:00+02:00,297.55,624.35,79.09,14.19,4.3
2023-03-31 08:00:00+02:00,526.28,675.64,144.23,16.56,4.49
2023-03-31 09:00:00+02:00,734.3,839.0,136.93,18.69,4.31
2023-03-31 10:00:00+02:00,779.0,670.59,242.51,20.55,4.33
2023-03-31 11:00:00+02:00,771.08,340.92,412.86,21.87,4.52
2023-03-31 12:00:00+02:00,688.15,654.77,173.98,22.8,4.69
2023-03-31 13:00:00+02:00,674.67,182.58,438.44,23.42,4.92
2023-03-31 14:00:00+02:00,542.83,199.75,358.04,23.49,5.4
2023-03-31 15:00:00+02:00,412.38,282.83,258.32,22.95,6.05
2023-03-31 16:00:00+02:00,228.8,277.35,139.07,21.62,6.73
2023-03-31 17:00:00+02:00,70.72,145.38,48.63,19.24,6.82
2023-03-31 18:00:00+02:00,0.0,0.0,0.0,16.29,5.66
2023-03-31 19:00:00+02:00,0.0,0.0,0.0,14.4,4.01
2023-03-31 20:00:00+02:00,0.0,0.0,0.0,12.97,2.81
2023-03-31 21:00:00+02:00,0.0,0.0,0.0,12.01,2.54
2023-03-31 22:00:00+02:00,0.0,0.0,0.0,11.28,2.42
2023-03-31 23:00:00+02:00,0.0,0.0,0.0,10.79,2.2
2023-04-01 00:00:00+02:00,0.0,0.0,0.0,10.5,1.99
2023-04-01 01:00:00+02:00,0.0,0.0,0.0,10.26,1.83
2023-04-01 02:00:00+02:00,0.0,0.0,0.0,10.07,1.67
2023-04-01 03:00:00+02:00,0.0,0.0,0.0,10.01,1.45
2023-04-01 04:00:00+02:00,0.0,0.0,0.0,9.91,1.21
2023-04-01 05:00:00+02:00,0.0,0.0,0.0,10.18,0.88
2023-04-01 06:00:00+02:00,113.22,373.47,46.54,11.35,0.35
2023-04-01 07:00:00+02:00,334.15,655.72,85.82,14.03,0.5
2023-04-01 08:00:00+02:00,556.8,810.09,102.92,16.99,1.29
2023-04-01 09:00:00+02:00,741.67,854.54,124.88,19.11,1.24
2023-04-01 10:00:00+02:00,875.6,870.03,143.92,21.1,1.11
2023-04-01 11:00:00+02:00,939.05,870.46,152.36,22.81,1.15
2023-04-01 12:00:00+02:00,945.33,913.37,127.09,24.13,1.28
2023-04-01 13:00:00+02:00,869.6,894.81,130.57,25.09,1.46
2023-04-01 14:00:00+02:00,733.8,860.82,116.81,25.51,1.73
2023-04-01 15:00:00+02:00,546.45,794.33,102.06,25.31,2.11
2023-04-01 16:00:00+02:00,322.27,671.85,79.9,24.49,2.59
2023-04-01 17:00:00+02:00,100.5,351.77,41.27,21.65,2.47
2023-04-01 18:00:00+02:00,0.0,0.0,0.0,18.11,3.32
2023-04-01 19:00:00+02:00,0.0,0.0,0.0,17.14,3.85
2023-04-01 20:00:00+02:00,0.0,0.0,0.0,15.9,3.82
2023-04-01 21:00:00+02:00,0.0,0.0,0.0,14.5,3.17
2023-04-01 22:00:00+02:00,0.0,0.0,0.0,13.48,2.88
2023-04-01 23:00:00+02:00,0.0,0.0,0.0,12.71,2.8
2023-04-02 00:00:00+02:00,0.0,0.0,0.0,12.09,2.84
2023-04-02 01:00:00+02:00,0.0,0.0,0.0,11.58,2.93
2023-04-02 02:00:00+02:00,0.0,0.0,0.0,11.14,3.05
2023-04-02 03:00:00+02:00,0.0,0.0,0.0,10.76,3.15
2023-04-02 04:00:00+02:00,0.0,0.0,0.0,10.43,3.22
2023-04-02 05:00:00+02:00,0.0,0.0,0.0,10.14,3.23
2023-04-02 06:00:00+02:00,114.12,315.24,54.48,12.91,3.85
2023-04-02 07:00:00+02:00,330.83,585.65,103.18,16.3,3.88
2023-04-02 08:00:00+02:00,556.78,750.71,125.99,20.73,2.24
2023-04-02 09:00:00+02:00,741.85,794.31,159.41,23.66,2.09
2023-04-02 10:00:00+02:00,884.78,902.66,130.68,25.9,2.22
2023-04-02 11:00:00+02:00,957.55,922.52,132.91,27.45,2.33
2023-04-02 12:00:00+02:00,964.8,962.32,105.48,28.48,2.43
2023-04-02 13:00:00+02:00,887.92,926.46,117.09,29.01,2.65
2023-04-02 14:00:00+02:00,749.42,884.48,113.1,28.98,3.03
2023-04-02 15:00:00+02:00,556.92,812.19,102.75,28.44,3.52
2023-04-02 16:00:00+02:00,329.12,660.41,85.06,27.17,4.09
2023-04-02 17:00:00+02:00,103.35,325.94,46.29,23.83,3.53
2023-04-02 18:00:00+02:00,0.0,0.0,0.0,20.03,4.24
2023-04-02 19:00:00+02:00,0.0,0.0,0.0,18.68,4.96
2023-04-02 20:00:00+02:00,0.0,0.0,0.0,16.86,4.19
2023-04-02 21:00:00+02:00,0.0,0.0,0.0,15.3,3.44
2023-04-02 22:00:00+02:00,0.0,0.0,0.0,14.04,2.98
2023-04-02 23:00:00+02:00,0.0,0.0,0.0,13.06,2.81
2023-04-03 00:00:00+02:00,0.0,0.0,0.0,12.32,2.75
2023-04-03 01:00:00+02:00,0.0,0.0,0.0,11.71,2.77
2023-04-03 02:00:00+02:00,0.0,0.0,0.0,11.21,2.82
2023-04-03 03:00:00+02:00,0.0,0.0,0.0,10.79,2.89
2023-04-03 04:00:00+02:00,0.0,0.0,0.0,10.46,2.99
2023-04-03 05:00:00+02:00,0.0,0.0,0.0,10.24,3.07
2023-04-03 06:00:00+02:00,130.12,438.32,51.66,12.94,4.03
2023-04-03 07:00:00+02:00,351.2,682.32,86.57,16.13,3.8
2023-04-03 08:00:00+02:00,575.4,816.15,108.98,20.61,4.48
2023-04-03 09:00:00+02:00,759.88,858.65,138.05,25.01,4.98
2023-04-03 10:00:00+02:00,893.5,903.81,139.85,28.09,4.22
2023-04-03 11:00:00+02:00,972.15,950.79,119.31,29.99,3.45
2023-04-03 12:00:00+02:00,972.28,959.11,115.68,31.21,2.91
2023-04-03 13:00:00+02:00,899.15,951.56,105.62,31.89,2.5
2023-04-03 14:00:00+02:00,758.05,907.81,103.04,32.09,2.28
2023-04-03 15:00:00+02:00,563.58,831.49,97.4,31.82,2.2
2023-04-03 16:00:00+02:00,332.55,678.54,84.58,30.87,2.08
2023-04-03 17:00:00+02:00,105.4,355.06,48.02,27.08,1.44
2023-04-03 18:00:00+02:00,0.0,0.0,0.0,24.86,1.25
2023-04-03 19:00:00+02:00,0.0,0.0,0.0,24.44,0.75
2023-04-03 20:00:00+02:00,0.0,0.0,0.0,23.88,0.27
2023-04-03 21:00:00+02:00,0.0,0.0,0.0,22.85,0.16
2023-04-03 22:00:00+02:00,0.0,0.0,0.0,21.54,0.69
2023-04-03 23:00:00+02:00,0.0,0.0,0.0,19.01,1.71
2023-04-04 00:00:00+02:00,0.0,0.0,0.0,16.52,2.67
2023-04-04 01:00:00+02:00,0.0,0.0,0.0,14.98,3.26
2023-04-04 02:00:00+02:00,0.0,0.0,0.0,14.19,3.61
2023-04-04 03:00:00+02:00,0.0,0.0,0.0,13.78,3.92
2023-04-04 04:00:00+02:00,0.0,0.0,0.0,13.86,4.2
2023-04-04 05:00:00+02:00,0.0,0.0,0.0,14.27,4.43
2023-04-04 06:00:00+02:00,109.97,151.77,79.44,18.02,4.82
2023-04-04 07:00:00+02:00,303.12,336.2,162.51,22.82,5.98
2023-04-04 08:00:00+02:00,514.78,436.19,236.97,26.65,5.72
2023-04-04 09:00:00+02:00,695.62,491.18,293.41,30.44,8.16
2023-04-04 10:00:00+02:00,823.92,511.18,341.14,31.83,9.19
2023-04-04 11:00:00+02:00,958.78,790.84,227.79,32.74,9.54
2023-04-04 12:00:00+02:00,944.03,733.03,260.05,33.33,9.42
2023-04-04 13:00:00+02:00,866.35,691.32,247.32,33.51,9.03
2023-04-04 14:00:00+02:00,714.0,602.83,245.2,33.21,8.38
2023-04-04 15:00:00+02:00,511.08,478.8,214.91,32.45,7.61
2023-04-04 16:00:00+02:00,278.5,270.8,156.53,31.01,6.76
2023-04-04 17:00:00+02:00,81.38,36.53,72.99,27.62,5.26
2023-04-04 18:00:00+02:00,0.0,0.0,0.0,23.88,5.37
2023-04-04 19:00:00+02:00,0.0,0.0,0.0,21.66,5.65
2023-04-04 20:00:00+02:00,0.0,0.0,0.0,19.31,4.38
2023-04-04 21:00:00+02:00,0.0,0.0,0.0,17.42,2.72
2023-04-04 22:00:00+02:00,0.0,0.0,0.0,16.06,2.12
2023-04-04 23:00:00+02:00,0.0,0.0,0.0,15.5,1.7
2023-04-05 00:00:00+02:00,0.0,0.0,0.0,15.55,1.13
2023-04-05 01:00:00+02:00,0.0,0.0,0.0,15.3,0.93
2023-04-05 02:00:00+02:00,0.0,0.0,0.0,14.85,1.28
2023-04-05 03:00:00+02:00,0.0,0.0,0.0,14.04,1.7
2023-04-05 04:00:00+02:00,0.0,0.0,0.0,13.3,2.05
2023-04-05 05:00:00+02:00,0.0,0.0,0.0,12.87,2.18
2023-04-05 06:00:00+02:00,60.67,0.0,58.04,15.02,2.06
2023-04-05 07:00:00+02:00,168.38,1.58,154.41,18.48,1.23
2023-04-05 08:00:00+02:00,332.9,34.21,275.57,21.58,1.04
2023-04-05 09:00:00+02:00,479.17,40.4,340.76,23.74,1.74
2023-04-05 10:00:00+02:00,625.95,76.5,454.76,25.39,2.18
2023-04-05 11:00:00+02:00,922.0,531.32,399.18,26.6,2.42
2023-04-05 12:00:00+02:00,884.1,538.87,476.69,27.54,2.62
2023-04-05 13:00:00+02:00,804.8,597.76,276.91,28.07,3.04
2023-04-05 14:00:00+02:00,636.65,241.09,468.35,28.13,3.55
2023-04-05 15:00:00+02:00,468.7,214.43,318.52,27.62,4.0
2023-04-05 16:00:00+02:00,259.55,123.86,211.06,26.46,4.51
2023-04-05 17:00:00+02:00,76.9,47.53,67.04,24.08,4.24
2023-04-05 18:00:00+02:00,0.0,0.0,0.0,21.05,5.11
2023-04-05 19:00:00+02:00,0.0,0.0,0.0,19.03,5.86
2023-04-05 20:00:00+02:00,0.0,0.0,0.0,17.09,4.88
2023-04-05 21:00:00+02:00,0.0,0.0,0.0,15.78,3.05
2023-04-05 22:00:00+02:00,0.0,0.0,0.0,14.66,2.15
2023-04-05 23:00:00+02:00,0.0,0.0,0.0,13.85,1.96
2023-04-06 00:00:00+02:00,0.0,0.0,0.0,13.36,1.86
2023-04-06 01:00:00+02:00,0.0,0.0,0.0,12.99,1.76
2023-04-06 02:00:00+02:00,0.0,0.0,0.0,12.75,1.61
2023-04-06 03:00:00+02:00,0.0,0.0,0.0,12.65,1.4
2023-04-06 04:00:00+02:00,0.0,0.0,0.0,12.55,1.21
2023-04-06 05:00:00+02:00,3.9,4.18,5.66,12.3,1.11
2023-04-06 06:00:00+02:00,124.3,327.23,62.21,13.7,1.2
2023-04-06 07:00:00+02:00,345.92,570.24,117.37,16.73,1.75
2023-04-06 08:00:00+02:00,565.65,712.67,136.04,19.37,1.82
2023-04-06 09:00:00+02:00,747.7,746.43,178.72,21.87,2.07
2023-04-06 10:00:00+02:00,878.15,802.95,178.64,23.95,2.1
2023-04-06 11:00:00+02:00,940.95,778.13,211.87,25.72,1.96
2023-04-06 12:00:00+02:00,939.92,775.55,204.65,27.12,1.9
2023-04-06 13:00:00+02:00,859.0,720.33,220.89,28.08,1.98
2023-04-06 14:00:00+02:00,712.35,641.18,215.46,28.42,2.24
2023-04-06 15:00:00+02:00,501.4,484.27,204.87,28.18,2.66
2023-04-06 16:00:00+02:00,275.65,282.22,162.46,27.27,3.08
2023-04-06 17:00:00+02:00,81.72,38.98,69.8,24.23,2.39
2023-04-06 18:00:00+02:00,0.0,0.0,0.0,20.46,2.96
2023-04-06 19:00:00+02:00,0.0,0.0,0.0,19.39,3.31
2023-04-06 20:00:00+02:00,0.0,0.0,0.0,18.45,3.5
2023-04-06 21:00:00+02:00,0.0,0.0,0.0,17.61,3.52
2023-04-06 22:00:00+02:00,0.0,0.0,0.0,17.81,3.47
2023-04-06 23:00:00+02:00,0.0,0.0,0.0,16.44,3.08
2023-04-07 00:00:00+02:00,0.0,0.0,0.0,15.69,3.11
2023-04-07 01:00:00+02:00,0.0,0.0,0.0,15.37,3.23
2023-04-07 02:00:00+02:00,0.0,0.0,0.0,15.31,3.4
2023-04-07 03:00:00+02:00,0.0,0.0,0.0,15.66,3.56
2023-04-07 04:00:00+02:00,0.0,0.0,0.0,16.83,3.86
2023-04-07 05:00:00+02:00,4.07,0.0,5.84,17.31,4.3
2023-04-07 06:00:00+02:00,88.53,9.56,81.2,20.01,5.71
2023-04-07 07:00:00+02:00,266.02,60.21,231.08,23.11,6.38
2023-04-07 08:00:00+02:00,469.92,172.84,358.57,27.26,6.45
2023-04-07 09:00:00+02:00,699.95,403.14,332.48,30.62,8.38
2023-04-07 10:00:00+02:00,842.45,451.15,419.02,31.82,9.05
2023-04-07 11:00:00+02:00,912.2,449.91,442.8,32.97,9.16
2023-04-07 12:00:00+02:00,905.28,486.08,391.4,34.33,9.09
2023-04-07 13:00:00+02:00,782.95,333.9,464.75,35.11,8.81
2023-04-07 14:00:00+02:00,635.45,291.16,403.55,35.18,8.39
2023-04-07 15:00:00+02:00,445.95,177.07,344.47,34.0,7.9
2023-04-07 16:00:00+02:00,228.3,101.41,183.49,32.16,7.32
2023-04-07 17:00:00+02:00,76.3,11.2,65.93,28.98,6.93
2023-04-07 18:00:00+02:00,0.0,0.0,0.0,25.29,6.33
2023-04-07 19:00:00+02:00,0.0,0.0,0.0,22.73,5.02
2023-04-07 20:00:00+02:00,0.0,0.0,0.0,20.9,3.44
2023-04-07 21:00:00+02:00,0.0,0.0,0.0,19.39,2.46
2023-04-07 22:00:00+02:00,0.0,0.0,0.0,18.4,1.97
2023-04-07 23:00:00+02:00,0.0,0.0,0.0,17.67,1.63
2023-04-08 00:00:00+02:00,0.0,0.0,0.0,17.36,1.29
2023-04-08 01:00:00+02:00,0.0,0.0,0.0,16.57,1.52
2023-04-08 02:00:00+02:00,0.0,0.0,0.0,16.13,1.79
2023-04-08 03:00:00+02:00,0.0,0.0,0.0,15.98,1.87
2023-04-08 04:00:00+02:00,0.0,0.0,0.0,16.04,1.92
2023-04-08 05:00:00+02:00,3.72,0.0,5.58,15.53,2.38
2023-04-08 06:00:00+02:00,71.68,17.26,64.81,17.47,3.93
2023-04-08 07:00:00+02:00,185.77,42.04,155.99,20.08,4.08
2023-04-08 08:00:00+02:00,314.85,28.92,267.23,22.8,3.55
2023-04-08 09:00:00+02:00,490.85,38.13,398.88,25.55,2.73
2023-04-08 10:00:00+02:00,648.75,103.53,480.35,28.21,1.56
2023-04-08 11:00:00+02:00,771.45,250.41,564.25,31.33,0.59
2023-04-08 12:00:00+02:00,806.08,283.74,480.64,33.54,1.15
2023-04-08 13:00:00+02:00,802.08,463.72,353.4,34.0,2.53
2023-04-08 14:00:00+02:00,653.72,321.36,379.44,34.33,3.43
2023-04-08 15:00:00+02:00,483.98,369.07,238.96,34.07,3.81
2023-04-08 16:00:00+02:00,251.38,163.5,181.72,32.53,4.47
2023-04-08 17:00:00+02:00,75.65,15.89,67.85,29.19,5.75
2023-04-08 18:00:00+02:00,0.0,0.0,0.0,24.65,7.2
2023-04-08 19:00:00+02:00,0.0,0.0,0.0,21.54,6.66
2023-04-08 20:00:00+02:00,0.0,0.0,0.0,20.46,5.28
2023-04-08 21:00:00+02:00,0.0,0.0,0.0,20.19,3.84
2023-04-08 22:00:00+02:00,0.0,0.0,0.0,19.99,2.77
2023-04-08 23:00:00+02:00,0.0,0.0,0.0,19.61,2.37
2023-04-09 00:00:00+02:00,0.0,0.0,0.0,19.21,2.32
2023-04-09 01:00:00+02:00,0.0,0.0,0.0,18.5,2.28
2023-04-09 02:00:00+02:00,0.0,0.0,0.0,18.29,2.02
2023-04-09 03:00:00+02:00,0.0,0.0,0.0,19.3,0.76
2023-04-09 04:00:00+02:00,0.0,0.0,0.0,18.23,1.72
2023-04-09 05:00:00+02:00,3.88,0.0,5.36,17.94,3.06
2023-04-09 06:00:00+02:00,71.28,1.04,62.82,18.46,3.7
2023-04-09 07:00:00+02:00,193.85,6.81,168.8,20.53,3.28
2023-04-09 08:00:00+02:00,322.5,23.79,263.13,23.91,3.16
2023-04-09 09:00:00+02:00,420.85,64.63,288.27,27.83,2.87
2023-04-09 10:00:00+02:00,606.28,126.25,374.93,31.5,2.93
2023-04-09 11:00:00+02:00,569.08,25.59,448.6,33.87,4.26
2023-04-09 12:00:00+02:00,241.18,5.88,193.05,35.0,5.98
2023-04-09 13:00:00+02:00,388.48,0.45,319.16,34.24,7.21
2023-04-09 14:00:00+02:00,315.58,0.13,259.17,32.8,7.28
2023-04-09 15:00:00+02:00,165.82,7.81,139.88,31.64,7.83
2023-04-09 16:00:00+02:00,87.78,0.0,76.27,30.3,9.16
2023-04-09 17:00:00+02:00,34.17,0.0,30.15,28.13,9.41
2023-04-09 18:00:00+02:00,0.0,0.0,0.0,25.87,7.68
2023-04-09 19:00:00+02:00,0.0,0.0,0.0,24.66,5.37
2023-04-09 20:00:00+02:00,0.0,0.0,0.0,23.76,3.28
2023-04-09 21:00:00+02:00,0.0,0.0,0.0,22.75,2.06
2023-04-09 22:00:00+02:00,0.0,0.0,0.0,22.14,1.54
2023-04-09 23:00:00+02:00,0.0,0.0,0.0,22.25,3.11
2023-04-10 00:00:00+02:00,0.0,0.0,0.0,22.51,4.0
2023-04-10 01:00:00+02:00,0.0,0.0,0.0,21.86,3.64
2023-04-10 02:00:00+02:00,0.0,0.0,0.0,20.36,2.84
2023-04-10 03:00:00+02:00,0.0,0.0,0.0,19.6,2.57
2023-04-10 04:00:00+02:00,0.0,0.0,0.0,19.38,2.73
2023-04-10 05:00:00+02:00,4.7,0.0,7.68,19.55,3.02
2023-04-10 06:00:00+02:00,90.03,27.89,80.31,21.34,4.41
2023-04-10 07:00:00+02:00,242.55,121.35,186.05,23.06,5.51
2023-04-10 08:00:00+02:00,449.48,173.04,311.2,25.26,6.37
2023-04-10 09:00:00+02:00,626.03,328.81,311.82,27.61,6.73
2023-04-10 10:00:00+02:00,826.42,527.4,334.43,30.02,6.93
2023-04-10 11:00:00+02:00,867.95,488.36,358.59,31.94,7.29
2023-04-10 12:00:00+02:00,856.17,426.3,397.68,32.92,7.73
2023-04-10 13:00:00+02:00,778.47,460.54,335.07,33.14,8.41
2023-04-10 14:00:00+02:00,599.25,209.33,375.19,32.42,9.37
2023-04-10 15:00:00+02:00,434.92,258.27,229.16,30.25,10.35
2023-04-10 16:00:00+02:00,231.25,126.3,163.39,27.01,10.6
2023-04-10 17:00:00+02:00,78.22,23.09,69.78,23.82,9.66
2023-04-10 18:00:00+02:00,0.0,0.0,0.0,21.43,8.01
2023-04-10 19:00:00+02:00,0.0,0.0,0.0,19.83,6.98
2023-04-10 20:00:00+02:00,0.0,0.0,0.0,18.38,6.37
2023-04-10 21:00:00+02:00,0.0,0.0,0.0,17.19,5.65
2023-04-10 22:00:00+02:00,0.0,0.0,0.0,16.31,4.94
2023-04-10 23:00:00+02:00,0.0,0.0,0.0,15.63,4.43
2023-04-11 00:00:00+02:00,0.0,0.0,0.0,15.11,4.04
2023-04-11 01:00:00+02:00,0.0,0.0,0.0,14.47,3.37
2023-04-11 02:00:00+02:00,0.0,0.0,0.0,13.95,3.04
2023-04-11 03:00:00+02:00,0.0,0.0,0.0,13.97,3.38
2023-04-11 04:00:00+02:00,0.0,0.0,0.0,14.02,3.28
2023-04-11 05:00:00+02:00,6.82,2.46,10.77,13.88,3.16
2023-04-11 06:00:00+02:00,137.4,283.93,82.97,15.0,3.9
2023-04-11 07:00:00+02:00,358.73,524.21,142.27,17.33,4.36
2023-04-11 08:00:00+02:00,587.45,663.98,171.28,19.5,5.03
2023-04-11 09:00:00+02:00,735.12,502.92,342.21,21.51,5.79
2023-04-11 10:00:00+02:00,877.95,642.49,325.89,23.14,6.19
2023-04-11 11:00:00+02:00,802.33,93.53,620.64,24.42,6.23
2023-04-11 12:00:00+02:00,692.05,554.3,228.18,25.39,6.59
2023-04-11 13:00:00+02:00,643.35,75.82,482.54,25.87,7.21
2023-04-11 14:00:00+02:00,473.4,50.62,378.76,25.68,7.56
2023-04-11 15:00:00+02:00,328.88,41.73,279.03,24.76,7.59
2023-04-11 16:00:00+02:00,174.35,141.79,127.11,23.31,7.44
2023-04-11 17:00:00+02:00,71.22,50.48,61.56,21.4,6.63
2023-04-11 18:00:00+02:00,0.0,0.0,0.0,19.46,4.75
2023-04-11 19:00:00+02:00,0.0,0.0,0.0,18.08,3.95
2023-04-11 20:00:00+02:00,0.0,0.0,0.0,17.12,3.82
2023-04-11 21:00:00+02:00,0.0,0.0,0.0,16.06,3.64
2023-04-11 22:00:00+02:00,0.0,0.0,0.0,15.11,2.6
2023-04-11 23:00:00+02:00,0.0,0.0,0.0,14.53,1.46
2023-04-12 00:00:00+02:00,0.0,0.0,0.0,14.14,0.66
2023-04-12 01:00:00+02:00,0.0,0.0,0.0,13.08,1.19
2023-04-12 02:00:00+02:00,0.0,0.0,0.0,12.36,1.95
2023-04-12 03:00:00+02:00,0.0,0.0,0.0,12.13,2.43
2023-04-12 04:00:00+02:00,0.0,0.0,0.0,11.96,3.22
2023-04-12 05:00:00+02:00,5.82,0.0,9.74,11.7,4.12
2023-04-12 06:00:00+02:00,89.53,36.79,76.99,12.29,5.65
2023-04-12 07:00:00+02:00,218.25,60.73,178.9,13.7,7.26
2023-04-12 08:00:00+02:00,383.95,58.92,314.29,15.09,8.24
2023-04-12 09:00:00+02:00,533.45,153.54,347.78,16.09,8.42
2023-04-12 10:00:00+02:00,718.6,255.77,427.35,17.08,8.23
2023-04-12 11:00:00+02:00,750.45,248.84,406.67,18.76,8.24
2023-04-12 12:00:00+02:00,721.75,382.16,340.74,20.2,8.49
2023-04-12 13:00:00+02:00,636.55,237.62,360.69,20.91,8.92
2023-04-12 14:00:00+02:00,530.0,206.98,326.08,20.79,9.37
2023-04-12 15:00:00+02:00,322.42,154.61,211.87,19.81,9.27
2023-04-12 16:00:00+02:00,187.52,141.41,131.56,18.74,8.81
2023-04-12 17:00:00+02:00,73.5,69.94,59.97,17.47,7.69
2023-04-12 18:00:00+02:00,0.0,0.0,0.0,15.9,5.74
2023-04-12 19:00:00+02:00,0.0,0.0,0.0,14.67,4.52
2023-04-12 20:00:00+02:00,0.0,0.0,0.0,13.78,4.14
2023-04-12 21:00:00+02:00,0.0,0.0,0.0,13.12,3.93
2023-04-12 22:00:00+02:00,0.0,0.0,0.0,12.95,4.31
2023-04-12 23:00:00+02:00,0.0,0.0,0.0,12.43,4.16
2023-04-13 00:00:00+02:00,0.0,0.0,0.0,12.1,4.65
2023-04-13 01:00:00+02:00,0.0,0.0,0.0,11.88,5.09
2023-04-13 02:00:00+02:00,0.0,0.0,0.0,11.62,5.22
2023-04-13 03:00:00+02:00,0.0,0.0,0.0,11.35,5.29
2023-04-13 04:00:00+02:00,0.0,0.0,0.0,11.09,5.38
2023-04-13 05:00:00+02:00,6.57,0.0,8.47,10.95,5.51
2023-04-13 06:00:00+02:00,118.32,98.54,92.62,12.43,6.23
2023-04-13 07:00:00+02:00,325.3,322.88,170.81,15.98,6.53
2023-04-13 08:00:00+02:00,548.83,470.54,235.01,19.03,7.7
2023-04-13 09:00:00+02:00,738.4,572.32,272.59,20.84,7.83
2023-04-13 10:00:00+02:00,856.85,554.09,345.63,22.6,7.95
2023-04-13 11:00:00+02:00,889.15,417.49,448.74,24.15,7.79
2023-04-13 12:00:00+02:00,885.47,580.42,329.63,25.34,7.38
2023-04-13 13:00:00+02:00,720.7,627.94,186.33,26.07,6.98
2023-04-13 14:00:00+02:00,649.17,395.39,323.66,26.24,6.61
2023-04-13 15:00:00+02:00,491.77,432.53,238.39,25.92,6.24
2023-04-13 16:00:00+02:00,300.7,424.05,136.1,24.97,5.79
2023-04-13 17:00:00+02:00,114.5,283.23,62.52,22.73,4.26
2023-04-13 18:00:00+02:00,0.0,0.0,0.0,19.02,3.55
2023-04-13 19:00:00+02:00,0.0,0.0,0.0,17.82,4.16
2023-04-13 20:00:00+02:00,0.0,0.0,0.0,16.5,3.91
2023-04-13 21:00:00+02:00,0.0,0.0,0.0,15.21,2.97
2023-04-13 22:00:00+02:00,0.0,0.0,0.0,14.26,2.43
2023-04-13 23:00:00+02:00,0.0,0.0,0.0,13.62,2.37
2023-04-14 00:00:00+02:00,0.0,0.0,0.0,13.12,2.45
2023-04-14 01:00:00+02:00,0.0,0.0,0.0,12.65,2.57
2023-04-14 02:00:00+02:00,0.0,0.0,0.0,12.2,2.63
2023-04-14 03:00:00+02:00,0.0,0.0,0.0,11.79,2.62
2023-04-14 04:00:00+02:00,0.0,0.0,0.0,11.48,2.54
2023-04-14 05:00:00+02:00,9.5,37.7,9.23,11.64,2.23
2023-04-14 06:00:00+02:00,161.75,502.33,52.93,14.82,1.85
2023-04-14 07:00:00+02:00,387.83,738.33,77.48,18.27,1.51
2023-04-14 08:00:00+02:00,612.45,839.81,98.48,22.18,1.31
2023-04-14 09:00:00+02:00,793.03,893.22,108.42,24.24,0.87
2023-04-14 10:00:00+02:00,919.4,890.52,147.74,25.95,0.63
2023-04-14 11:00:00+02:00,954.47,802.59,240.85,27.37,0.61
2023-04-14 12:00:00+02:00,925.17,533.94,439.05,28.49,0.77
2023-04-14 13:00:00+02:00,820.65,594.69,368.07,29.15,1.02
2023-04-14 14:00:00+02:00,670.47,430.84,376.88,29.25,1.33
2023-04-14 15:00:00+02:00,500.15,465.73,242.33,28.76,1.92
2023-04-14 16:00:00+02:00,295.88,327.35,168.34,27.78,2.6
2023-04-14 17:00:00+02:00,107.53,222.26,69.93,25.23,2.53
2023-04-14 18:00:00+02:00,0.0,0.0,0.0,21.84,3.67
2023-04-14 19:00:00+02:00,0.0,0.0,0.0,20.91,5.64
2023-04-14 20:00:00+02:00,0.0,0.0,0.0,19.34,5.67
2023-04-14 21:00:00+02:00,0.0,0.0,0.0,18.29,4.82
2023-04-14 22:00:00+02:00,0.0,0.0,0.0,17.43,3.96
2023-04-14 23:00:00+02:00,0.0,0.0,0.0,16.85,3.31
2023-04-15 00:00:00+02:00,0.0,0.0,0.0,16.21,2.63
2023-04-15 01:00:00+02:00,0.0,0.0,0.0,15.12,2.53
2023-04-15 02:00:00+02:00,0.0,0.0,0.0,14.65,2.73
2023-04-15 03:00:00+02:00,0.0,0.0,0.0,15.11,3.0
2023-04-15 04:00:00+02:00,0.0,0.0,0.0,15.29,2.87
2023-04-15 05:00:00+02:00,9.77,10.25,12.79,15.23,2.4
2023-04-15 06:00:00+02:00,140.4,199.67,98.59,17.08,3.39
2023-04-15 07:00:00+02:00,342.25,396.13,186.35,20.41,3.8
2023-04-15 08:00:00+02:00,541.75,542.09,230.08,23.59,3.63
2023-04-15 09:00:00+02:00,747.3,602.39,285.06,25.96,2.94
2023-04-15 10:00:00+02:00,884.3,692.55,285.04,28.01,2.51
2023-04-15 11:00:00+02:00,956.08,780.79,231.35,29.5,2.52
2023-04-15 12:00:00+02:00,968.72,897.14,139.64,30.56,2.83
2023-04-15 13:00:00+02:00,899.9,899.91,120.64,31.15,3.42
2023-04-15 14:00:00+02:00,762.72,863.16,114.45,31.13,4.23
2023-04-15 15:00:00+02:00,574.35,806.75,98.69,30.44,5.16
2023-04-15 16:00:00+02:00,351.35,685.67,86.37,28.9,6.21
2023-04-15 17:00:00+02:00,133.73,432.66,55.98,25.99,7.16
2023-04-15 18:00:00+02:00,0.0,0.0,0.0,22.08,7.12
2023-04-15 19:00:00+02:00,0.0,0.0,0.0,19.51,6.36
2023-04-15 20:00:00+02:00,0.0,0.0,0.0,18.14,4.79
2023-04-15 21:00:00+02:00,0.0,0.0,0.0,17.01,3.42
2023-04-15 22:00:00+02:00,0.0,0.0,0.0,15.92,2.81
2023-04-15 23:00:00+02:00,0.0,0.0,0.0,14.93,2.55
2023-04-16 00:00:00+02:00,0.0,0.0,0.0,14.13,2.41
2023-04-16 01:00:00+02:00,0.0,0.0,0.0,13.55,2.29
2023-04-16 02:00:00+02:00,0.0,0.0,0.0,13.08,2.21
2023-04-16 03:00:00+02:00,0.0,0.0,0.0,12.68,2.12
2023-04-16 04:00:00+02:00,0.0,0.0,0.0,12.4,2.0
2023-04-16 05:00:00+02:00,9.98,12.88,12.89,12.46,1.71
2023-04-16 06:00:00+02:00,142.65,211.08,96.69,14.95,1.55
2023-04-16 07:00:00+02:00,333.58,311.93,215.26,18.39,2.29
2023-04-16 08:00:00+02:00,538.95,358.25,324.53,21.83,2.45
2023-04-16 09:00:00+02:00,796.33,818.15,160.23,24.62,1.77
2023-04-16 10:00:00+02:00,930.5,872.0,158.92,27.24,0.79
2023-04-16 11:00:00+02:00,988.38,856.63,181.81,30.26,0.33
2023-04-16 12:00:00+02:00,988.38,873.2,164.18,31.99,0.91
2023-04-16 13:00:00+02:00,908.72,843.5,171.54,32.78,1.58
2023-04-16 14:00:00+02:00,764.78,796.78,161.4,32.95,2.14
2023-04-16 15:00:00+02:00,568.5,708.69,136.54,32.57,2.54
2023-04-16 16:00:00+02:00,338.95,524.79,128.6,31.58,2.97
2023-04-16 17:00:00+02:00,114.5,232.93,67.06,28.14,2.76
2023-04-16 18:00:00+02:00,3.42,0.91,5.15,23.88,3.96
2023-04-16 19:00:00+02:00,0.0,0.0,0.0,21.94,5.19
2023-04-16 20:00:00+02:00,0.0,0.0,0.0,19.55,4.96
2023-04-16 21:00:00+02:00,0.0,0.0,0.0,17.79,3.65
2023-04-16 22:00:00+02:00,0.0,0.0,0.0,16.53,2.68
2023-04-16 23:00:00+02:00,0.0,0.0,0.0,15.59,2.4
2023-04-17 00:00:00+02:00,0.0,0.0,0.0,14.82,2.4
2023-04-17 01:00:00+02:00,0.0,0.0,0.0,14.13,2.43
2023-04-17 02:00:00+02:00,0.0,0.0,0.0,13.46,2.45
2023-04-17 03:00:00+02:00,0.0,0.0,0.0,12.88,2.5
2023-04-17 04:00:00+02:00,0.0,0.0,0.0,12.37,2.61
2023-04-17 05:00:00+02:00,11.55,6.85,13.59,12.21,2.66
2023-04-17 06:00:00+02:00,166.75,383.59,75.39,15.37,3.85
2023-04-17 07:00:00+02:00,394.12,592.92,129.05,18.68,3.69
2023-04-17 08:00:00+02:00,616.17,714.33,159.66,22.82,3.83
2023-04-17 09:00:00+02:00,800.4,797.08,174.75,26.64,4.08
2023-04-17 10:00:00+02:00,933.33,851.5,171.47,30.23,3.77
2023-04-17 11:00:00+02:00,1003.1,890.43,161.57,32.46,2.75
2023-04-17 12:00:00+02:00,997.78,906.18,146.69,33.93,1.55
2023-04-17 13:00:00+02:00,919.08,890.81,142.38,34.8,0.4
2023-04-17 14:00:00+02:00,776.28,836.48,144.07,35.11,0.81
2023-04-17 15:00:00+02:00,581.08,765.42,126.94,34.83,1.28
2023-04-17 16:00:00+02:00,351.75,600.72,109.81,33.95,1.38
2023-04-17 17:00:00+02:00,123.47,297.77,67.16,31.13,1.32
2023-04-17 18:00:00+02:00,3.95,0.86,5.89,26.98,2.51
2023-04-17 19:00:00+02:00,0.0,0.0,0.0,24.1,3.21
2023-04-17 20:00:00+02:00,0.0,0.0,0.0,22.04,3.09
2023-04-17 21:00:00+02:00,0.0,0.0,0.0,20.26,2.88
2023-04-17 22:00:00+02:00,0.0,0.0,0.0,19.78,2.66
2023-04-17 23:00:00+02:00,0.0,0.0,0.0,19.25,2.43
2023-04-18 00:00:00+02:00,0.0,0.0,0.0,18.94,2.33
2023-04-18 01:00:00+02:00,0.0,0.0,0.0,18.85,2.39
2023-04-18 02:00:00+02:00,0.0,0.0,0.0,18.95,2.54
2023-04-18 03:00:00+02:00,0.0,0.0,0.0,19.25,2.75
2023-04-18 04:00:00+02:00,0.0,0.0,0.0,19.36,2.95
2023-04-18 05:00:00+02:00,12.18,3.31,14.84,19.0,2.99
2023-04-18 06:00:00+02:00,153.0,231.83,96.34,21.91,2.42
2023-04-18 07:00:00+02:00,339.58,356.89,201.39,26.32,2.73
2023-04-18 08:00:00+02:00,521.4,436.24,289.48,30.52,1.87
2023-04-18 09:00:00+02:00,740.22,485.41,338.84,35.35,1.89
2023-04-18 10:00:00+02:00,876.97,600.48,339.64,37.28,3.22
2023-04-18 11:00:00+02:00,987.5,830.45,197.92,38.22,3.68
2023-04-18 12:00:00+02:00,982.88,839.89,181.04,38.68,3.91
2023-04-18 13:00:00+02:00,889.88,771.08,203.07,38.77,4.19
2023-04-18 14:00:00+02:00,736.88,693.47,199.86,37.19,4.18
2023-04-18 15:00:00+02:00,534.03,552.68,190.76,35.67,3.51
2023-04-18 16:00:00+02:00,306.9,364.59,161.24,33.3,2.11
2023-04-18 17:00:00+02:00,103.82,88.17,85.4,30.58,2.24
2023-04-18 18:00:00+02:00,3.8,0.0,6.0,28.22,2.57
2023-04-18 19:00:00+02:00,0.0,0.0,0.0,26.64,2.91
2023-04-18 20:00:00+02:00,0.0,0.0,0.0,24.99,3.28
2023-04-18 21:00:00+02:00,0.0,0.0,0.0,23.84,3.71
2023-04-18 22:00:00+02:00,0.0,0.0,0.0,22.68,4.27
2023-04-18 23:00:00+02:00,0.0,0.0,0.0,21.44,4.39
2023-04-19 00:00:00+02:00,0.0,0.0,0.0,20.89,4.72
2023-04-19 01:00:00+02:00,0.0,0.0,0.0,20.16,3.06
2023-04-19 02:00:00+02:00,0.0,0.0,0.0,19.9,2.05
2023-04-19 03:00:00+02:00,0.0,0.0,0.0,19.83,1.89
2023-04-19 04:00:00+02:00,0.0,0.0,0.0,19.67,1.98
2023-04-19 05:00:00+02:00,10.52,0.0,13.35,19.13,2.29
2023-04-19 06:00:00+02:00,112.4,39.26,96.52,21.41,3.34
2023-04-19 07:00:00+02:00,254.95,123.48,196.05,23.94,3.9
2023-04-19 08:00:00+02:00,451.73,111.77,323.14,26.79,1.96
2023-04-19 09:00:00+02:00,488.0,38.54,377.86,29.21,1.85
2023-04-19 10:00:00+02:00,602.38,37.7,484.7,31.01,2.93
2023-04-19 11:00:00+02:00,627.92,28.72,499.75,32.29,2.31
2023-04-19 12:00:00+02:00,653.85,82.46,511.09,34.32,2.43
2023-04-19 13:00:00+02:00,581.72,47.7,435.73,36.77,4.18
2023-04-19 14:00:00+02:00,436.8,15.76,354.62,37.02,5.4
2023-04-19 15:00:00+02:00,220.75,10.35,188.84,36.2,5.65
2023-04-19 16:00:00+02:00,152.35,37.1,134.05,34.83,5.32
2023-04-19 17:00:00+02:00,63.53,12.99,58.32,31.71,6.13
2023-04-19 18:00:00+02:00,3.38,0.0,5.35,28.18,7.04
2023-04-19 19:00:00+02:00,0.0,0.0,0.0,25.88,6.2
2023-04-19 20:00:00+02:00,0.0,0.0,0.0,24.43,5.58
2023-04-19 21:00:00+02:00,0.0,0.0,0.0,23.03,5.86
2023-04-19 22:00:00+02:00,0.0,0.0,0.0,21.28,5.99
2023-04-19 23:00:00+02:00,0.0,0.0,0.0,19.62,5.84
2023-04-20 00:00:00+02:00,0.0,0.0,0.0,18.37,5.32
2023-04-20 01:00:00+02:00,0.0,0.0,0.0,17.51,4.56
2023-04-20 02:00:00+02:00,0.0,0.0,0.0,16.81,3.67
2023-04-20 03:00:00+02:00,0.0,0.0,0.0,16.13,2.92
2023-04-20 04:00:00+02:00,0.0,0.0,0.0,15.41,2.28
2023-04-20 05:00:00+02:00,13.0,2.45,16.52,14.96,2.56
2023-04-20 06:00:00+02:00,139.98,113.66,116.07,16.41,4.04
2023-04-20 07:00:00+02:00,333.75,142.74,263.22,18.66,4.63
2023-04-20 08:00:00+02:00,505.02,136.01,406.93,21.14,4.84
2023-04-20 09:00:00+02:00,690.2,196.12,478.8,23.62,4.83
2023-04-20 10:00:00+02:00,836.42,364.02,530.47,25.68,4.7
2023-04-20 11:00:00+02:00,996.42,767.07,264.32,27.33,4.51
2023-04-20 12:00:00+02:00,989.58,783.26,264.13,28.62,4.39
2023-04-20 13:00:00+02:00,907.97,810.81,196.47,29.45,4.48
2023-04-20 14:00:00+02:00,774.55,792.15,184.37,29.7,4.81
2023-04-20 15:00:00+02:00,583.62,724.9,147.77,29.35,5.36
2023-04-20 16:00:00+02:00,360.02,609.53,112.69,28.23,6.06
2023-04-20 17:00:00+02:00,130.3,376.37,56.44,26.22,6.5
2023-04-20 18:00:00+02:00,4.9,14.45,6.71,23.24,6.06
2023-04-20 19:00:00+02:00,0.0,0.0,0.0,21.05,5.26
2023-04-20 20:00:00+02:00,0.0,0.0,0.0,19.33,3.71
2023-04-20 21:00:00+02:00,0.0,0.0,0.0,17.9,2.46
2023-04-20 22:00:00+02:00,0.0,0.0,0.0,16.83,2.05
2023-04-20 23:00:00+02:00,0.0,0.0,0.0,15.96,1.96
2023-04-21 00:00:00+02:00,0.0,0.0,0.0,15.24,1.86
2023-04-21 01:00:00+02:00,0.0,0.0,0.0,14.68,1.77
2023-04-21 02:00:00+02:00,0.0,0.0,0.0,14.27,1.62
2023-04-21 03:00:00+02:00,0.0,0.0,0.0,14.08,1.4
2023-04-21 04:00:00+02:00,0.0,0.0,0.0,13.96,1.2
2023-04-21 05:00:00+02:00,17.33,72.87,16.45,13.89,1.14
2023-04-21 06:00:00+02:00,182.68,477.68,72.95,16.1,1.79
2023-04-21 07:00:00+02:00,405.45,599.3,141.08,19.15,2.91
2023-04-21 08:00:00+02:00,614.53,644.44,205.17,21.65,3.58
2023-04-21 09:00:00+02:00,794.35,696.92,238.16,23.87,4.03
2023-04-21 10:00:00+02:00,916.95,831.48,191.97,25.78,4.14
2023-04-21 11:00:00+02:00,975.17,709.07,294.85,27.2,4.03
2023-04-21 12:00:00+02:00,944.3,562.77,388.37,28.18,3.97
2023-04-21 13:00:00+02:00,775.95,329.95,469.81,28.64,4.11
2023-04-21 14:00:00+02:00,464.17,8.04,378.23,28.52,4.31
2023-04-21 15:00:00+02:00,350.8,34.94,297.32,27.86,4.59
2023-04-21 16:00:00+02:00,218.95,90.74,173.75,26.55,4.87
2023-04-21 17:00:00+02:00,86.38,51.15,79.0,24.8,5.36
2023-04-21 18:00:00+02:00,4.38,0.0,7.07,22.35,5.81
2023-04-21 19:00:00+02:00,0.0,0.0,0.0,20.34,6.19
2023-04-21 20:00:00+02:00,0.0,0.0,0.0,18.9,5.31
2023-04-21 21:00:00+02:00,0.0,0.0,0.0,18.19,4.28
2023-04-21 22:00:00+02:00,0.0,0.0,0.0,17.8,3.31
2023-04-21 23:00:00+02:00,0.0,0.0,0.0,17.3,2.92
2023-04-22 00:00:00+02:00,0.0,0.0,0.0,16.78,2.83
2023-04-22 01:00:00+02:00,0.0,0.0,0.0,16.21,2.58
2023-04-22 02:00:00+02:00,0.0,0.0,0.0,15.32,2.33
2023-04-22 03:00:00+02:00,0.0,0.0,0.0,14.34,2.39
2023-04-22 04:00:00+02:00,0.0,0.0,0.0,13.76,2.44
2023-04-22 05:00:00+02:00,14.12,0.46,14.99,13.68,2.47
2023-04-22 06:00:00+02:00,143.18,113.29,106.49,16.26,4.13
2023-04-22 07:00:00+02:00,324.8,270.44,187.02,19.0,4.95
2023-04-22 08:00:00+02:00,533.33,358.19,260.01,21.74,4.8
2023-04-22 09:00:00+02:00,722.15,471.17,306.99,24.48,4.58
2023-04-22 10:00:00+02:00,850.33,504.92,354.1,26.95,4.15
2023-04-22 11:00:00+02:00,971.65,744.6,244.76,28.91,3.69
2023-04-22 12:00:00+02:00,953.83,713.62,258.98,30.14,3.74
2023-04-22 13:00:00+02:00,825.17,448.27,424.18,30.71,4.2
2023-04-22 14:00:00+02:00,708.0,507.7,286.4,30.61,4.81
2023-04-22 15:00:00+02:00,507.02,439.61,228.4,29.8,5.5
2023-04-22 16:00:00+02:00,287.5,258.44,175.28,28.25,6.06
2023-04-22 17:00:00+02:00,104.15,61.28,93.74,25.89,6.35
2023-04-22 18:00:00+02:00,4.65,0.0,6.86,22.94,6.24
2023-04-22 19:00:00+02:00,0.0,0.0,0.0,20.69,6.32
2023-04-22 20:00:00+02:00,0.0,0.0,0.0,19.35,6.01
2023-04-22 21:00:00+02:00,0.0,0.0,0.0,18.45,4.81
2023-04-22 22:00:00+02:00,0.0,0.0,0.0,17.63,3.46
2023-04-22 23:00:00+02:00,0.0,0.0,0.0,16.7,2.45
2023-04-23 00:00:00+02:00,0.0,0.0,0.0,16.48,2.59
2023-04-23 01:00:00+02:00,0.0,0.0,0.0,16.36,2.72
2023-04-23 02:00:00+02:00,0.0,0.0,0.0,15.96,2.46
2023-04-23 03:00:00+02:00,0.0,0.0,0.0,15.29,2.22
2023-04-23 04:00:00+02:00,0.0,0.0,0.0,14.33,2.46
2023-04-23 05:00:00+02:00,11.3,0.0,11.63,14.28,2.65
2023-04-23 06:00:00+02:00,116.57,10.42,101.45,16.73,4.11
2023-04-23 07:00:00+02:00,269.75,31.78,224.91,19.55,4.63
2023-04-23 08:00:00+02:00,442.7,115.39,359.69,22.44,4.48
2023-04-23 09:00:00+02:00,627.42,122.72,424.99,25.28,4.16
2023-04-23 10:00:00+02:00,756.53,239.57,532.8,27.78,3.85
2023-04-23 11:00:00+02:00,767.65,229.98,461.73,29.23,4.12
2023-04-23 12:00:00+02:00,723.9,308.12,373.01,30.84,4.3
2023-04-23 13:00:00+02:00,589.47,106.07,424.24,30.21,4.35
2023-04-23 14:00:00+02:00,419.12,6.48,341.64,30.91,4.41
2023-04-23 15:00:00+02:00,297.95,16.4,245.31,30.36,4.44
2023-04-23 16:00:00+02:00,195.5,32.79,167.39,29.0,4.92
2023-04-23 17:00:00+02:00,83.0,10.22,74.49,27.11,4.9
2023-04-23 18:00:00+02:00,4.45,0.0,6.87,23.63,3.78
2023-04-23 19:00:00+02:00,0.0,0.0,0.0,21.86,4.18
2023-04-23 20:00:00+02:00,0.0,0.0,0.0,20.24,3.77
2023-04-23 21:00:00+02:00,0.0,0.0,0.0,18.88,3.29
2023-04-23 22:00:00+02:00,0.0,0.0,0.0,17.75,2.8
2023-04-23 23:00:00+02:00,0.0,0.0,0.0,16.83,2.56
2023-04-24 00:00:00+02:00,0.0,0.0,0.0,16.04,2.49
2023-04-24 01:00:00+02:00,0.0,0.0,0.0,15.36,2.5
2023-04-24 02:00:00+02:00,0.0,0.0,0.0,14.73,2.52
2023-04-24 03:00:00+02:00,0.0,0.0,0.0,14.18,2.51
2023-04-24 04:00:00+02:00,0.0,0.0,0.0,13.69,2.48
2023-04-24 05:00:00+02:00,18.12,22.85,17.04,13.7,2.28
2023-04-24 06:00:00+02:00,186.82,420.2,76.59,16.8,2.84
2023-04-24 07:00:00+02:00,403.73,622.57,116.01,20.2,3.35
2023-04-24 08:00:00+02:00,621.08,721.48,149.28,23.67,3.54
2023-04-24 09:00:00+02:00,796.17,791.85,162.33,26.72,3.55
2023-04-24 10:00:00+02:00,934.5,863.86,148.42,29.09,3.38
2023-04-24 11:00:00+02:00,995.88,884.07,154.4,30.89,3.35
2023-04-24 12:00:00+02:00,992.38,920.66,124.5,32.05,3.52
2023-04-24 13:00:00+02:00,918.53,903.81,122.87,32.64,3.93
2023-04-24 14:00:00+02:00,782.03,874.46,113.91,32.66,4.81
2023-04-24 15:00:00+02:00,591.17,815.52,102.49,32.02,6.1
2023-04-24 16:00:00+02:00,367.73,670.27,93.1,30.47,7.35
2023-04-24 17:00:00+02:00,142.18,417.45,56.53,27.72,8.04
2023-04-24 18:00:00+02:00,6.15,10.94,8.56,24.32,7.14
2023-04-24 19:00:00+02:00,0.0,0.0,0.0,21.83,5.34
2023-04-24 20:00:00+02:00,0.0,0.0,0.0,19.98,3.89
2023-04-24 21:00:00+02:00,0.0,0.0,0.0,18.52,3.01
2023-04-24 22:00:00+02:00,0.0,0.0,0.0,17.45,2.46
2023-04-24 23:00:00+02:00,0.0,0.0,0.0,16.59,2.17
2023-04-25 00:00:00+02:00,0.0,0.0,0.0,15.86,2.12
2023-04-25 01:00:00+02:00,0.0,0.0,0.0,15.24,2.14
2023-04-25 02:00:00+02:00,0.0,0.0,0.0,14.69,2.19
2023-04-25 03:00:00+02:00,0.0,0.0,0.0,14.2,2.28
2023-04-25 04:00:00+02:00,0.0,0.0,0.0,13.78,2.37
2023-04-25 05:00:00+02:00,21.7,71.54,17.42,13.81,2.33
2023-04-25 06:00:00+02:00,200.9,528.69,63.67,16.78,3.26
2023-04-25 07:00:00+02:00,429.95,725.66,93.78,20.37,2.67
2023-04-25 08:00:00+02:00,645.75,815.23,117.43,23.58,1.98
2023-04-25 09:00:00+02:00,822.08,873.35,123.64,26.26,2.49
2023-04-25 10:00:00+02:00,947.08,900.36,132.96,28.63,3.2
2023-04-25 11:00:00+02:00,1005.08,903.68,145.42,30.38,3.76
2023-04-25 12:00:00+02:00,996.0,897.06,144.62,31.51,4.05
2023-04-25 13:00:00+02:00,918.62,882.99,137.18,32.16,4.23
2023-04-25 14:00:00+02:00,777.6,839.47,132.44,32.29,4.45
2023-04-25 15:00:00+02:00,586.92,774.33,117.36,31.9,4.85
2023-04-25 16:00:00+02:00,364.35,636.38,102.76,30.83,5.35
2023-04-25 17:00:00+02:00,138.95,363.92,62.22,28.95,5.9
2023-04-25 18:00:00+02:00,6.43,5.03,9.19,25.64,6.09
2023-04-25 19:00:00+02:00,0.0,0.0,0.0,22.94,6.06
2023-04-25 20:00:00+02:00,0.0,0.0,0.0,20.94,4.46
2023-04-25 21:00:00+02:00,0.0,0.0,0.0,19.29,2.83
2023-04-25 22:00:00+02:00,0.0,0.0,0.0,18.07,2.24
2023-04-25 23:00:00+02:00,0.0,0.0,0.0,17.21,2.16
2023-04-26 00:00:00+02:00,0.0,0.0,0.0,16.58,2.29
2023-04-26 01:00:00+02:00,0.0,0.0,0.0,16.05,2.46
2023-04-26 02:00:00+02:00,0.0,0.0,0.0,15.61,2.63
2023-04-26 03:00:00+02:00,0.0,0.0,0.0,15.34,2.79
2023-04-26 04:00:00+02:00,0.0,0.0,0.0,15.23,2.9
2023-04-26 05:00:00+02:00,20.25,32.65,21.27,15.45,2.79
2023-04-26 06:00:00+02:00,188.7,332.52,101.46,18.6,3.68
2023-04-26 07:00:00+02:00,407.6,483.07,200.46,22.06,3.07
2023-04-26 08:00:00+02:00,617.22,579.27,245.08,26.27,1.88
2023-04-26 09:00:00+02:00,798.38,724.55,233.6,29.3,1.12
2023-04-26 10:00:00+02:00,923.67,741.74,246.06,31.39,2.32
2023-04-26 11:00:00+02:00,988.08,847.78,208.33,32.69,2.41
2023-04-26 12:00:00+02:00,986.38,816.9,199.59,33.57,2.43
2023-04-26 13:00:00+02:00,916.9,868.83,143.76,34.09,2.58
2023-04-26 14:00:00+02:00,775.1,808.29,148.9,34.14,2.89
2023-04-26 15:00:00+02:00,581.9,727.65,134.42,33.74,3.36
2023-04-26 16:00:00+02:00,355.23,550.88,123.7,32.78,3.96
2023-04-26 17:00:00+02:00,131.57,279.9,72.39,30.81,4.68
2023-04-26 18:00:00+02:00,6.22,2.73,9.52,27.12,5.94
2023-04-26 19:00:00+02:00,0.0,0.0,0.0,23.86,6.93
2023-04-26 20:00:00+02:00,0.0,0.0,0.0,21.04,5.61
2023-04-26 21:00:00+02:00,0.0,0.0,0.0,19.61,3.94
2023-04-26 22:00:00+02:00,0.0,0.0,0.0,18.59,2.7
2023-04-26 23:00:00+02:00,0.0,0.0,0.0,17.63,2.29
2023-04-27 00:00:00+02:00,0.0,0.0,0.0,16.84,2.29
2023-04-27 01:00:00+02:00,0.0,0.0,0.0,16.17,2.39
2023-04-27 02:00:00+02:00,0.0,0.0,0.0,15.61,2.52
2023-04-27 03:00:00+02:00,0.0,0.0,0.0,15.22,2.69
2023-04-27 04:00:00+02:00,0.0,0.0,0.0,15.01,2.88
2023-04-27 05:00:00+02:00,20.27,16.37,21.41,15.52,3.1
2023-04-27 06:00:00+02:00,173.65,287.43,98.8,19.21,4.73
2023-04-27 07:00:00+02:00,348.85,414.63,160.79,22.91,4.05
2023-04-27 08:00:00+02:00,580.47,426.05,277.01,27.89,1.57
2023-04-27 09:00:00+02:00,796.17,705.55,210.26,30.86,2.09
2023-04-27 10:00:00+02:00,924.67,765.81,207.73,32.66,3.11
2023-04-27 11:00:00+02:00,989.17,819.81,182.82,33.97,4.1
2023-04-27 12:00:00+02:00,957.9,732.23,241.95,34.86,5.22
2023-04-27 13:00:00+02:00,882.55,681.56,262.5,35.25,6.45
2023-04-27 14:00:00+02:00,718.88,587.82,247.9,34.94,7.5
2023-04-27 15:00:00+02:00,532.33,508.0,208.74,33.95,8.32
2023-04-27 16:00:00+02:00,327.45,389.09,157.04,32.2,8.94
2023-04-27 17:00:00+02:00,126.9,208.53,83.74,29.72,8.74
2023-04-27 18:00:00+02:00,6.53,0.96,9.74,26.7,7.45
2023-04-27 19:00:00+02:00,0.0,0.0,0.0,24.27,5.68
2023-04-27 20:00:00+02:00,0.0,0.0,0.0,22.55,4.79
2023-04-27 21:00:00+02:00,0.0,0.0,0.0,21.11,3.94
2023-04-27 22:00:00+02:00,0.0,0.0,0.0,19.97,2.91
2023-04-27 23:00:00+02:00,0.0,0.0,0.0,19.03,2.17
2023-04-28 01:00:00+03:00,0.0,0.0,0.0,18.26,2.0
2023-04-28 02:00:00+03:00,0.0,0.0,0.0,17.57,2.12
2023-04-28 03:00:00+03:00,0.0,0.0,0.0,16.99,2.33
2023-04-28 04:00:00+03:00,0.0,0.0,0.0,16.39,2.23
2023-04-28 05:00:00+03:00,0.0,0.0,0.0,15.97,2.05
2023-04-28 06:00:00+03:00,23.08,30.18,23.34,15.77,2.34
2023-04-28 07:00:00+03:00,189.6,323.05,107.32,17.81,3.6
2023-04-28 08:00:00+03:00,389.33,405.83,200.93,20.06,3.75
2023-04-28 09:00:00+03:00,579.3,413.05,290.14,22.21,3.93
2023-04-28 10:00:00+03:00,728.33,257.83,465.14,24.3,4.44
2023-04-28 11:00:00+03:00,836.47,280.19,563.89,26.16,5.04
2023-04-28 12:00:00+03:00,879.3,291.03,531.88,27.65,5.6
2023-04-28 13:00:00+03:00,753.83,635.26,192.88,28.63,6.23
2023-04-28 14:00:00+03:00,720.38,43.71,579.95,29.09,7.12
2023-04-28 15:00:00+03:00,576.6,28.72,469.31,28.81,8.07
2023-04-28 16:00:00+03:00,453.98,139.76,319.67,27.51,8.9
2023-04-28 17:00:00+03:00,265.73,191.72,181.26,25.49,9.21
2023-04-28 18:00:00+03:00,117.0,186.15,80.97,23.38,8.92
2023-04-28 19:00:00+03:00,7.1,8.97,9.09,21.24,7.87
2023-04-28 20:00:00+03:00,0.0,0.0,0.0,19.72,6.81
2023-04-28 21:00:00+03:00,0.0,0.0,0.0,18.44,5.99
2023-04-28 22:00:00+03:00,0.0,0.0,0.0,17.35,4.99
2023-04-28 23:00:00+03:00,0.0,0.0,0.0,16.26,3.91
2023-04-29 00:00:00+03:00,0.0,0.0,0.0,15.4,3.64
2023-04-29 01:00:00+03:00,0.0,0.0,0.0,14.84,3.77
2023-04-29 02:00:00+03:00,0.0,0.0,0.0,14.46,3.99
2023-04-29 03:00:00+03:00,0.0,0.0,0.0,14.12,4.08
2023-04-29 04:00:00+03:00,0.0,0.0,0.0,13.8,4.1
2023-04-29 05:00:00+03:00,0.0,0.0,0.0,13.54,4.21
2023-04-29 06:00:00+03:00,24.88,76.0,21.89,13.61,4.66
2023-04-29 07:00:00+03:00,194.7,419.92,83.78,15.7,5.4
2023-04-29 08:00:00+03:00,397.95,495.82,162.61,18.91,6.46
2023-04-29 09:00:00+03:00,607.7,595.15,218.3,21.06,6.63
2023-04-29 10:00:00+03:00,673.17,205.63,519.42,23.0,6.71
2023-04-29 11:00:00+03:00,769.2,140.47,592.04,24.65,6.98
2023-04-29 12:00:00+03:00,827.38,159.47,574.72,25.88,7.37
2023-04-29 13:00:00+03:00,757.85,650.43,186.26,26.67,7.89
2023-04-29 14:00:00+03:00,703.33,649.31,178.99,26.89,8.49
2023-04-29 15:00:00+03:00,610.2,259.56,353.97,26.2,8.98
2023-04-29 16:00:00+03:00,460.15,203.42,294.67,24.88,9.16
2023-04-29 17:00:00+03:00,285.15,256.16,179.25,23.22,8.88
2023-04-29 18:00:00+03:00,123.25,242.2,77.47,21.36,8.32
2023-04-29 19:00:00+03:00,7.4,8.79,9.61,19.19,7.2
2023-04-29 20:00:00+03:00,0.0,0.0,0.0,17.38,6.03
2023-04-29 21:00:00+03:00,0.0,0.0,0.0,16.04,4.96
2023-04-29 22:00:00+03:00,0.0,0.0,0.0,14.93,3.71
2023-04-29 23:00:00+03:00,0.0,0.0,0.0,13.96,2.97
2023-04-30 00:00:00+03:00,0.0,0.0,0.0,13.21,2.65
2023-04-30 01:00:00+03:00,0.0,0.0,0.0,12.67,2.59
2023-04-30 02:00:00+03:00,0.0,0.0,0.0,12.15,2.47
2023-04-30 03:00:00+03:00,0.0,0.0,0.0,11.66,2.38
2023-04-30 04:00:00+03:00,0.0,0.0,0.0,11.25,2.36
2023-04-30 05:00:00+03:00,0.0,0.0,0.0,10.91,2.3
2023-04-30 06:00:00+03:00,26.25,86.63,22.65,11.19,2.08
2023-04-30 07:00:00+03:00,193.8,403.79,93.89,14.52,2.92
2023-04-30 08:00:00+03:00,392.48,457.45,179.45,17.45,3.67
2023-04-30 09:00:00+03:00,586.4,475.18,259.76,19.54,3.77
2023-04-30 10:00:00+03:00,652.85,58.53,526.6,21.71,3.97
2023-04-30 11:00:00+03:00,762.08,52.65,603.35,23.77,4.34
2023-04-30 12:00:00+03:00,845.88,90.03,652.72,25.5,4.62
2023-04-30 13:00:00+03:00,893.0,392.86,532.69,26.83,4.69
2023-04-30 14:00:00+03:00,889.15,760.26,228.12,27.68,4.81
2023-04-30 15:00:00+03:00,691.55,429.85,357.49,28.01,5.24
2023-04-30 16:00:00+03:00,541.92,551.73,197.36,27.74,5.98
2023-04-30 17:00:00+03:00,340.48,454.74,147.64,26.66,6.98
2023-04-30 18:00:00+03:00,139.82,341.96,69.67,24.48,7.81
2023-04-30 19:00:00+03:00,7.93,20.43,8.93,21.38,7.57
2023-04-30 20:00:00+03:00,0.0,0.0,0.0,19.1,6.29
2023-04-30 21:00:00+03:00,0.0,0.0,0.0,17.52,3.73
2023-04-30 22:00:00+03:00,0.0,0.0,0.0,16.14,2.46
2023-04-30 23:00:00+03:00,0.0,0.0,0.0,15.21,2.24
2023-05-01 00:00:00+03:00,0.0,0.0,0.0,14.68,1.89
2023-05-01 01:00:00+03:00,0.0,0.0,0.0,14.38,1.69
2023-05-01 02:00:00+03:00,0.0,0.0,0.0,13.87,1.73
2023-05-01 03:00:00+03:00,0.0,0.0,0.0,13.81,1.47
2023-05-01 04:00:00+03:00,0.0,0.0,0.0,13.82,1.02
2023-05-01 05:00:00+03:00,0.0,0.0,0.0,13.7,0.78
2023-05-01 06:00:00+03:00,30.35,136.79,19.9,13.94,0.67
2023-05-01 07:00:00+03:00,219.5,587.6,59.83,16.14,1.03
2023-05-01 08:00:00+03:00,447.45,760.67,84.59,18.52,1.76
2023-05-01 09:00:00+03:00,660.95,848.71,99.09,20.71,1.9
2023-05-01 10:00:00+03:00,834.2,890.21,115.31,23.0,1.87
2023-05-01 11:00:00+03:00,959.3,952.16,96.38,25.21,1.92
2023-05-01 12:00:00+03:00,1009.78,959.31,108.07,27.11,2.35
2023-05-01 13:00:00+03:00,998.95,919.2,124.61,28.46,2.82
2023-05-01 14:00:00+03:00,920.38,885.52,128.16,29.25,3.29
2023-05-01 15:00:00+03:00,779.05,831.64,128.49,29.47,3.84
2023-05-01 16:00:00+03:00,587.38,756.23,120.49,29.13,4.62
2023-05-01 17:00:00+03:00,366.35,614.59,103.16,28.11,5.54
2023-05-01 18:00:00+03:00,145.07,359.6,68.97,26.24,6.47
2023-05-01 19:00:00+03:00,8.52,7.45,10.59,23.2,6.43
2023-05-01 20:00:00+03:00,0.0,0.0,0.0,20.55,6.02
2023-05-01 21:00:00+03:00,0.0,0.0,0.0,18.71,5.0
2023-05-01 22:00:00+03:00,0.0,0.0,0.0,17.49,3.98
2023-05-01 23:00:00+03:00,0.0,0.0,0.0,16.49,3.13
2023-05-02 00:00:00+03:00,0.0,0.0,0.0,15.53,2.46
2023-05-02 01:00:00+03:00,0.0,0.0,0.0,14.75,2.23
2023-05-02 02:00:00+03:00,0.0,0.0,0.0,14.15,2.19
2023-05-02 03:00:00+03:00,0.0,0.0,0.0,13.7,2.19
2023-05-02 04:00:00+03:00,0.0,0.0,0.0,13.37,2.24
2023-05-02 05:00:00+03:00,0.0,0.0,0.0,13.08,2.3
2023-05-02 06:00:00+03:00,30.27,106.77,21.63,13.41,2.43
2023-05-02 07:00:00+03:00,214.95,534.12,65.71,16.01,3.95
2023-05-02 08:00:00+03:00,436.33,709.45,96.44,19.11,4.71
2023-05-02 09:00:00+03:00,644.62,796.37,111.88,22.02,4.56
2023-05-02 10:00:00+03:00,818.6,869.46,118.56,24.85,4.25
2023-05-02 11:00:00+03:00,941.42,890.25,130.12,27.41,3.93
2023-05-02 12:00:00+03:00,986.92,865.64,150.9,29.22,3.9
2023-05-02 13:00:00+03:00,977.47,888.58,133.19,30.37,4.1
2023-05-02 14:00:00+03:00,900.75,829.38,150.61,30.96,4.53
2023-05-02 15:00:00+03:00,762.9,785.24,143.18,30.94,5.16
2023-05-02 16:00:00+03:00,576.58,716.99,128.1,30.32,5.91
2023-05-02 17:00:00+03:00,359.25,581.96,110.06,28.88,6.53
2023-05-02 18:00:00+03:00,143.3,341.72,70.03,26.59,6.87
2023-05-02 19:00:00+03:00,8.7,8.14,10.78,23.51,6.23
2023-05-02 20:00:00+03:00,0.0,0.0,0.0,21.06,5.62
2023-05-02 21:00:00+03:00,0.0,0.0,0.0,19.3,5.02
2023-05-02 22:00:00+03:00,0.0,0.0,0.0,17.94,4.41
2023-05-02 23:00:00+03:00,0.0,0.0,0.0,16.84,3.78
2023-05-03 00:00:00+03:00,0.0,0.0,0.0,15.95,3.27
2023-05-03 01:00:00+03:00,0.0,0.0,0.0,15.23,2.89
2023-05-03 02:00:00+03:00,0.0,0.0,0.0,14.64,2.64
2023-05-03 03:00:00+03:00,0.0,0.0,0.0,14.21,2.6
2023-05-03 04:00:00+03:00,0.0,0.0,0.0,13.95,2.75
2023-05-03 05:00:00+03:00,0.0,0.0,0.0,13.73,2.92
2023-05-03 06:00:00+03:00,30.05,61.23,24.73,14.07,3.27
2023-05-03 07:00:00+03:00,211.77,473.51,75.99,16.49,4.37
2023-05-03 08:00:00+03:00,428.45,626.11,119.13,20.12,5.62
2023-05-03 09:00:00+03:00,637.72,729.24,143.59,23.55,6.16
2023-05-03 10:00:00+03:00,812.62,788.39,160.61,26.51,6.13
2023-05-03 11:00:00+03:00,936.42,825.55,172.55,28.85,5.94
2023-05-03 12:00:00+03:00,999.8,891.19,139.73,30.51,6.05
2023-05-03 13:00:00+03:00,990.75,893.65,138.51,31.59,6.36
2023-05-03 14:00:00+03:00,912.72,827.2,161.02,31.99,6.68
2023-05-03 15:00:00+03:00,772.55,775.37,156.57,31.88,6.94
2023-05-03 16:00:00+03:00,582.7,697.17,142.48,31.15,7.05
2023-05-03 17:00:00+03:00,361.15,548.29,123.7,29.65,6.85
2023-05-03 18:00:00+03:00,144.23,304.26,77.85,27.49,6.15
2023-05-03 19:00:00+03:00,9.27,3.9,11.79,23.89,4.15
2023-05-03 20:00:00+03:00,0.0,0.0,0.0,21.65,4.18
2023-05-03 21:00:00+03:00,0.0,0.0,0.0,20.0,4.19
2023-05-03 22:00:00+03:00,0.0,0.0,0.0,18.52,3.61
2023-05-03 23:00:00+03:00,0.0,0.0,0.0,17.31,2.86
2023-05-04 00:00:00+03:00,0.0,0.0,0.0,16.31,2.47
2023-05-04 01:00:00+03:00,0.0,0.0,0.0,15.54,2.33
2023-05-04 02:00:00+03:00,0.0,0.0,0.0,14.97,2.31
2023-05-04 03:00:00+03:00,0.0,0.0,0.0,15.16,2.19
2023-05-04 04:00:00+03:00,0.0,0.0,0.0,15.01,2.35
2023-05-04 05:00:00+03:00,0.0,0.0,0.0,14.62,2.63
2023-05-04 06:00:00+03:00,28.8,26.3,27.27,15.17,2.6
2023-05-04 07:00:00+03:00,196.98,321.39,99.13,18.47,3.57
2023-05-04 08:00:00+03:00,416.45,553.5,141.84,21.68,4.67
2023-05-04 09:00:00+03:00,622.78,653.22,171.06,25.61,4.89
2023-05-04 10:00:00+03:00,795.72,710.47,197.19,29.29,4.94
2023-05-04 11:00:00+03:00,913.0,717.31,227.98,32.68,4.86
2023-05-04 12:00:00+03:00,996.15,841.56,187.69,34.83,4.75
2023-05-04 13:00:00+03:00,987.85,814.39,201.05,36.03,4.58
2023-05-04 14:00:00+03:00,908.83,777.54,201.29,36.26,4.56
2023-05-04 15:00:00+03:00,766.47,744.74,177.19,36.07,4.53
2023-05-04 16:00:00+03:00,568.03,613.92,179.83,35.53,4.5
2023-05-04 17:00:00+03:00,339.73,418.48,160.21,34.61,4.46
2023-05-04 18:00:00+03:00,130.9,149.94,100.04,32.54,3.75
2023-05-04 19:00:00+03:00,8.77,0.72,12.52,27.93,3.53
2023-05-04 20:00:00+03:00,0.0,0.0,0.0,26.04,4.22
2023-05-04 21:00:00+03:00,0.0,0.0,0.0,24.47,4.82
2023-05-04 22:00:00+03:00,0.0,0.0,0.0,22.84,4.6
2023-05-04 23:00:00+03:00,0.0,0.0,0.0,21.69,4.07
2023-05-05 00:00:00+03:00,0.0,0.0,0.0,20.86,3.36
2023-05-05 01:00:00+03:00,0.0,0.0,0.0,20.58,3.25
2023-05-05 02:00:00+03:00,0.0,0.0,0.0,20.79,3.55
2023-05-05 03:00:00+03:00,0.0,0.0,0.0,21.26,3.95
2023-05-05 04:00:00+03:00,0.0,0.0,0.0,21.96,4.51
2023-05-05 05:00:00+03:00,0.0,0.0,0.0,23.14,6.27
2023-05-05 06:00:00+03:00,26.3,7.62,25.6,22.54,7.91
2023-05-05 07:00:00+03:00,172.55,188.66,114.05,22.02,8.73
2023-05-05 08:00:00+03:00,347.42,318.67,185.06,23.21,9.29
2023-05-05 09:00:00+03:00,566.35,379.49,281.34,25.88,9.53
2023-05-05 10:00:00+03:00,763.17,536.86,280.09,28.38,9.94
2023-05-05 11:00:00+03:00,885.5,560.62,320.53,30.37,10.44
2023-05-05 12:00:00+03:00,984.38,726.33,254.22,31.72,10.7
2023-05-05 13:00:00+03:00,986.38,735.95,252.43,32.47,10.72
2023-05-05 14:00:00+03:00,920.65,731.19,239.61,32.77,10.7
2023-05-05 15:00:00+03:00,780.38,701.12,211.33,32.65,10.68
2023-05-05 16:00:00+03:00,587.45,625.25,185.88,31.85,10.49
2023-05-05 17:00:00+03:00,365.3,486.34,145.36,30.57,9.96
2023-05-05 18:00:00+03:00,149.85,283.5,83.29,28.8,8.92
2023-05-05 19:00:00+03:00,9.75,0.41,11.88,26.22,7.08
2023-05-05 20:00:00+03:00,0.0,0.0,0.0,24.05,6.04
2023-05-05 21:00:00+03:00,0.0,0.0,0.0,22.34,5.84
2023-05-05 22:00:00+03:00,0.0,0.0,0.0,20.85,5.56
2023-05-05 23:00:00+03:00,0.0,0.0,0.0,19.54,4.87
2023-05-06 00:00:00+03:00,0.0,0.0,0.0,18.49,3.78
2023-05-06 01:00:00+03:00,0.0,0.0,0.0,17.64,2.97
2023-05-06 02:00:00+03:00,0.0,0.0,0.0,16.97,2.45
2023-05-06 03:00:00+03:00,0.0,0.0,0.0,16.43,2.14
2023-05-06 04:00:00+03:00,0.0,0.0,0.0,16.1,2.13
2023-05-06 05:00:00+03:00,0.0,0.0,0.0,16.86,2.09
2023-05-06 06:00:00+03:00,27.48,4.55,27.92,17.51,2.55
2023-05-06 07:00:00+03:00,179.93,159.19,135.29,19.67,3.75
2023-05-06 08:00:00+03:00,381.55,319.84,211.12,23.18,4.16
2023-05-06 09:00:00+03:00,584.2,431.62,251.93,26.32,5.13
2023-05-06 10:00:00+03:00,775.1,526.58,300.78,28.15,5.94
2023-05-06 11:00:00+03:00,888.62,603.33,299.81,29.43,6.54
2023-05-06 12:00:00+03:00,863.62,429.46,413.46,30.36,6.95
2023-05-06 13:00:00+03:00,780.22,117.51,524.99,30.88,7.21
2023-05-06 14:00:00+03:00,621.53,433.38,222.97,31.08,7.26
2023-05-06 15:00:00+03:00,594.17,179.95,382.36,30.6,7.21
2023-05-06 16:00:00+03:00,455.65,302.16,237.91,29.63,6.97
2023-05-06 17:00:00+03:00,270.58,222.79,172.83,28.61,6.59
2023-05-06 18:00:00+03:00,108.35,93.84,88.65,27.35,6.28
2023-05-06 19:00:00+03:00,8.25,0.0,11.71,25.82,5.7
2023-05-06 20:00:00+03:00,0.0,0.0,0.0,24.35,5.81
2023-05-06 21:00:00+03:00,0.0,0.0,0.0,22.6,5.11
2023-05-06 22:00:00+03:00,0.0,0.0,0.0,21.07,4.19
2023-05-06 23:00:00+03:00,0.0,0.0,0.0,19.81,3.08
2023-05-07 00:00:00+03:00,0.0,0.0,0.0,18.84,2.42
2023-05-07 01:00:00+03:00,0.0,0.0,0.0,18.1,2.25
2023-05-07 02:00:00+03:00,0.0,0.0,0.0,17.49,2.32
2023-05-07 03:00:00+03:00,0.0,0.0,0.0,16.97,2.5
2023-05-07 04:00:00+03:00,0.0,0.0,0.0,16.49,2.65
2023-05-07 05:00:00+03:00,0.0,0.0,0.0,16.09,2.83
2023-05-07 06:00:00+03:00,30.02,11.88,29.14,16.28,3.69
2023-05-07 07:00:00+03:00,191.05,202.15,123.18,18.29,4.19
2023-05-07 08:00:00+03:00,389.02,327.85,218.19,20.78,4.14
2023-05-07 09:00:00+03:00,584.38,367.32,303.99,23.12,4.37
2023-05-07 10:00:00+03:00,636.67,108.09,452.45,25.27,4.49
2023-05-07 11:00:00+03:00,660.35,14.17,523.7,27.05,4.54
2023-05-07 12:00:00+03:00,715.58,57.83,509.19,28.38,4.51
2023-05-07 13:00:00+03:00,687.03,37.33,537.79,29.33,4.49
2023-05-07 14:00:00+03:00,603.25,535.98,191.02,29.87,4.51
2023-05-07 15:00:00+03:00,557.65,29.57,454.84,29.79,4.71
2023-05-07 16:00:00+03:00,404.75,38.97,312.33,29.15,5.14
2023-05-07 17:00:00+03:00,243.25,158.78,176.11,27.85,5.71
2023-05-07 18:00:00+03:00,109.53,152.92,78.08,26.46,6.16
2023-05-07 19:00:00+03:00,9.35,3.6,12.64,24.95,6.02
2023-05-07 20:00:00+03:00,0.0,0.0,0.0,23.58,5.68
2023-05-07 21:00:00+03:00,0.0,0.0,0.0,22.01,4.81
2023-05-07 22:00:00+03:00,0.0,0.0,0.0,20.16,3.3
2023-05-07 23:00:00+03:00,0.0,0.0,0.0,18.72,2.28
2023-05-08 00:00:00+03:00,0.0,0.0,0.0,17.75,1.81
2023-05-08 01:00:00+03:00,0.0,0.0,0.0,17.12,1.52
2023-05-08 02:00:00+03:00,0.0,0.0,0.0,16.85,1.21
2023-05-08 03:00:00+03:00,0.0,0.0,0.0,16.59,1.01
2023-05-08 04:00:00+03:00,0.0,0.0,0.0,16.23,0.93
2023-05-08 05:00:00+03:00,0.0,0.0,0.0,15.88,0.9
2023-05-08 06:00:00+03:00,33.58,67.55,29.35,15.79,0.98
2023-05-08 07:00:00+03:00,195.35,271.16,115.04,18.02,1.47
2023-05-08 08:00:00+03:00,385.73,327.69,224.99,20.3,1.87
2023-05-08 09:00:00+03:00,575.7,326.6,330.77,22.48,2.39
2023-05-08 10:00:00+03:00,645.92,102.05,503.15,24.71,2.92
2023-05-08 11:00:00+03:00,726.08,92.45,573.98,26.74,3.37
2023-05-08 12:00:00+03:00,757.25,36.58,598.14,28.27,3.54
2023-05-08 13:00:00+03:00,741.53,278.96,398.06,29.34,3.58
2023-05-08 14:00:00+03:00,624.05,25.64,497.11,29.77,3.82
2023-05-08 15:00:00+03:00,541.08,65.56,434.9,29.58,4.41
2023-05-08 16:00:00+03:00,407.33,116.13,292.22,28.52,5.17
2023-05-08 17:00:00+03:00,268.45,170.6,189.22,27.29,5.89
2023-05-08 18:00:00+03:00,114.93,146.82,80.67,25.81,6.45
2023-05-08 19:00:00+03:00,9.88,7.94,12.15,23.72,6.52
2023-05-08 20:00:00+03:00,0.0,0.0,0.0,21.57,6.15
2023-05-08 21:00:00+03:00,0.0,0.0,0.0,19.93,5.33
2023-05-08 22:00:00+03:00,0.0,0.0,0.0,18.87,4.25
2023-05-08 23:00:00+03:00,0.0,0.0,0.0,18.05,3.17
2023-05-09 00:00:00+03:00,0.0,0.0,0.0,17.25,2.21
2023-05-09 01:00:00+03:00,0.0,0.0,0.0,16.54,1.83
2023-05-09 02:00:00+03:00,0.0,0.0,0.0,16.09,1.6
2023-05-09 03:00:00+03:00,0.0,0.0,0.0,16.0,1.27
2023-05-09 04:00:00+03:00,0.0,0.0,0.0,16.04,1.04
2023-05-09 05:00:00+03:00,0.0,0.0,0.0,16.17,0.97
2023-05-09 06:00:00+03:00,33.7,37.49,34.43,16.52,1.11
2023-05-09 07:00:00+03:00,192.05,160.07,147.7,18.25,1.82
2023-05-09 08:00:00+03:00,380.65,204.61,273.64,20.15,2.02
2023-05-09 09:00:00+03:00,567.65,220.72,391.96,22.55,2.37
2023-05-09 10:00:00+03:00,761.03,486.53,376.26,25.05,2.7
2023-05-09 11:00:00+03:00,898.05,642.7,289.39,27.2,2.7
2023-05-09 12:00:00+03:00,970.17,697.86,253.64,28.71,2.49
2023-05-09 13:00:00+03:00,894.62,715.88,228.19,29.77,2.3
2023-05-09 14:00:00+03:00,891.6,691.94,255.28,30.45,2.5
2023-05-09 15:00:00+03:00,745.92,610.4,244.89,30.53,3.15
2023-05-09 16:00:00+03:00,551.03,508.67,209.75,30.1,4.04
2023-05-09 17:00:00+03:00,330.8,423.43,148.17,28.97,5.27
2023-05-09 18:00:00+03:00,140.15,221.05,88.47,27.09,6.53
2023-05-09 19:00:00+03:00,11.48,7.64,14.24,24.46,7.26
2023-05-09 20:00:00+03:00,0.0,0.0,0.0,22.0,7.2
2023-05-09 21:00:00+03:00,0.0,0.0,0.0,20.12,6.63
2023-05-09 22:00:00+03:00,0.0,0.0,0.0,18.98,5.23
2023-05-09 23:00:00+03:00,0.0,0.0,0.0,18.2,3.9
2023-05-10 00:00:00+03:00,0.0,0.0,0.0,17.36,2.8
2023-05-10 01:00:00+03:00,0.0,0.0,0.0,16.56,2.28
2023-05-10 02:00:00+03:00,0.0,0.0,0.0,15.94,2.2
2023-05-10 03:00:00+03:00,0.0,0.0,0.0,15.44,2.29
2023-05-10 04:00:00+03:00,0.0,0.0,0.0,15.02,2.42
2023-05-10 05:00:00+03:00,0.0,0.0,0.0,14.7,2.48
2023-05-10 06:00:00+03:00,40.92,116.93,27.63,15.19,2.7
2023-05-10 07:00:00+03:00,232.68,513.9,76.12,17.99,4.26
2023-05-10 08:00:00+03:00,453.83,675.83,112.25,21.1,4.54
2023-05-10 09:00:00+03:00,663.38,771.48,132.29,24.18,4.13
2023-05-10 10:00:00+03:00,833.6,813.41,156.81,26.87,3.42
2023-05-10 11:00:00+03:00,950.05,868.15,145.17,29.18,2.7
2023-05-10 12:00:00+03:00,1013.8,932.6,130.57,30.96,2.15
2023-05-10 13:00:00+03:00,1006.4,920.69,130.19,32.24,1.75
2023-05-10 14:00:00+03:00,919.95,880.39,179.37,33.05,1.69
2023-05-10 15:00:00+03:00,780.45,717.39,208.34,33.34,2.01
2023-05-10 16:00:00+03:00,560.6,479.65,271.09,33.0,2.6
2023-05-10 17:00:00+03:00,331.02,372.16,178.78,32.04,3.57
2023-05-10 18:00:00+03:00,137.88,189.66,98.5,30.22,4.98
2023-05-10 19:00:00+03:00,11.2,3.79,13.73,26.86,6.2
2023-05-10 20:00:00+03:00,0.0,0.0,0.0,23.66,7.35
2023-05-10 21:00:00+03:00,0.0,0.0,0.0,21.19,6.72
2023-05-10 22:00:00+03:00,0.0,0.0,0.0,19.72,5.55
2023-05-10 23:00:00+03:00,0.0,0.0,0.0,18.87,4.13
2023-05-11 00:00:00+03:00,0.0,0.0,0.0,18.02,2.51
2023-05-11 01:00:00+03:00,0.0,0.0,0.0,17.26,1.99
2023-05-11 02:00:00+03:00,0.0,0.0,0.0,16.76,2.03
2023-05-11 03:00:00+03:00,0.0,0.0,0.0,16.47,2.16
2023-05-11 04:00:00+03:00,0.0,0.0,0.0,16.91,2.3
2023-05-11 05:00:00+03:00,0.0,0.0,0.0,17.48,2.8
2023-05-11 06:00:00+03:00,32.88,11.27,35.82,17.93,3.72
2023-05-11 07:00:00+03:00,165.85,98.05,134.06,18.94,4.89
2023-05-11 08:00:00+03:00,311.35,132.19,228.65,21.66,4.59
2023-05-11 09:00:00+03:00,466.42,118.16,344.84,25.53,3.92
2023-05-11 10:00:00+03:00,562.83,109.17,435.09,29.52,4.49
2023-05-11 11:00:00+03:00,700.58,185.68,489.5,33.35,4.44
2023-05-11 12:00:00+03:00,871.55,402.41,447.95,35.46,4.21
2023-05-11 13:00:00+03:00,884.0,377.26,427.72,36.86,3.95
2023-05-11 14:00:00+03:00,626.62,296.69,333.21,37.82,4.0
2023-05-11 15:00:00+03:00,563.6,181.56,372.22,38.39,4.17
2023-05-11 16:00:00+03:00,390.95,140.22,299.01,38.01,4.79
2023-05-11 17:00:00+03:00,260.65,73.94,211.54,37.13,5.35
2023-05-11 18:00:00+03:00,102.35,11.06,88.47,34.98,3.88
2023-05-11 19:00:00+03:00,9.73,0.0,11.83,30.78,2.96
2023-05-11 20:00:00+03:00,0.0,0.0,0.0,28.67,3.0
2023-05-11 21:00:00+03:00,0.0,0.0,0.0,27.27,3.18
2023-05-11 22:00:00+03:00,0.0,0.0,0.0,25.34,3.86
2023-05-11 23:00:00+03:00,0.0,0.0,0.0,23.2,3.79
2023-05-12 00:00:00+03:00,0.0,0.0,0.0,21.62,3.09
2023-05-12 01:00:00+03:00,0.0,0.0,0.0,20.48,2.76
2023-05-12 02:00:00+03:00,0.0,0.0,0.0,19.59,2.97
2023-05-12 03:00:00+03:00,0.0,0.0,0.0,18.87,3.02
2023-05-12 04:00:00+03:00,0.0,0.0,0.0,18.38,2.99
2023-05-12 05:00:00+03:00,0.0,0.0,0.0,17.99,3.27
2023-05-12 06:00:00+03:00,33.65,8.2,34.44,18.08,3.81
2023-05-12 07:00:00+03:00,182.77,166.31,132.44,19.72,4.83
2023-05-12 08:00:00+03:00,375.9,265.97,241.63,22.68,5.47
2023-05-12 09:00:00+03:00,594.25,436.77,265.66,26.38,5.89
2023-05-12 10:00:00+03:00,763.62,497.05,352.51,29.58,6.31
2023-05-12 11:00:00+03:00,907.22,642.07,270.59,31.97,6.72
2023-05-12 12:00:00+03:00,992.03,790.11,186.69,33.51,7.01
2023-05-12 13:00:00+03:00,979.8,774.81,197.71,34.31,7.32
2023-05-12 14:00:00+03:00,901.1,714.25,221.77,34.49,7.81
2023-05-12 15:00:00+03:00,764.8,681.09,202.52,33.82,8.49
2023-05-12 16:00:00+03:00,580.47,608.29,180.16,32.35,9.05
2023-05-12 17:00:00+03:00,368.62,491.59,146.27,30.4,9.07
2023-05-12 18:00:00+03:00,156.27,282.41,84.35,28.24,8.62
2023-05-12 19:00:00+03:00,13.45,2.83,15.22,25.94,7.21
2023-05-12 20:00:00+03:00,0.0,0.0,0.0,24.02,5.42
2023-05-12 21:00:00+03:00,0.0,0.0,0.0,22.52,4.53
2023-05-12 22:00:00+03:00,0.0,0.0,0.0,21.13,3.92
2023-05-12 23:00:00+03:00,0.0,0.0,0.0,19.91,3.4
2023-05-13 00:00:00+03:00,0.0,0.0,0.0,18.83,2.89
2023-05-13 01:00:00+03:00,0.0,0.0,0.0,17.87,2.43
2023-05-13 02:00:00+03:00,0.0,0.0,0.0,17.09,2.23
2023-05-13 03:00:00+03:00,0.0,0.0,0.0,16.46,2.13
2023-05-13 04:00:00+03:00,0.0,0.0,0.0,15.88,2.09
2023-05-13 05:00:00+03:00,0.0,0.0,0.0,15.37,2.12
2023-05-13 06:00:00+03:00,39.8,21.04,36.88,15.81,2.8
2023-05-13 07:00:00+03:00,216.07,283.38,125.55,18.24,3.61
2023-05-13 08:00:00+03:00,428.0,468.15,180.9,20.89,3.53
2023-05-13 09:00:00+03:00,618.95,442.66,299.66,23.66,3.21
2023-05-13 10:00:00+03:00,827.03,708.48,216.24,26.3,3.09
2023-05-13 11:00:00+03:00,944.7,741.68,235.8,28.45,3.1
2023-05-13 12:00:00+03:00,987.1,656.35,317.15,30.11,3.11
2023-05-13 13:00:00+03:00,991.08,772.14,206.76,31.35,3.05
2023-05-13 14:00:00+03:00,911.38,711.98,230.99,32.16,3.15
2023-05-13 15:00:00+03:00,771.92,666.84,216.61,32.57,3.6
2023-05-13 16:00:00+03:00,584.67,585.87,194.93,32.4,4.53
2023-05-13 17:00:00+03:00,366.8,449.65,158.99,31.44,5.88
2023-05-13 18:00:00+03:00,160.27,293.47,85.27,29.43,7.23
2023-05-13 19:00:00+03:00,13.82,3.43,14.58,26.08,7.68
2023-05-13 20:00:00+03:00,0.0,0.0,0.0,22.96,7.44
2023-05-13 21:00:00+03:00,0.0,0.0,0.0,20.96,6.11
2023-05-13 22:00:00+03:00,0.0,0.0,0.0,19.62,4.06
2023-05-13 23:00:00+03:00,0.0,0.0,0.0,18.5,2.63
2023-05-14 00:00:00+03:00,0.0,0.0,0.0,17.39,1.88
2023-05-14 01:00:00+03:00,0.0,0.0,0.0,16.59,1.79
2023-05-14 02:00:00+03:00,0.0,0.0,0.0,16.18,1.7
2023-05-14 03:00:00+03:00,0.0,0.0,0.0,15.85,1.69
2023-05-14 04:00:00+03:00,0.0,0.0,0.0,15.63,1.72
2023-05-14 05:00:00+03:00,0.0,0.0,0.0,15.56,1.73
2023-05-14 06:00:00+03:00,33.38,15.88,33.5,15.75,2.32
2023-05-14 07:00:00+03:00,193.93,155.02,154.57,17.55,3.18
2023-05-14 08:00:00+03:00,404.3,280.81,258.49,19.76,3.12
2023-05-14 09:00:00+03:00,567.3,279.92,359.85,22.42,2.85
2023-05-14 10:00:00+03:00,765.4,526.28,327.0,25.13,2.62
2023-05-14 11:00:00+03:00,859.65,550.06,337.83,27.72,2.49
2023-05-14 12:00:00+03:00,946.12,651.78,269.65,29.94,2.59
2023-05-14 13:00:00+03:00,977.05,753.32,235.58,31.65,2.9
2023-05-14 14:00:00+03:00,893.28,676.49,262.26,32.71,3.38
2023-05-14 15:00:00+03:00,746.0,599.94,247.79,33.04,4.0
2023-05-14 16:00:00+03:00,545.5,487.85,296.62,32.8,4.76
2023-05-14 17:00:00+03:00,323.52,261.7,211.13,31.78,5.47
2023-05-14 18:00:00+03:00,147.98,146.36,110.55,29.75,5.96
2023-05-14 19:00:00+03:00,14.23,2.29,18.09,26.35,5.54
2023-05-14 20:00:00+03:00,0.0,0.0,0.0,23.32,5.63
2023-05-14 21:00:00+03:00,0.0,0.0,0.0,21.18,4.94
2023-05-14 22:00:00+03:00,0.0,0.0,0.0,19.72,4.07
2023-05-14 23:00:00+03:00,0.0,0.0,0.0,18.8,3.44
2023-05-15 00:00:00+03:00,0.0,0.0,0.0,18.26,2.87
2023-05-15 01:00:00+03:00,0.0,0.0,0.0,17.79,2.22
2023-05-15 02:00:00+03:00,0.0,0.0,0.0,17.29,1.86
2023-05-15 03:00:00+03:00,0.0,0.0,0.0,16.91,1.92
2023-05-15 04:00:00+03:00,0.0,0.0,0.0,16.67,2.24
2023-05-15 05:00:00+03:00,0.0,0.0,0.0,16.54,2.45
2023-05-15 06:00:00+03:00,41.42,36.97,40.64,17.02,3.19
2023-05-15 07:00:00+03:00,211.57,330.62,109.83,18.77,4.45
2023-05-15 08:00:00+03:00,435.3,491.72,180.33,21.27,5.35
2023-05-15 09:00:00+03:00,656.22,679.14,173.71,24.38,6.24
2023-05-15 10:00:00+03:00,830.0,759.97,184.96,27.54,6.84
2023-05-15 11:00:00+03:00,949.53,771.62,213.96,29.94,6.88
2023-05-15 12:00:00+03:00,1011.28,808.54,202.47,31.73,6.93
2023-05-15 13:00:00+03:00,996.85,826.88,196.24,32.76,7.09
2023-05-15 14:00:00+03:00,924.75,792.94,192.89,33.1,7.28
2023-05-15 15:00:00+03:00,784.1,743.04,181.67,33.06,7.37
2023-05-15 16:00:00+03:00,595.83,647.15,169.8,32.59,7.37
2023-05-15 17:00:00+03:00,376.23,493.69,149.24,31.53,7.33
2023-05-15 18:00:00+03:00,165.1,303.84,86.08,29.61,6.88
2023-05-15 19:00:00+03:00,15.45,3.21,16.32,26.36,5.08
2023-05-15 20:00:00+03:00,0.0,0.0,0.0,23.49,4.13
2023-05-15 21:00:00+03:00,0.0,0.0,0.0,21.66,3.79
2023-05-15 22:00:00+03:00,0.0,0.0,0.0,20.09,2.96
2023-05-15 23:00:00+03:00,0.0,0.0,0.0,18.96,2.39
2023-05-16 00:00:00+03:00,0.0,0.0,0.0,18.17,2.24
2023-05-16 01:00:00+03:00,0.0,0.0,0.0,17.53,2.23
2023-05-16 02:00:00+03:00,0.0,0.0,0.0,17.04,2.27
2023-05-16 03:00:00+03:00,0.0,0.0,0.0,17.0,2.23
2023-05-16 04:00:00+03:00,0.0,0.0,0.0,16.97,2.07
2023-05-16 05:00:00+03:00,0.0,0.0,0.0,16.73,1.98
2023-05-16 06:00:00+03:00,43.95,35.26,42.03,17.18,1.77
2023-05-16 07:00:00+03:00,223.98,341.47,122.38,20.02,2.29
2023-05-16 08:00:00+03:00,428.58,522.09,166.83,22.73,2.51
2023-05-16 09:00:00+03:00,659.7,666.05,184.95,26.25,2.68
2023-05-16 10:00:00+03:00,781.88,538.37,342.31,29.7,2.74
2023-05-16 11:00:00+03:00,859.42,429.69,403.03,32.73,2.62
2023-05-16 12:00:00+03:00,982.33,659.85,291.33,35.15,2.54
2023-05-16 13:00:00+03:00,900.67,491.0,489.58,36.51,2.2
2023-05-16 14:00:00+03:00,793.12,323.15,473.88,37.73,1.85
2023-05-16 15:00:00+03:00,624.17,211.3,449.77,37.85,2.07
2023-05-16 16:00:00+03:00,420.4,109.1,339.35,37.9,2.63
2023-05-16 17:00:00+03:00,253.95,49.52,211.44,37.06,3.57
2023-05-16 18:00:00+03:00,114.78,37.41,101.36,34.64,3.46
2023-05-16 19:00:00+03:00,14.25,1.37,17.49,31.09,4.25
2023-05-16 20:00:00+03:00,0.0,0.0,0.0,28.58,5.08
2023-05-16 21:00:00+03:00,0.0,0.0,0.0,26.28,4.19
2023-05-16 22:00:00+03:00,0.0,0.0,0.0,24.28,2.39
2023-05-16 23:00:00+03:00,0.0,0.0,0.0,22.56,1.88
2023-05-17 00:00:00+03:00,0.0,0.0,0.0,21.77,1.64
2023-05-17 01:00:00+03:00,0.0,0.0,0.0,21.37,1.51
2023-05-17 02:00:00+03:00,0.0,0.0,0.0,21.06,1.54
2023-05-17 03:00:00+03:00,0.0,0.0,0.0,20.78,1.72
2023-05-17 04:00:00+03:00,0.0,0.0,0.0,20.71,1.86
2023-05-17 05:00:00+03:00,0.0,0.0,0.0,20.89,1.91
2023-05-17 06:00:00+03:00,40.08,26.61,38.1,21.58,1.87
2023-05-17 07:00:00+03:00,173.82,181.95,117.95,24.9,2.2
2023-05-17 08:00:00+03:00,397.9,237.16,298.22,28.34,2.97
2023-05-17 09:00:00+03:00,587.7,307.57,426.41,31.6,4.19
2023-05-17 10:00:00+03:00,772.3,542.97,482.07,34.05,4.57
2023-05-17 11:00:00+03:00,891.72,666.96,524.68,36.03,4.53
2023-05-17 12:00:00+03:00,947.15,511.34,397.78,37.42,4.27
2023-05-17 13:00:00+03:00,929.08,443.86,423.37,38.55,3.84
2023-05-17 14:00:00+03:00,884.08,601.7,289.7,39.39,3.6
2023-05-17 15:00:00+03:00,746.67,557.73,264.9,39.74,3.84
2023-05-17 16:00:00+03:00,564.85,492.24,226.15,39.45,4.62
2023-05-17 17:00:00+03:00,351.65,356.58,179.79,38.38,5.84
2023-05-17 18:00:00+03:00,157.7,234.8,91.37,35.78,7.52
2023-05-17 19:00:00+03:00,15.27,1.27,15.2,31.15,9.23
2023-05-17 20:00:00+03:00,0.0,0.0,0.0,26.88,9.44
2023-05-17 21:00:00+03:00,0.0,0.0,0.0,24.28,8.29
2023-05-17 22:00:00+03:00,0.0,0.0,0.0,22.53,7.43
2023-05-17 23:00:00+03:00,0.0,0.0,0.0,21.3,6.58
2023-05-18 00:00:00+03:00,0.0,0.0,0.0,20.67,5.94
2023-05-18 01:00:00+03:00,0.0,0.0,0.0,20.44,5.7
2023-05-18 02:00:00+03:00,0.0,0.0,0.0,20.16,5.35
2023-05-18 03:00:00+03:00,0.0,0.0,0.0,19.82,4.96
2023-05-18 04:00:00+03:00,0.0,0.0,0.0,19.4,4.47
2023-05-18 05:00:00+03:00,0.0,0.0,0.0,18.79,3.67
2023-05-18 06:00:00+03:00,48.17,70.86,40.86,18.27,3.53
2023-05-18 07:00:00+03:00,239.88,401.82,112.39,19.51,4.05
2023-05-18 08:00:00+03:00,457.33,588.87,161.81,21.52,4.09
2023-05-18 09:00:00+03:00,625.83,430.54,369.31,23.89,4.26
2023-05-18 10:00:00+03:00,758.92,660.73,380.56,26.41,4.34
2023-05-18 11:00:00+03:00,975.42,810.26,224.43,28.67,4.44
2023-05-18 12:00:00+03:00,1017.28,857.24,178.56,30.48,4.65
2023-05-18 13:00:00+03:00,992.95,843.95,179.93,31.84,4.96
2023-05-18 14:00:00+03:00,924.03,781.52,188.44,32.75,5.5
2023-05-18 15:00:00+03:00,782.95,739.17,185.84,33.01,6.39
2023-05-18 16:00:00+03:00,586.08,581.03,237.94,32.47,7.47
2023-05-18 17:00:00+03:00,360.35,407.89,180.03,30.78,8.48
2023-05-18 18:00:00+03:00,148.8,197.78,98.18,27.99,8.76
2023-05-18 19:00:00+03:00,16.95,13.95,19.26,25.24,8.03
2023-05-18 20:00:00+03:00,0.0,0.0,0.0,23.37,6.69
2023-05-18 21:00:00+03:00,0.0,0.0,0.0,22.13,5.39
2023-05-18 22:00:00+03:00,0.0,0.0,0.0,20.96,4.58
2023-05-18 23:00:00+03:00,0.0,0.0,0.0,19.78,3.93
2023-05-19 00:00:00+03:00,0.0,0.0,0.0,18.65,3.08
2023-05-19 01:00:00+03:00,0.0,0.0,0.0,17.68,2.43
2023-05-19 02:00:00+03:00,0.0,0.0,0.0,16.9,2.17
2023-05-19 03:00:00+03:00,0.0,0.0,0.0,16.27,2.09
2023-05-19 04:00:00+03:00,0.0,0.0,0.0,15.79,2.02
2023-05-19 05:00:00+03:00,0.0,0.0,0.0,15.48,1.92
2023-05-19 06:00:00+03:00,50.2,113.6,37.61,16.26,1.87
2023-05-19 07:00:00+03:00,231.77,368.22,116.87,18.87,2.71
2023-05-19 08:00:00+03:00,445.85,467.43,214.09,20.91,2.86
2023-05-19 09:00:00+03:00,576.33,222.0,367.47,23.16,3.18
2023-05-19 10:00:00+03:00,749.38,213.42,533.07,25.65,3.64
2023-05-19 11:00:00+03:00,875.65,367.13,525.58,28.0,4.07
2023-05-19 12:00:00+03:00,997.85,670.84,332.32,29.63,4.34
2023-05-19 13:00:00+03:00,986.28,710.37,273.74,30.75,4.65
2023-05-19 14:00:00+03:00,916.62,689.41,270.02,31.41,5.06
2023-05-19 15:00:00+03:00,773.58,663.9,245.81,31.49,5.63
2023-05-19 16:00:00+03:00,551.67,366.52,320.81,30.93,6.5
2023-05-19 17:00:00+03:00,361.9,317.87,220.92,29.56,7.42
2023-05-19 18:00:00+03:00,145.52,149.41,109.98,27.34,8.2
2023-05-19 19:00:00+03:00,15.1,10.09,18.56,24.58,8.03
2023-05-19 20:00:00+03:00,0.0,0.0,0.0,22.43,6.7
2023-05-19 21:00:00+03:00,0.0,0.0,0.0,21.14,5.07
2023-05-19 22:00:00+03:00,0.0,0.0,0.0,20.16,3.39
2023-05-19 23:00:00+03:00,0.0,0.0,0.0,19.26,2.51
2023-05-20 00:00:00+03:00,0.0,0.0,0.0,18.57,2.3
2023-05-20 01:00:00+03:00,0.0,0.0,0.0,17.98,2.3
2023-05-20 02:00:00+03:00,0.0,0.0,0.0,17.4,2.16
2023-05-20 03:00:00+03:00,0.0,0.0,0.0,16.85,1.96
2023-05-20 04:00:00+03:00,0.0,0.0,0.0,16.4,2.02
2023-05-20 05:00:00+03:00,0.0,0.0,0.0,16.06,2.18
2023-05-20 06:00:00+03:00,53.38,144.64,33.56,16.76,3.22
2023-05-20 07:00:00+03:00,246.25,497.66,86.47,19.48,3.74
2023-05-20 08:00:00+03:00,463.73,661.79,118.63,22.61,3.29
2023-05-20 09:00:00+03:00,666.65,706.37,162.77,25.31,3.41
2023-05-20 10:00:00+03:00,837.75,761.54,185.28,27.66,3.82
2023-05-20 11:00:00+03:00,946.85,814.76,177.91,29.58,3.82
2023-05-20 12:00:00+03:00,1012.28,787.48,206.28,31.04,3.43
2023-05-20 13:00:00+03:00,913.1,707.56,221.24,32.13,2.8
2023-05-20 14:00:00+03:00,924.08,756.92,228.27,32.87,2.64
2023-05-20 15:00:00+03:00,790.83,801.96,145.18,33.24,3.39
2023-05-20 16:00:00+03:00,608.22,731.66,134.26,33.11,4.51
2023-05-20 17:00:00+03:00,392.65,562.84,126.73,32.28,5.32
2023-05-20 18:00:00+03:00,168.18,287.81,91.5,30.53,5.74
2023-05-20 19:00:00+03:00,18.15,5.18,19.62,27.86,4.97
2023-05-20 20:00:00+03:00,0.0,0.0,0.0,25.38,4.27
2023-05-20 21:00:00+03:00,0.0,0.0,0.0,23.28,3.3
2023-05-20 22:00:00+03:00,0.0,0.0,0.0,22.0,2.63
2023-05-20 23:00:00+03:00,0.0,0.0,0.0,20.83,2.29
2023-05-21 00:00:00+03:00,0.0,0.0,0.0,19.81,1.95
2023-05-21 01:00:00+03:00,0.0,0.0,0.0,19.33,1.53
2023-05-21 02:00:00+03:00,0.0,0.0,0.0,18.84,1.33
2023-05-21 03:00:00+03:00,0.0,0.0,0.0,18.37,1.47
2023-05-21 04:00:00+03:00,0.0,0.0,0.0,18.16,1.58
2023-05-21 05:00:00+03:00,0.0,0.0,0.0,17.99,1.83
2023-05-21 06:00:00+03:00,37.05,0.43,35.26,18.68,2.64
2023-05-21 07:00:00+03:00,182.98,55.26,153.49,20.93,4.85
2023-05-21 08:00:00+03:00,390.33,197.76,249.48,23.47,4.75
2023-05-21 09:00:00+03:00,540.85,268.73,345.46,26.13,4.41
2023-05-21 10:00:00+03:00,692.47,217.87,454.38,28.92,4.34
2023-05-21 11:00:00+03:00,722.88,167.65,551.43,31.94,4.14
2023-05-21 12:00:00+03:00,523.8,14.67,408.95,34.15,4.11
2023-05-21 13:00:00+03:00,856.35,379.7,524.27,35.79,4.22
2023-05-21 14:00:00+03:00,885.42,530.0,340.01,37.02,4.22
2023-05-21 15:00:00+03:00,724.53,376.38,361.71,37.9,4.33
2023-05-21 16:00:00+03:00,532.17,264.58,325.77,38.22,4.92
2023-05-21 17:00:00+03:00,296.9,133.26,226.45,37.74,5.55
2023-05-21 18:00:00+03:00,124.03,27.34,112.48,36.0,4.53
2023-05-21 19:00:00+03:00,15.32,0.0,18.63,31.68,3.84
2023-05-21 20:00:00+03:00,0.0,0.0,0.0,29.94,4.5
2023-05-21 21:00:00+03:00,0.0,0.0,0.0,29.5,5.21
2023-05-21 22:00:00+03:00,0.0,0.0,0.0,29.25,5.82
2023-05-21 23:00:00+03:00,0.0,0.0,0.0,28.69,6.1
2023-05-22 00:00:00+03:00,0.0,0.0,0.0,26.8,5.57
2023-05-22 01:00:00+03:00,0.0,0.0,0.0,24.5,5.26
2023-05-22 02:00:00+03:00,0.0,0.0,0.0,22.96,5.0
2023-05-22 03:00:00+03:00,0.0,0.0,0.0,22.11,5.86
2023-05-22 04:00:00+03:00,0.0,0.0,0.0,21.27,6.08
2023-05-22 05:00:00+03:00,0.0,0.0,0.0,20.62,6.13
2023-05-22 06:00:00+03:00,34.95,0.0,36.53,20.62,6.33
2023-05-22 07:00:00+03:00,167.9,26.87,154.7,22.29,6.83
2023-05-22 08:00:00+03:00,378.83,180.79,245.65,25.07,8.0
2023-05-22 09:00:00+03:00,611.55,346.76,321.43,27.75,9.0
2023-05-22 10:00:00+03:00,816.95,564.09,307.75,29.9,9.77
2023-05-22 11:00:00+03:00,950.9,604.99,365.19,31.59,10.23
2023-05-22 12:00:00+03:00,1002.22,648.01,324.29,32.86,10.19
2023-05-22 13:00:00+03:00,996.35,666.3,304.26,33.88,9.98
2023-05-22 14:00:00+03:00,916.72,686.05,254.65,34.41,9.71
2023-05-22 15:00:00+03:00,780.35,619.77,250.29,34.45,9.39
2023-05-22 16:00:00+03:00,589.92,577.3,197.0,33.86,9.02
2023-05-22 17:00:00+03:00,380.55,471.95,148.96,32.65,8.51
2023-05-22 18:00:00+03:00,163.82,233.05,95.31,30.78,7.76
2023-05-22 19:00:00+03:00,18.02,2.91,17.86,27.92,6.73
2023-05-22 20:00:00+03:00,0.0,0.0,0.0,25.23,6.69
2023-05-22 21:00:00+03:00,0.0,0.0,0.0,23.32,6.15
2023-05-22 22:00:00+03:00,0.0,0.0,0.0,21.96,4.78
2023-05-22 23:00:00+03:00,0.0,0.0,0.0,20.85,3.04
2023-05-23 00:00:00+03:00,0.0,0.0,0.0,19.83,1.79
2023-05-23 01:00:00+03:00,0.0,0.0,0.0,19.23,1.4
2023-05-23 02:00:00+03:00,0.0,0.0,0.0,19.32,0.73
2023-05-23 03:00:00+03:00,0.0,0.0,0.0,19.06,0.67
2023-05-23 04:00:00+03:00,0.0,0.0,0.0,18.33,1.44
2023-05-23 05:00:00+03:00,0.0,0.0,0.0,17.95,1.81
2023-05-23 06:00:00+03:00,43.65,14.27,43.38,18.59,1.91
2023-05-23 07:00:00+03:00,201.3,153.2,148.65,21.67,2.98
2023-05-23 08:00:00+03:00,401.3,295.12,235.21,24.63,2.81
2023-05-23 09:00:00+03:00,606.55,606.53,341.43,28.43,1.67
2023-05-23 10:00:00+03:00,772.1,485.98,344.84,30.89,1.89
2023-05-23 11:00:00+03:00,918.9,636.52,268.54,32.69,2.26
2023-05-23 12:00:00+03:00,994.1,757.7,203.97,34.16,2.78
2023-05-23 13:00:00+03:00,981.3,741.86,209.07,35.2,3.57
2023-05-23 14:00:00+03:00,902.45,684.99,232.63,35.79,4.47
2023-05-23 15:00:00+03:00,762.3,620.44,233.52,35.83,5.14
2023-05-23 16:00:00+03:00,575.0,509.57,218.55,35.34,5.38
2023-05-23 17:00:00+03:00,357.4,365.54,181.58,34.5,5.29
2023-05-23 18:00:00+03:00,155.1,144.95,113.77,33.27,4.7
2023-05-23 19:00:00+03:00,18.42,1.12,20.91,29.66,2.79
2023-05-23 20:00:00+03:00,0.0,0.0,0.0,27.38,2.97
2023-05-23 21:00:00+03:00,0.0,0.0,0.0,26.14,3.51
2023-05-23 22:00:00+03:00,0.0,0.0,0.0,24.88,4.77
2023-05-23 23:00:00+03:00,0.0,0.0,0.0,23.22,4.78
2023-05-24 00:00:00+03:00,0.0,0.0,0.0,22.07,3.64
2023-05-24 01:00:00+03:00,0.0,0.0,0.0,21.13,2.44
2023-05-24 02:00:00+03:00,0.0,0.0,0.0,20.42,2.11
2023-05-24 03:00:00+03:00,0.0,0.0,0.0,19.89,1.99
2023-05-24 04:00:00+03:00,0.0,0.0,0.0,19.57,1.78
2023-05-24 05:00:00+03:00,0.0,0.0,0.0,19.46,1.56
2023-05-24 06:00:00+03:00,47.72,36.68,39.59,19.94,1.49
2023-05-24 07:00:00+03:00,225.07,324.83,115.11,22.49,2.43
2023-05-24 08:00:00+03:00,432.5,427.39,185.23,26.38,3.09
2023-05-24 09:00:00+03:00,639.85,529.09,240.92,29.91,3.94
2023-05-24 10:00:00+03:00,814.85,634.73,253.12,31.87,4.03
2023-05-24 11:00:00+03:00,929.47,689.55,254.74,33.38,4.01
2023-05-24 12:00:00+03:00,989.8,731.42,232.6,33.5,4.3
2023-05-24 13:00:00+03:00,974.53,677.67,266.65,33.52,4.64
2023-05-24 14:00:00+03:00,895.92,587.19,327.34,34.96,4.6
2023-05-24 15:00:00+03:00,750.95,591.04,263.35,35.3,4.6
2023-05-24 16:00:00+03:00,578.25,474.1,247.49,34.99,4.85
2023-05-24 17:00:00+03:00,371.75,377.73,187.93,34.14,5.47
2023-05-24 18:00:00+03:00,160.57,167.89,113.46,32.54,6.43
2023-05-24 19:00:00+03:00,19.27,2.38,21.46,29.6,7.32
2023-05-24 20:00:00+03:00,0.0,0.0,0.0,26.45,7.6
2023-05-24 21:00:00+03:00,0.0,0.0,0.0,24.17,6.49
2023-05-24 22:00:00+03:00,0.0,0.0,0.0,22.69,4.84
2023-05-24 23:00:00+03:00,0.0,0.0,0.0,21.71,3.04
2023-05-25 00:00:00+03:00,0.0,0.0,0.0,20.75,1.89
2023-05-25 01:00:00+03:00,0.0,0.0,0.0,19.97,1.78
2023-05-25 02:00:00+03:00,0.0,0.0,0.0,19.32,1.81
2023-05-25 03:00:00+03:00,0.0,0.0,0.0,18.75,1.79
2023-05-25 04:00:00+03:00,0.0,0.0,0.0,18.26,1.77
2023-05-25 05:00:00+03:00,0.0,0.0,0.0,17.87,1.73
2023-05-25 06:00:00+03:00,49.15,29.95,44.85,18.54,1.56
2023-05-25 07:00:00+03:00,215.95,258.7,125.35,21.1,1.72
2023-05-25 08:00:00+03:00,419.98,418.65,182.98,24.2,1.13
2023-05-25 09:00:00+03:00,608.08,438.79,278.58,27.08,1.49
2023-05-25 10:00:00+03:00,809.8,659.56,225.98,29.43,1.95
2023-05-25 11:00:00+03:00,932.17,699.15,251.5,31.59,2.28
2023-05-25 12:00:00+03:00,998.75,814.87,182.81,33.42,2.72
2023-05-25 13:00:00+03:00,992.08,790.44,186.03,34.91,3.25
2023-05-25 14:00:00+03:00,919.0,748.34,216.88,35.96,3.86
2023-05-25 15:00:00+03:00,786.05,711.91,195.42,36.42,4.27
2023-05-25 16:00:00+03:00,602.85,639.3,174.27,36.31,4.55
2023-05-25 17:00:00+03:00,371.6,458.1,153.08,35.63,4.65
2023-05-25 18:00:00+03:00,169.98,238.96,104.99,34.21,4.26
2023-05-25 19:00:00+03:00,20.52,5.53,23.86,30.23,3.56
2023-05-25 20:00:00+03:00,0.0,0.0,0.0,27.79,6.04
2023-05-25 21:00:00+03:00,0.0,0.0,0.0,24.51,6.75
2023-05-25 22:00:00+03:00,0.0,0.0,0.0,22.41,6.1
2023-05-25 23:00:00+03:00,0.0,0.0,0.0,21.52,5.12
2023-05-26 00:00:00+03:00,0.0,0.0,0.0,21.06,3.35
2023-05-26 01:00:00+03:00,0.0,0.0,0.0,20.74,1.59
2023-05-26 02:00:00+03:00,0.0,0.0,0.0,20.55,1.74
2023-05-26 03:00:00+03:00,0.0,0.0,0.0,20.73,2.89
2023-05-26 04:00:00+03:00,0.0,0.0,0.0,20.71,3.08
2023-05-26 05:00:00+03:00,0.0,0.0,0.0,20.66,3.66
2023-05-26 06:00:00+03:00,34.62,1.4,32.02,20.76,4.84
2023-05-26 07:00:00+03:00,133.18,10.65,115.87,21.3,5.17
2023-05-26 08:00:00+03:00,262.42,20.78,224.92,22.42,5.49
2023-05-26 09:00:00+03:00,399.7,4.19,333.44,24.01,5.16
2023-05-26 10:00:00+03:00,407.67,0.56,333.7,25.89,4.55
2023-05-26 11:00:00+03:00,427.17,1.35,343.23,27.9,3.17
2023-05-26 12:00:00+03:00,541.7,45.77,368.78,29.38,2.14
2023-05-26 13:00:00+03:00,535.22,8.08,419.15,30.52,1.63
2023-05-26 14:00:00+03:00,555.33,19.98,438.79,31.47,1.67
2023-05-26 15:00:00+03:00,419.02,90.69,326.87,32.5,2.23
2023-05-26 16:00:00+03:00,328.15,42.96,272.97,33.15,4.3
2023-05-26 17:00:00+03:00,218.73,43.17,176.47,32.87,5.29
2023-05-26 18:00:00+03:00,104.0,14.58,89.74,31.75,5.81
2023-05-26 19:00:00+03:00,15.4,0.0,17.45,29.06,5.01
2023-05-26 20:00:00+03:00,0.0,0.0,0.0,27.29,5.73
2023-05-26 21:00:00+03:00,0.0,0.0,0.0,26.2,6.1
2023-05-26 22:00:00+03:00,0.0,0.0,0.0,25.2,5.6
2023-05-26 23:00:00+03:00,0.0,0.0,0.0,24.45,4.4
2023-05-27 00:00:00+03:00,0.0,0.0,0.0,23.77,3.16
2023-05-27 01:00:00+03:00,0.0,0.0,0.0,23.74,3.16
2023-05-27 02:00:00+03:00,0.0,0.0,0.0,24.0,3.72
2023-05-27 03:00:00+03:00,0.0,0.0,0.0,24.34,4.12
2023-05-27 04:00:00+03:00,0.0,0.0,0.0,24.5,4.45
2023-05-27 05:00:00+03:00,0.0,0.0,0.0,24.86,5.01
2023-05-27 06:00:00+03:00,42.17,0.48,38.81,25.98,5.89
2023-05-27 07:00:00+03:00,164.85,14.25,136.81,27.97,6.27
2023-05-27 08:00:00+03:00,322.8,68.31,250.74,30.61,6.55
2023-05-27 09:00:00+03:00,438.08,61.26,337.7,33.35,6.03
2023-05-27 10:00:00+03:00,556.88,78.13,386.61,36.75,4.77
2023-05-27 11:00:00+03:00,715.5,190.33,454.96,39.75,4.71
2023-05-27 12:00:00+03:00,728.28,206.26,385.0,38.75,8.46
2023-05-27 13:00:00+03:00,681.2,129.52,412.32,35.08,8.6
2023-05-27 14:00:00+03:00,588.28,109.64,383.99,36.9,8.36
2023-05-27 15:00:00+03:00,496.58,53.61,371.53,35.4,10.75
2023-05-27 16:00:00+03:00,250.45,17.77,210.6,32.06,10.89
2023-05-27 17:00:00+03:00,189.45,3.95,159.94,30.9,9.64
2023-05-27 18:00:00+03:00,95.62,0.3,82.65,30.38,8.4
2023-05-27 19:00:00+03:00,14.43,0.0,14.68,29.6,8.12
2023-05-27 20:00:00+03:00,0.0,0.0,0.0,28.35,9.59
2023-05-27 21:00:00+03:00,0.0,0.0,0.0,26.14,9.55
2023-05-27 22:00:00+03:00,0.0,0.0,0.0,24.69,8.77
2023-05-27 23:00:00+03:00,0.0,0.0,0.0,23.75,8.23
2023-05-28 00:00:00+03:00,0.0,0.0,0.0,22.97,7.29
2023-05-28 01:00:00+03:00,0.0,0.0,0.0,22.36,6.35
2023-05-28 02:00:00+03:00,0.0,0.0,0.0,21.86,5.58
2023-05-28 03:00:00+03:00,0.0,0.0,0.0,21.43,4.74
2023-05-28 04:00:00+03:00,0.0,0.0,0.0,21.29,4.42
2023-05-28 05:00:00+03:00,0.0,0.0,0.0,21.53,4.38
2023-05-28 06:00:00+03:00,38.9,0.29,38.21,22.64,5.38
2023-05-28 07:00:00+03:00,167.52,34.47,142.75,24.71,6.62
2023-05-28 08:00:00+03:00,346.6,152.94,262.59,27.23,7.46
2023-05-28 09:00:00+03:00,527.15,197.02,319.64,29.6,7.3
2023-05-28 10:00:00+03:00,717.83,313.29,382.89,31.39,7.42
2023-05-28 11:00:00+03:00,842.3,349.4,449.19,32.85,7.94
2023-05-28 12:00:00+03:00,958.75,594.34,295.79,33.86,8.11
2023-05-28 13:00:00+03:00,935.4,517.14,365.5,34.46,7.92
2023-05-28 14:00:00+03:00,839.85,458.16,370.55,34.78,7.65
2023-05-28 15:00:00+03:00,694.65,354.34,353.54,34.69,7.33
2023-05-28 16:00:00+03:00,534.45,355.18,256.19,34.1,6.97
2023-05-28 17:00:00+03:00,336.23,241.93,209.4,33.07,6.76
2023-05-28 18:00:00+03:00,147.43,91.92,117.07,31.5,7.07
2023-05-28 19:00:00+03:00,19.88,0.64,21.92,29.26,7.14
2023-05-28 20:00:00+03:00,0.0,0.0,0.0,26.92,6.83
2023-05-28 21:00:00+03:00,0.0,0.0,0.0,25.13,6.05
2023-05-28 22:00:00+03:00,0.0,0.0,0.0,23.9,4.68
2023-05-28 23:00:00+03:00,0.0,0.0,0.0,22.82,3.18
2023-05-29 00:00:00+03:00,0.0,0.0,0.0,21.83,2.34
2023-05-29 01:00:00+03:00,0.0,0.0,0.0,20.98,2.0
2023-05-29 02:00:00+03:00,0.0,0.0,0.0,20.27,1.88
2023-05-29 03:00:00+03:00,0.0,0.0,0.0,19.64,1.92
2023-05-29 04:00:00+03:00,0.0,0.0,0.0,19.1,2.07
2023-05-29 05:00:00+03:00,0.0,0.0,0.0,18.62,2.34
2023-05-29 06:00:00+03:00,51.17,51.2,42.1,19.24,3.49
2023-05-29 07:00:00+03:00,227.77,303.95,129.13,21.65,3.83
2023-05-29 08:00:00+03:00,438.92,476.8,171.54,25.03,3.54
2023-05-29 09:00:00+03:00,631.58,482.33,286.67,27.91,3.99
2023-05-29 10:00:00+03:00,821.08,743.17,179.26,30.21,4.64
2023-05-29 11:00:00+03:00,940.67,778.99,196.95,32.07,5.2
2023-05-29 12:00:00+03:00,978.6,771.17,182.89,33.35,5.43
2023-05-29 13:00:00+03:00,961.83,710.98,231.93,34.11,5.39
2023-05-29 14:00:00+03:00,893.45,696.07,232.37,34.46,5.32
2023-05-29 15:00:00+03:00,747.6,569.76,263.08,34.31,5.36
2023-05-29 16:00:00+03:00,561.1,489.93,214.68,33.56,5.39
2023-05-29 17:00:00+03:00,344.67,387.99,150.98,32.45,5.43
2023-05-29 18:00:00+03:00,153.02,205.54,97.13,30.92,5.51
2023-05-29 19:00:00+03:00,19.73,6.89,21.2,29.33,5.52
2023-05-29 20:00:00+03:00,0.0,0.0,0.0,27.51,5.9
2023-05-29 21:00:00+03:00,0.0,0.0,0.0,25.14,5.82
2023-05-29 22:00:00+03:00,0.0,0.0,0.0,23.08,5.54
2023-05-29 23:00:00+03:00,0.0,0.0,0.0,21.79,4.62
2023-05-30 00:00:00+03:00,0.0,0.0,0.0,21.19,3.16
2023-05-30 01:00:00+03:00,0.0,0.0,0.0,20.66,1.87
2023-05-30 02:00:00+03:00,0.0,0.0,0.0,20.14,1.62
2023-05-30 03:00:00+03:00,0.0,0.0,0.0,19.73,1.68
2023-05-30 04:00:00+03:00,0.0,0.0,0.0,19.37,1.77
2023-05-30 05:00:00+03:00,0.0,0.0,0.0,19.06,1.85
2023-05-30 06:00:00+03:00,54.28,105.45,37.3,19.97,2.18
2023-05-30 07:00:00+03:00,237.1,428.84,94.7,22.55,2.28
2023-05-30 08:00:00+03:00,449.27,588.88,133.61,26.15,1.04
2023-05-30 09:00:00+03:00,645.5,653.17,179.94,29.58,1.71
2023-05-30 10:00:00+03:00,814.33,714.9,198.32,31.71,2.63
2023-05-30 11:00:00+03:00,915.92,717.61,223.08,33.28,2.89
2023-05-30 12:00:00+03:00,961.67,675.75,246.55,34.46,3.16
2023-05-30 13:00:00+03:00,890.12,603.48,280.67,35.29,3.51
2023-05-30 14:00:00+03:00,846.62,364.81,460.52,35.74,3.7
2023-05-30 15:00:00+03:00,726.45,539.58,267.14,35.75,3.97
2023-05-30 16:00:00+03:00,544.45,415.8,240.81,35.39,4.29
2023-05-30 17:00:00+03:00,342.77,382.77,169.55,34.36,4.5
2023-05-30 18:00:00+03:00,156.15,214.44,103.87,32.88,5.79
2023-05-30 19:00:00+03:00,21.8,13.37,22.7,30.28,8.12
2023-05-30 20:00:00+03:00,0.0,0.0,0.0,26.47,9.08
2023-05-30 21:00:00+03:00,0.0,0.0,0.0,23.69,7.71
2023-05-30 22:00:00+03:00,0.0,0.0,0.0,22.82,5.68
2023-05-30 23:00:00+03:00,0.0,0.0,0.0,22.42,4.6
2023-05-31 00:00:00+03:00,0.0,0.0,0.0,21.94,3.46
2023-05-31 01:00:00+03:00,0.0,0.0,0.0,21.4,2.21
2023-05-31 02:00:00+03:00,0.0,0.0,0.0,20.75,1.82
2023-05-31 03:00:00+03:00,0.0,0.0,0.0,20.13,2.03
2023-05-31 04:00:00+03:00,0.0,0.0,0.0,19.78,2.29
2023-05-31 05:00:00+03:00,0.0,0.0,0.0,19.63,2.63
2023-05-31 06:00:00+03:00,50.05,23.76,44.6,20.74,3.63
2023-05-31 07:00:00+03:00,221.12,255.92,128.35,23.09,4.02
2023-05-31 08:00:00+03:00,425.5,421.6,190.88,27.53,3.57
2023-05-31 09:00:00+03:00,620.33,481.99,271.32,31.25,2.29
2023-05-31 10:00:00+03:00,801.17,641.42,234.95,33.36,0.77
2023-05-31 11:00:00+03:00,918.25,669.83,258.69,35.01,0.25
2023-05-31 12:00:00+03:00,978.17,601.47,370.39,36.52,0.45
2023-05-31 13:00:00+03:00,945.28,698.59,238.26,37.76,0.82
2023-05-31 14:00:00+03:00,886.58,687.27,234.2,38.53,1.2
2023-05-31 15:00:00+03:00,772.72,611.81,256.24,38.78,1.11
2023-05-31 16:00:00+03:00,594.55,599.16,179.54,38.63,1.5
2023-05-31 17:00:00+03:00,372.92,387.64,177.08,37.99,3.82
2023-05-31 18:00:00+03:00,154.3,141.21,113.05,35.84,7.23
2023-05-31 19:00:00+03:00,20.27,1.45,22.51,30.96,10.47
2023-05-31 20:00:00+03:00,0.0,0.0,0.0,25.84,10.18
2023-05-31 21:00:00+03:00,0.0,0.0,0.0,23.82,7.88
2023-05-31 22:00:00+03:00,0.0,0.0,0.0,23.55,5.86
2023-05-31 23:00:00+03:00,0.0,0.0,0.0,23.49,7.11
2023-06-01 00:00:00+03:00,0.0,0.0,0.0,23.68,8.1
2023-06-01 01:00:00+03:00,0.0,0.0,0.0,24.03,6.04
2023-06-01 02:00:00+03:00,0.0,0.0,0.0,23.98,4.9
2023-06-01 03:00:00+03:00,0.0,0.0,0.0,23.55,3.82
2023-06-01 04:00:00+03:00,0.0,0.0,0.0,23.19,3.31
2023-06-01 05:00:00+03:00,0.0,0.0,0.0,23.4,3.35
2023-06-01 06:00:00+03:00,42.67,4.03,42.05,24.48,4.09
2023-06-01 07:00:00+03:00,144.95,40.39,126.55,27.07,4.98
2023-06-01 08:00:00+03:00,167.02,0.0,144.65,30.54,3.52
2023-06-01 09:00:00+03:00,185.62,0.0,155.15,35.68,2.64
2023-06-01 10:00:00+03:00,308.83,0.0,252.87,39.62,2.9
2023-06-01 11:00:00+03:00,477.92,3.15,383.68,41.78,3.64
2023-06-01 12:00:00+03:00,768.2,229.74,405.33,42.71,4.79
2023-06-01 13:00:00+03:00,647.05,89.54,477.62,43.07,5.48
2023-06-01 14:00:00+03:00,304.3,20.08,238.59,43.34,6.71
2023-06-01 15:00:00+03:00,308.42,13.03,251.19,43.05,7.28
2023-06-01 16:00:00+03:00,169.15,3.52,142.29,41.69,9.5
2023-06-01 17:00:00+03:00,122.05,2.28,103.07,38.07,12.1
2023-06-01 18:00:00+03:00,59.55,0.59,51.75,33.16,15.12
2023-06-01 19:00:00+03:00,10.43,0.0,11.09,26.19,11.5
2023-06-01 20:00:00+03:00,0.0,0.0,0.0,25.86,3.64
2023-06-01 21:00:00+03:00,0.0,0.0,0.0,26.59,4.67
2023-06-01 22:00:00+03:00,0.0,0.0,0.0,27.1,3.82
2023-06-01 23:00:00+03:00,0.0,0.0,0.0,27.35,2.91
2023-06-02 00:00:00+03:00,0.0,0.0,0.0,27.37,3.27
2023-06-02 01:00:00+03:00,0.0,0.0,0.0,27.18,4.31
2023-06-02 02:00:00+03:00,0.0,0.0,0.0,27.12,5.0
2023-06-02 03:00:00+03:00,0.0,0.0,0.0,27.16,5.01
2023-06-02 04:00:00+03:00,0.0,0.0,0.0,26.97,4.81
2023-06-02 05:00:00+03:00,0.0,0.0,0.0,26.3,4.52
2023-06-02 06:00:00+03:00,37.45,0.0,34.03,27.16,5.16
2023-06-02 07:00:00+03:00,142.25,17.07,124.63,30.22,6.55
2023-06-02 08:00:00+03:00,307.85,52.78,259.38,34.49,7.01
2023-06-02 09:00:00+03:00,472.12,65.95,384.7,39.32,8.04
2023-06-02 10:00:00+03:00,676.28,238.43,474.9,42.19,9.52
2023-06-02 11:00:00+03:00,784.0,231.66,567.07,43.41,11.06
2023-06-02 12:00:00+03:00,794.85,301.51,382.37,43.97,11.52
2023-06-02 13:00:00+03:00,852.28,276.16,451.32,44.43,11.02
2023-06-02 14:00:00+03:00,843.25,447.42,370.34,44.48,10.9
2023-06-02 15:00:00+03:00,627.58,154.44,394.96,43.76,10.87
2023-06-02 16:00:00+03:00,464.6,140.28,359.55,42.48,10.05
2023-06-02 17:00:00+03:00,291.55,52.38,239.61,41.07,8.97
2023-06-02 18:00:00+03:00,123.03,7.92,116.4,39.25,7.46
2023-06-02 19:00:00+03:00,19.33,0.0,22.32,35.95,5.36
2023-06-02 20:00:00+03:00,0.0,0.0,0.0,33.08,5.26
2023-06-02 21:00:00+03:00,0.0,0.0,0.0,31.08,5.16
2023-06-02 22:00:00+03:00,0.0,0.0,0.0,29.16,3.99
2023-06-02 23:00:00+03:00,0.0,0.0,0.0,27.55,2.97
2023-06-03 00:00:00+03:00,0.0,0.0,0.0,26.44,2.58
2023-06-03 01:00:00+03:00,0.0,0.0,0.0,25.66,2.97
2023-06-03 02:00:00+03:00,0.0,0.0,0.0,24.92,2.95
2023-06-03 03:00:00+03:00,0.0,0.0,0.0,24.21,2.44
2023-06-03 04:00:00+03:00,0.0,0.0,0.0,23.55,1.78
2023-06-03 05:00:00+03:00,0.0,0.0,0.0,23.19,1.52
2023-06-03 06:00:00+03:00,47.67,6.57,46.26,23.31,2.21
2023-06-03 07:00:00+03:00,178.82,68.67,152.6,24.4,2.47
2023-06-03 08:00:00+03:00,345.7,117.63,244.47,26.38,2.43
2023-06-03 09:00:00+03:00,521.67,264.42,292.83,29.09,2.55
2023-06-03 10:00:00+03:00,754.6,520.73,271.96,32.14,3.04
2023-06-03 11:00:00+03:00,861.1,503.65,363.44,34.36,3.47
2023-06-03 12:00:00+03:00,885.0,538.46,287.77,36.05,3.75
2023-06-03 13:00:00+03:00,951.45,621.1,288.96,37.18,3.97
2023-06-03 14:00:00+03:00,857.2,558.27,307.07,37.94,4.27
2023-06-03 15:00:00+03:00,734.5,519.35,279.39,38.22,4.66
2023-06-03 16:00:00+03:00,571.1,476.74,228.22,37.75,5.18
2023-06-03 17:00:00+03:00,363.7,349.68,187.5,36.63,5.7
2023-06-03 18:00:00+03:00,167.12,163.14,122.82,34.69,6.39
2023-06-03 19:00:00+03:00,24.08,2.87,25.89,31.47,6.95
2023-06-03 20:00:00+03:00,0.0,0.0,0.0,27.61,7.44
2023-06-03 21:00:00+03:00,0.0,0.0,0.0,24.43,6.76
2023-06-03 22:00:00+03:00,0.0,0.0,0.0,22.69,5.28
2023-06-03 23:00:00+03:00,0.0,0.0,0.0,21.9,3.84
2023-06-04 00:00:00+03:00,0.0,0.0,0.0,21.44,2.98
2023-06-04 01:00:00+03:00,0.0,0.0,0.0,21.03,2.58
2023-06-04 02:00:00+03:00,0.0,0.0,0.0,20.51,2.14
2023-06-04 03:00:00+03:00,0.0,0.0,0.0,19.94,1.65
2023-06-04 04:00:00+03:00,0.0,0.0,0.0,19.41,1.49
2023-06-04 05:00:00+03:00,0.0,0.0,0.0,18.96,1.53
2023-06-04 06:00:00+03:00,55.83,58.55,48.84,19.69,2.27
2023-06-04 07:00:00+03:00,216.0,201.07,147.78,21.48,2.92
2023-06-04 08:00:00+03:00,402.27,246.63,256.22,23.71,3.17
2023-06-04 09:00:00+03:00,589.12,412.35,274.35,26.44,3.58
2023-06-04 10:00:00+03:00,777.47,589.12,285.92,29.1,3.99
2023-06-04 11:00:00+03:00,815.5,327.75,452.48,31.45,4.43
2023-06-04 12:00:00+03:00,826.95,272.43,423.17,33.3,4.78
2023-06-04 13:00:00+03:00,783.25,310.1,427.97,34.66,5.06
2023-06-04 14:00:00+03:00,653.28,80.05,484.58,35.41,5.44
2023-06-04 15:00:00+03:00,510.55,47.93,411.47,35.42,5.9
2023-06-04 16:00:00+03:00,425.67,48.36,352.08,34.7,6.59
2023-06-04 17:00:00+03:00,294.15,40.97,242.49,33.08,7.29
2023-06-04 18:00:00+03:00,144.57,17.42,122.97,30.59,7.58
2023-06-04 19:00:00+03:00,25.52,2.47,26.87,27.65,7.03
2023-06-04 20:00:00+03:00,0.0,0.0,0.0,25.31,5.79
2023-06-04 21:00:00+03:00,0.0,0.0,0.0,23.87,4.74
2023-06-04 22:00:00+03:00,0.0,0.0,0.0,22.73,3.82
2023-06-04 23:00:00+03:00,0.0,0.0,0.0,21.67,3.02
2023-06-05 00:00:00+03:00,0.0,0.0,0.0,20.68,2.34
2023-06-05 01:00:00+03:00,0.0,0.0,0.0,19.83,2.02
2023-06-05 02:00:00+03:00,0.0,0.0,0.0,19.19,1.92
2023-06-05 03:00:00+03:00,0.0,0.0,0.0,18.69,1.87
2023-06-05 04:00:00+03:00,0.0,0.0,0.0,18.24,1.85
2023-06-05 05:00:00+03:00,0.0,0.0,0.0,17.82,1.84
2023-06-05 06:00:00+03:00,61.85,110.55,44.21,19.0,2.19
2023-06-05 07:00:00+03:00,244.2,431.25,100.54,21.18,3.31
2023-06-05 08:00:00+03:00,461.23,583.04,148.04,23.86,3.9
2023-06-05 09:00:00+03:00,649.75,659.09,179.78,26.57,3.99
2023-06-05 10:00:00+03:00,813.65,711.68,202.6,28.97,4.06
2023-06-05 11:00:00+03:00,948.6,795.32,190.05,31.03,4.23
2023-06-05 12:00:00+03:00,1021.1,915.96,132.06,32.59,4.31
2023-06-05 13:00:00+03:00,1016.03,932.24,112.29,33.72,4.5
2023-06-05 14:00:00+03:00,944.65,876.87,138.6,34.33,4.96
2023-06-05 15:00:00+03:00,815.7,845.18,126.31,34.28,5.73
2023-06-05 16:00:00+03:00,624.78,755.26,126.94,33.51,6.58
2023-06-05 17:00:00+03:00,397.6,603.66,116.33,31.99,7.17
2023-06-05 18:00:00+03:00,206.48,436.4,90.3,29.82,7.11
2023-06-05 19:00:00+03:00,31.23,46.12,30.56,27.26,6.45
2023-06-05 20:00:00+03:00,0.0,0.0,0.0,24.93,5.33
2023-06-05 21:00:00+03:00,0.0,0.0,0.0,23.31,4.16
2023-06-05 22:00:00+03:00,0.0,0.0,0.0,21.89,3.15
2023-06-05 23:00:00+03:00,0.0,0.0,0.0,20.67,2.52
2023-06-06 00:00:00+03:00,0.0,0.0,0.0,19.61,2.16
2023-06-06 01:00:00+03:00,0.0,0.0,0.0,18.81,2.04
2023-06-06 02:00:00+03:00,0.0,0.0,0.0,18.19,1.96
2023-06-06 03:00:00+03:00,0.0,0.0,0.0,18.04,1.8
2023-06-06 04:00:00+03:00,0.0,0.0,0.0,17.92,1.76
2023-06-06 05:00:00+03:00,0.0,0.0,0.0,17.99,1.7
2023-06-06 06:00:00+03:00,60.9,96.66,48.15,18.79,1.84
2023-06-06 07:00:00+03:00,213.95,298.24,117.34,20.87,3.04
2023-06-06 08:00:00+03:00,413.8,336.13,238.71,23.43,3.48
2023-06-06 09:00:00+03:00,579.28,178.55,410.37,25.98,3.35
2023-06-06 10:00:00+03:00,791.12,526.47,339.56,28.56,3.18
2023-06-06 11:00:00+03:00,934.45,709.02,245.0,30.96,3.09
2023-06-06 12:00:00+03:00,1011.22,879.81,153.14,32.9,2.94
2023-06-06 13:00:00+03:00,1004.67,889.37,130.81,34.38,2.85
2023-06-06 14:00:00+03:00,923.75,801.08,180.06,35.33,3.02
2023-06-06 15:00:00+03:00,738.9,576.58,260.61,35.72,3.78
2023-06-06 16:00:00+03:00,469.73,141.06,363.5,35.39,4.26
2023-06-06 17:00:00+03:00,281.8,25.5,234.36,34.8,4.69
2023-06-06 18:00:00+03:00,134.45,11.13,113.93,33.23,5.68
2023-06-06 19:00:00+03:00,25.12,1.17,25.36,30.74,5.79
2023-06-06 20:00:00+03:00,0.0,0.0,0.0,28.23,6.0
2023-06-06 21:00:00+03:00,0.0,0.0,0.0,26.28,5.66
2023-06-06 22:00:00+03:00,0.0,0.0,0.0,24.98,5.0
2023-06-06 23:00:00+03:00,0.0,0.0,0.0,24.2,4.01
2023-06-07 00:00:00+03:00,0.0,0.0,0.0,23.61,3.08
2023-06-07 01:00:00+03:00,0.0,0.0,0.0,22.46,2.13
2023-06-07 02:00:00+03:00,0.0,0.0,0.0,21.61,2.14
2023-06-07 03:00:00+03:00,0.0,0.0,0.0,20.98,2.31
2023-06-07 04:00:00+03:00,0.0,0.0,0.0,20.42,2.44
2023-06-07 05:00:00+03:00,0.0,0.0,0.0,19.96,2.47
2023-06-07 06:00:00+03:00,56.78,59.44,47.39,20.81,3.42
2023-06-07 07:00:00+03:00,230.68,331.44,119.27,23.2,3.95
2023-06-07 08:00:00+03:00,443.12,468.39,190.36,26.15,3.78
2023-06-07 09:00:00+03:00,627.12,473.92,295.43,29.1,3.34
2023-06-07 10:00:00+03:00,787.03,740.11,339.13,31.81,2.94
2023-06-07 11:00:00+03:00,906.58,520.43,415.88,34.25,2.65
2023-06-07 12:00:00+03:00,971.75,696.54,295.68,35.99,2.91
2023-06-07 13:00:00+03:00,966.88,669.49,310.71,37.17,3.25
2023-06-07 14:00:00+03:00,898.47,672.45,264.4,37.97,3.68
2023-06-07 15:00:00+03:00,761.3,581.46,251.24,38.16,4.44
2023-06-07 16:00:00+03:00,540.62,316.35,308.35,37.5,5.49
2023-06-07 17:00:00+03:00,353.85,243.32,251.74,35.97,6.19
2023-06-07 18:00:00+03:00,165.02,105.11,126.37,33.94,5.85
2023-06-07 19:00:00+03:00,27.77,2.6,29.06,31.61,5.49
2023-06-07 20:00:00+03:00,0.0,0.0,0.0,29.48,5.61
2023-06-07 21:00:00+03:00,0.0,0.0,0.0,27.96,5.64
2023-06-07 22:00:00+03:00,0.0,0.0,0.0,26.64,6.34
2023-06-07 23:00:00+03:00,0.0,0.0,0.0,25.67,5.53
2023-06-08 00:00:00+03:00,0.0,0.0,0.0,25.17,5.18
2023-06-08 01:00:00+03:00,0.0,0.0,0.0,24.85,4.62
2023-06-08 02:00:00+03:00,0.0,0.0,0.0,24.56,4.1
2023-06-08 03:00:00+03:00,0.0,0.0,0.0,24.24,3.54
2023-06-08 04:00:00+03:00,0.0,0.0,0.0,23.56,1.82
2023-06-08 05:00:00+03:00,0.0,0.0,0.0,23.44,0.86
2023-06-08 06:00:00+03:00,20.45,0.0,18.58,23.64,2.17
2023-06-08 07:00:00+03:00,107.4,4.04,95.26,24.26,3.3
2023-06-08 08:00:00+03:00,212.95,0.0,184.43,25.16,2.37
2023-06-08 09:00:00+03:00,287.3,0.14,240.11,27.71,2.78
2023-06-08 10:00:00+03:00,463.52,3.46,378.9,30.22,3.94
2023-06-08 11:00:00+03:00,502.8,12.27,402.05,33.6,3.46
2023-06-08 12:00:00+03:00,728.58,226.34,390.98,35.79,3.09
2023-06-08 13:00:00+03:00,822.22,359.8,431.16,36.49,3.86
2023-06-08 14:00:00+03:00,698.08,310.65,375.36,37.19,5.12
2023-06-08 15:00:00+03:00,699.0,354.21,366.25,37.03,6.37
2023-06-08 16:00:00+03:00,429.3,142.6,294.97,37.13,7.15
2023-06-08 17:00:00+03:00,211.35,29.0,172.89,36.45,7.68
2023-06-08 18:00:00+03:00,102.45,8.5,86.3,35.0,6.97
2023-06-08 19:00:00+03:00,12.2,0.0,12.33,32.33,3.12
2023-06-08 20:00:00+03:00,0.0,0.0,0.0,30.37,5.72
2023-06-08 21:00:00+03:00,0.0,0.0,0.0,28.73,6.77
2023-06-08 22:00:00+03:00,0.0,0.0,0.0,27.4,6.59
2023-06-08 23:00:00+03:00,0.0,0.0,0.0,26.45,6.07
2023-06-09 00:00:00+03:00,0.0,0.0,0.0,25.87,5.02
2023-06-09 01:00:00+03:00,0.0,0.0,0.0,25.47,4.39
2023-06-09 02:00:00+03:00,0.0,0.0,0.0,24.92,4.03
2023-06-09 03:00:00+03:00,0.0,0.0,0.0,24.83,4.33
2023-06-09 04:00:00+03:00,0.0,0.0,0.0,24.85,4.18
2023-06-09 05:00:00+03:00,0.0,0.0,0.0,24.87,3.92
2023-06-09 06:00:00+03:00,42.12,0.56,37.33,26.4,3.9
2023-06-09 07:00:00+03:00,167.62,21.55,146.66,29.83,4.41
2023-06-09 08:00:00+03:00,330.12,38.84,280.58,31.99,4.24
2023-06-09 09:00:00+03:00,469.98,194.89,363.51,34.17,5.13
2023-06-09 10:00:00+03:00,688.8,236.15,485.2,36.1,5.95
2023-06-09 11:00:00+03:00,801.15,256.75,574.55,38.03,6.68
2023-06-09 12:00:00+03:00,858.42,369.37,476.07,39.58,7.17
2023-06-09 13:00:00+03:00,908.95,388.34,429.2,40.3,7.66
2023-06-09 14:00:00+03:00,854.05,409.01,406.27,40.72,7.72
2023-06-09 15:00:00+03:00,723.67,372.3,359.3,40.83,7.43
2023-06-09 16:00:00+03:00,550.53,319.76,296.71,40.24,6.93
2023-06-09 17:00:00+03:00,344.08,229.84,217.89,39.21,6.79
2023-06-09 18:00:00+03:00,153.57,93.07,119.88,37.63,7.66
2023-06-09 19:00:00+03:00,25.4,1.42,26.72,34.94,8.69
2023-06-09 20:00:00+03:00,0.0,0.0,0.0,31.47,9.03
2023-06-09 21:00:00+03:00,0.0,0.0,0.0,28.74,7.73
2023-06-09 22:00:00+03:00,0.0,0.0,0.0,27.21,6.54
2023-06-09 23:00:00+03:00,0.0,0.0,0.0,26.15,5.9
2023-06-10 00:00:00+03:00,0.0,0.0,0.0,25.23,5.21
2023-06-10 01:00:00+03:00,0.0,0.0,0.0,24.43,4.56
2023-06-10 02:00:00+03:00,0.0,0.0,0.0,23.74,3.78
2023-06-10 03:00:00+03:00,0.0,0.0,0.0,23.1,2.88
2023-06-10 04:00:00+03:00,0.0,0.0,0.0,22.45,2.54
2023-06-10 05:00:00+03:00,0.0,0.0,0.0,21.97,2.57
2023-06-10 06:00:00+03:00,48.5,17.68,46.17,22.33,3.72
2023-06-10 07:00:00+03:00,190.73,147.41,148.89,24.03,4.45
2023-06-10 08:00:00+03:00,374.77,216.59,245.4,27.01,4.63
2023-06-10 09:00:00+03:00,584.08,457.78,249.98,30.4,4.73
2023-06-10 10:00:00+03:00,798.22,652.51,219.95,33.41,4.77
2023-06-10 11:00:00+03:00,918.25,698.58,232.57,35.83,4.84
2023-06-10 12:00:00+03:00,982.65,818.24,158.0,37.34,4.9
2023-06-10 13:00:00+03:00,976.78,798.54,167.24,38.13,5.02
2023-06-10 14:00:00+03:00,906.38,745.59,192.58,38.39,5.3
2023-06-10 15:00:00+03:00,783.35,719.74,178.38,38.12,5.65
2023-06-10 16:00:00+03:00,587.35,605.4,172.38,37.27,5.99
2023-06-10 17:00:00+03:00,388.1,527.31,131.99,35.85,6.24
2023-06-10 18:00:00+03:00,201.02,395.13,83.69,34.13,6.65
2023-06-10 19:00:00+03:00,33.47,65.29,27.11,32.02,6.51
2023-06-10 20:00:00+03:00,0.0,0.0,0.0,29.84,5.54
2023-06-10 21:00:00+03:00,0.0,0.0,0.0,28.29,4.48
2023-06-10 22:00:00+03:00,0.0,0.0,0.0,26.88,3.06
2023-06-10 23:00:00+03:00,0.0,0.0,0.0,25.7,2.14
2023-06-11 00:00:00+03:00,0.0,0.0,0.0,24.73,1.66
2023-06-11 01:00:00+03:00,0.0,0.0,0.0,24.3,1.02
2023-06-11 02:00:00+03:00,0.0,0.0,0.0,23.97,0.49
2023-06-11 03:00:00+03:00,0.0,0.0,0.0,23.32,0.8
2023-06-11 04:00:00+03:00,0.0,0.0,0.0,22.58,1.17
2023-06-11 05:00:00+03:00,0.0,0.0,0.0,21.86,1.4
2023-06-11 06:00:00+03:00,58.47,79.98,44.72,22.33,1.62
2023-06-11 07:00:00+03:00,231.02,351.84,113.6,24.72,2.15
2023-06-11 08:00:00+03:00,437.48,506.11,160.38,27.85,2.44
2023-06-11 09:00:00+03:00,623.45,572.64,212.82,30.39,2.87
2023-06-11 10:00:00+03:00,794.83,624.38,254.12,32.49,3.27
2023-06-11 11:00:00+03:00,905.35,627.68,270.82,34.29,3.8
2023-06-11 12:00:00+03:00,940.95,591.23,285.29,35.73,4.22
2023-06-11 13:00:00+03:00,983.55,829.89,195.92,36.81,4.44
2023-06-11 14:00:00+03:00,917.03,773.04,199.86,37.45,4.48
2023-06-11 15:00:00+03:00,767.7,650.73,216.53,37.65,4.52
2023-06-11 16:00:00+03:00,593.85,564.44,203.11,37.37,4.84
2023-06-11 17:00:00+03:00,385.6,505.63,139.78,36.6,5.57
2023-06-11 18:00:00+03:00,198.18,340.21,99.69,35.19,6.67
2023-06-11 19:00:00+03:00,32.78,40.54,29.36,32.63,7.35
2023-06-11 20:00:00+03:00,0.0,0.0,0.0,29.65,6.8
2023-06-11 21:00:00+03:00,0.0,0.0,0.0,27.45,5.21
2023-06-11 22:00:00+03:00,0.0,0.0,0.0,25.85,3.13
2023-06-11 23:00:00+03:00,0.0,0.0,0.0,24.64,1.66
2023-06-12 00:00:00+03:00,0.0,0.0,0.0,24.17,1.07
2023-06-12 01:00:00+03:00,0.0,0.0,0.0,23.88,0.86
2023-06-12 02:00:00+03:00,0.0,0.0,0.0,23.34,1.16
2023-06-12 03:00:00+03:00,0.0,0.0,0.0,22.68,1.64
2023-06-12 04:00:00+03:00,0.0,0.0,0.0,22.15,2.01
2023-06-12 05:00:00+03:00,0.0,0.0,0.0,21.77,2.32
2023-06-12 06:00:00+03:00,56.78,63.23,45.68,23.06,2.49
2023-06-12 07:00:00+03:00,230.25,352.56,111.37,26.04,3.23
2023-06-12 08:00:00+03:00,440.6,528.82,153.56,28.64,3.66
2023-06-12 09:00:00+03:00,647.88,660.02,169.94,30.83,4.83
2023-06-12 10:00:00+03:00,804.95,688.79,208.21,32.64,5.61
2023-06-12 11:00:00+03:00,928.65,753.1,205.01,34.16,5.97
2023-06-12 12:00:00+03:00,997.1,877.88,133.77,35.46,5.99
2023-06-12 13:00:00+03:00,985.85,813.92,170.48,36.58,5.86
2023-06-12 14:00:00+03:00,913.35,779.76,179.4,37.34,5.69
2023-06-12 15:00:00+03:00,777.45,690.06,197.81,37.7,5.82
2023-06-12 16:00:00+03:00,562.45,427.98,250.84,37.48,6.26
2023-06-12 17:00:00+03:00,376.75,394.47,185.03,36.58,6.63
2023-06-12 18:00:00+03:00,188.35,251.55,118.45,34.84,6.79
2023-06-12 19:00:00+03:00,32.0,27.62,31.45,32.32,6.18
2023-06-12 20:00:00+03:00,0.0,0.0,0.0,29.66,5.38
2023-06-12 21:00:00+03:00,0.0,0.0,0.0,27.54,4.87
2023-06-12 22:00:00+03:00,0.0,0.0,0.0,25.88,4.15
2023-06-12 23:00:00+03:00,0.0,0.0,0.0,24.83,4.02
2023-06-13 00:00:00+03:00,0.0,0.0,0.0,24.31,3.76
2023-06-13 01:00:00+03:00,0.0,0.0,0.0,23.79,3.17
2023-06-13 02:00:00+03:00,0.0,0.0,0.0,23.23,2.67
2023-06-13 03:00:00+03:00,0.0,0.0,0.0,22.73,2.59
2023-06-13 04:00:00+03:00,0.0,0.0,0.0,22.36,2.8
2023-06-13 05:00:00+03:00,0.0,0.0,0.0,22.05,2.63
2023-06-13 06:00:00+03:00,38.47,14.78,36.44,22.76,2.96
2023-06-13 07:00:00+03:00,124.95,46.74,103.73,24.87,2.55
2023-06-13 08:00:00+03:00,235.8,27.17,193.85,27.47,2.1
2023-06-13 09:00:00+03:00,333.45,17.97,276.0,30.72,1.41
2023-06-13 10:00:00+03:00,564.9,56.54,429.07,34.17,1.59
2023-06-13 11:00:00+03:00,642.0,159.12,417.62,36.27,2.05
2023-06-13 12:00:00+03:00,738.5,365.11,364.57,37.82,2.2
2023-06-13 13:00:00+03:00,759.5,332.05,364.52,38.83,2.67
2023-06-13 14:00:00+03:00,707.28,460.14,285.47,39.4,3.44
2023-06-13 15:00:00+03:00,674.58,401.52,305.15,39.52,4.53
2023-06-13 16:00:00+03:00,503.67,343.98,239.7,38.93,6.0
2023-06-13 17:00:00+03:00,328.42,239.38,206.77,37.3,7.84
2023-06-13 18:00:00+03:00,164.52,134.35,119.59,35.05,9.08
2023-06-13 19:00:00+03:00,28.33,4.19,28.58,32.44,8.86
2023-06-13 20:00:00+03:00,0.0,0.0,0.0,30.07,8.02
2023-06-13 21:00:00+03:00,0.0,0.0,0.0,27.86,7.6
2023-06-13 22:00:00+03:00,0.0,0.0,0.0,26.06,6.91
2023-06-13 23:00:00+03:00,0.0,0.0,0.0,24.91,6.16
2023-06-14 00:00:00+03:00,0.0,0.0,0.0,24.21,5.15
2023-06-14 01:00:00+03:00,0.0,0.0,0.0,23.62,4.16
2023-06-14 02:00:00+03:00,0.0,0.0,0.0,22.98,3.6
2023-06-14 03:00:00+03:00,0.0,0.0,0.0,22.31,3.18
2023-06-14 04:00:00+03:00,0.0,0.0,0.0,21.62,2.49
2023-06-14 05:00:00+03:00,0.0,0.0,0.0,20.97,1.79
2023-06-14 06:00:00+03:00,56.4,72.3,47.16,21.23,2.78
2023-06-14 07:00:00+03:00,213.48,263.54,132.12,22.83,3.27
2023-06-14 08:00:00+03:00,396.0,331.92,210.57,25.35,3.27
2023-06-14 09:00:00+03:00,556.38,197.5,367.32,28.22,2.94
2023-06-14 10:00:00+03:00,758.95,445.76,383.49,30.82,2.63
2023-06-14 11:00:00+03:00,916.85,712.36,252.18,33.18,3.01
2023-06-14 12:00:00+03:00,960.5,673.78,239.67,35.04,3.57
2023-06-14 13:00:00+03:00,944.35,679.78,233.8,36.33,4.01
2023-06-14 14:00:00+03:00,895.17,695.11,234.0,37.08,4.68
2023-06-14 15:00:00+03:00,740.83,569.43,272.64,37.17,5.76
2023-06-14 16:00:00+03:00,582.5,554.81,197.69,36.41,7.16
2023-06-14 17:00:00+03:00,392.62,491.51,153.22,34.6,8.35
2023-06-14 18:00:00+03:00,199.48,374.9,93.57,31.85,8.86
2023-06-14 19:00:00+03:00,35.28,88.24,27.84,28.77,8.31
2023-06-14 20:00:00+03:00,0.0,0.0,0.0,26.53,6.97
2023-06-14 21:00:00+03:00,0.0,0.0,0.0,25.35,5.55
2023-06-14 22:00:00+03:00,0.0,0.0,0.0,24.47,4.57
2023-06-14 23:00:00+03:00,0.0,0.0,0.0,23.56,3.75
2023-06-15 00:00:00+03:00,0.0,0.0,0.0,22.73,2.62
2023-06-15 01:00:00+03:00,0.0,0.0,0.0,21.96,1.8
2023-06-15 02:00:00+03:00,0.0,0.0,0.0,21.36,1.68
2023-06-15 03:00:00+03:00,0.0,0.0,0.0,20.85,1.69
2023-06-15 04:00:00+03:00,0.0,0.0,0.0,20.47,1.72
2023-06-15 05:00:00+03:00,0.0,0.0,0.0,20.08,1.74
2023-06-15 06:00:00+03:00,56.1,94.44,43.2,20.99,2.43
2023-06-15 07:00:00+03:00,216.43,297.57,123.02,23.2,2.8
2023-06-15 08:00:00+03:00,408.85,369.2,208.46,25.91,2.72
2023-06-15 09:00:00+03:00,586.97,388.0,285.62,28.82,2.8
2023-06-15 10:00:00+03:00,798.65,666.99,232.09,31.35,2.95
2023-06-15 11:00:00+03:00,924.65,726.12,215.69,33.55,3.21
2023-06-15 12:00:00+03:00,997.38,862.64,149.58,35.25,3.46
2023-06-15 13:00:00+03:00,991.17,901.47,119.42,36.48,3.83
2023-06-15 14:00:00+03:00,923.53,812.42,161.43,37.3,4.45
2023-06-15 15:00:00+03:00,793.17,745.3,173.77,37.45,5.26
2023-06-15 16:00:00+03:00,619.45,679.85,151.81,36.94,6.2
2023-06-15 17:00:00+03:00,412.52,555.1,137.72,35.51,7.01
2023-06-15 18:00:00+03:00,209.32,406.89,87.83,33.14,7.67
2023-06-15 19:00:00+03:00,37.22,85.8,27.63,30.03,7.55
2023-06-15 20:00:00+03:00,0.0,0.0,0.0,27.3,6.4
2023-06-15 21:00:00+03:00,0.0,0.0,0.0,25.56,5.08
2023-06-15 22:00:00+03:00,0.0,0.0,0.0,24.28,3.64
2023-06-15 23:00:00+03:00,0.0,0.0,0.0,23.08,2.29
2023-06-16 00:00:00+03:00,0.0,0.0,0.0,22.05,1.71
2023-06-16 01:00:00+03:00,0.0,0.0,0.0,21.28,1.6
2023-06-16 02:00:00+03:00,0.0,0.0,0.0,20.72,1.49
2023-06-16 03:00:00+03:00,0.0,0.0,0.0,20.21,1.53
2023-06-16 04:00:00+03:00,0.0,0.0,0.0,19.71,1.72
2023-06-16 05:00:00+03:00,0.0,0.0,0.0,19.28,1.96
2023-06-16 06:00:00+03:00,56.17,33.17,48.77,20.61,2.28
2023-06-16 07:00:00+03:00,226.9,207.56,164.7,23.43,2.61
2023-06-16 08:00:00+03:00,423.62,544.91,215.25,26.71,1.87
2023-06-16 09:00:00+03:00,630.38,520.4,232.78,30.21,1.1
2023-06-16 10:00:00+03:00,786.85,514.95,350.7,33.98,0.15
2023-06-16 11:00:00+03:00,900.15,499.72,397.26,36.51,0.9
2023-06-16 12:00:00+03:00,980.4,616.32,294.74,38.3,1.04
2023-06-16 13:00:00+03:00,993.38,748.24,224.91,39.77,1.17
2023-06-16 14:00:00+03:00,915.9,685.27,247.53,40.85,1.47
2023-06-16 15:00:00+03:00,786.2,629.28,236.96,41.31,1.59
2023-06-16 16:00:00+03:00,595.33,505.82,231.01,41.2,1.32
2023-06-16 17:00:00+03:00,385.7,389.95,183.29,40.54,0.76
2023-06-16 18:00:00+03:00,185.7,199.11,122.43,39.28,0.6
2023-06-16 19:00:00+03:00,33.5,10.1,34.32,36.57,0.97
2023-06-16 20:00:00+03:00,0.0,0.0,0.0,34.21,1.72
2023-06-16 21:00:00+03:00,0.0,0.0,0.0,32.07,2.38
2023-06-16 22:00:00+03:00,0.0,0.0,0.0,30.51,2.73
2023-06-16 23:00:00+03:00,0.0,0.0,0.0,29.51,2.73
2023-06-17 00:00:00+03:00,0.0,0.0,0.0,28.84,2.75
2023-06-17 01:00:00+03:00,0.0,0.0,0.0,28.46,2.96
2023-06-17 02:00:00+03:00,0.0,0.0,0.0,28.07,3.19
2023-06-17 03:00:00+03:00,0.0,0.0,0.0,27.45,4.67
2023-06-17 04:00:00+03:00,0.0,0.0,0.0,26.05,5.6
2023-06-17 05:00:00+03:00,0.0,0.0,0.0,24.98,4.93
2023-06-17 06:00:00+03:00,38.35,1.48,35.32,25.04,4.91
2023-06-17 07:00:00+03:00,170.35,35.95,152.15,26.73,5.0
2023-06-17 08:00:00+03:00,365.48,232.59,286.39,29.36,5.19
2023-06-17 09:00:00+03:00,560.08,231.14,367.97,32.05,5.24
2023-06-17 10:00:00+03:00,779.97,507.54,346.71,34.77,5.42
2023-06-17 11:00:00+03:00,920.78,654.59,276.5,36.86,5.69
2023-06-17 12:00:00+03:00,979.5,680.6,264.02,38.37,6.02
2023-06-17 13:00:00+03:00,980.42,713.78,240.34,39.18,6.51
2023-06-17 14:00:00+03:00,911.22,759.07,193.85,39.25,7.08
2023-06-17 15:00:00+03:00,780.05,687.31,203.35,38.66,7.59
2023-06-17 16:00:00+03:00,613.85,638.36,174.28,37.53,7.95
2023-06-17 17:00:00+03:00,414.45,570.39,128.12,35.73,8.2
2023-06-17 18:00:00+03:00,204.5,377.01,88.95,33.59,8.14
2023-06-17 19:00:00+03:00,37.03,70.6,28.97,31.25,7.46
2023-06-17 20:00:00+03:00,0.0,0.0,0.0,29.31,6.43
2023-06-17 21:00:00+03:00,0.0,0.0,0.0,27.92,5.55
2023-06-17 22:00:00+03:00,0.0,0.0,0.0,26.7,4.32
2023-06-17 23:00:00+03:00,0.0,0.0,0.0,25.42,2.94
2023-06-18 00:00:00+03:00,0.0,0.0,0.0,24.25,2.29
2023-06-18 01:00:00+03:00,0.0,0.0,0.0,23.28,1.9
2023-06-18 02:00:00+03:00,0.0,0.0,0.0,22.89,1.41
2023-06-18 03:00:00+03:00,0.0,0.0,0.0,22.8,0.87
2023-06-18 04:00:00+03:00,0.0,0.0,0.0,22.37,0.79
2023-06-18 05:00:00+03:00,0.0,0.0,0.0,21.63,1.17
2023-06-18 06:00:00+03:00,57.42,87.8,43.81,22.25,1.66
2023-06-18 07:00:00+03:00,240.38,361.81,122.51,25.0,0.99
2023-06-18 08:00:00+03:00,451.92,530.17,182.44,27.86,2.14
2023-06-18 09:00:00+03:00,647.85,540.71,274.52,30.36,3.68
2023-06-18 10:00:00+03:00,828.97,653.34,266.15,32.46,4.55
2023-06-18 11:00:00+03:00,954.03,792.55,199.31,34.26,5.07
2023-06-18 12:00:00+03:00,1005.65,867.37,156.84,35.77,5.49
2023-06-18 13:00:00+03:00,995.83,847.38,168.55,36.93,5.83
2023-06-18 14:00:00+03:00,905.1,746.22,208.89,37.51,6.28
2023-06-18 15:00:00+03:00,789.67,613.66,288.1,37.51,6.9
2023-06-18 16:00:00+03:00,608.8,521.48,247.8,36.63,7.65
2023-06-18 17:00:00+03:00,413.95,471.47,185.05,34.81,8.25
2023-06-18 18:00:00+03:00,202.15,310.67,110.74,32.35,8.43
2023-06-18 19:00:00+03:00,37.92,81.59,31.52,29.58,7.7
2023-06-18 20:00:00+03:00,0.0,0.0,0.0,27.26,6.33
2023-06-18 21:00:00+03:00,0.0,0.0,0.0,25.87,5.04
2023-06-18 22:00:00+03:00,0.0,0.0,0.0,24.83,3.88
2023-06-18 23:00:00+03:00,0.0,0.0,0.0,23.83,2.59
2023-06-19 00:00:00+03:00,0.0,0.0,0.0,22.93,1.97
2023-06-19 01:00:00+03:00,0.0,0.0,0.0,22.18,1.8
2023-06-19 02:00:00+03:00,0.0,0.0,0.0,21.52,1.73
2023-06-19 03:00:00+03:00,0.0,0.0,0.0,20.95,1.6
2023-06-19 04:00:00+03:00,0.0,0.0,0.0,20.45,1.46
2023-06-19 05:00:00+03:00,0.0,0.0,0.0,19.97,1.39
2023-06-19 06:00:00+03:00,59.97,128.82,42.47,20.89,1.65
2023-06-19 07:00:00+03:00,248.77,418.61,116.73,23.38,2.43
2023-06-19 08:00:00+03:00,461.52,572.56,175.3,25.45,2.97
2023-06-19 09:00:00+03:00,648.92,482.31,353.16,27.55,3.47
2023-06-19 10:00:00+03:00,760.35,928.27,256.99,29.71,3.9
2023-06-19 11:00:00+03:00,864.95,267.36,577.85,31.8,4.3
2023-06-19 12:00:00+03:00,977.25,585.43,391.85,33.43,4.54
2023-06-19 13:00:00+03:00,920.9,611.49,278.13,34.63,4.74
2023-06-19 14:00:00+03:00,903.3,602.74,391.7,35.42,5.03
2023-06-19 15:00:00+03:00,768.83,581.65,363.33,35.55,5.53
2023-06-19 16:00:00+03:00,593.85,494.94,295.04,35.07,6.22
2023-06-19 17:00:00+03:00,381.88,327.62,225.85,33.7,7.05
2023-06-19 18:00:00+03:00,171.45,252.97,96.96,31.38,7.77
2023-06-19 19:00:00+03:00,33.1,54.49,29.09,28.4,7.91
2023-06-19 20:00:00+03:00,0.0,0.0,0.0,26.04,7.35
2023-06-19 21:00:00+03:00,0.0,0.0,0.0,24.89,6.34
2023-06-19 22:00:00+03:00,0.0,0.0,0.0,24.28,5.24
2023-06-19 23:00:00+03:00,0.0,0.0,0.0,23.64,4.2
2023-06-20 00:00:00+03:00,0.0,0.0,0.0,22.89,3.12
2023-06-20 01:00:00+03:00,0.0,0.0,0.0,22.07,2.15
2023-06-20 02:00:00+03:00,0.0,0.0,0.0,21.32,1.65
2023-06-20 03:00:00+03:00,0.0,0.0,0.0,20.72,1.5
2023-06-20 04:00:00+03:00,0.0,0.0,0.0,20.28,1.47
2023-06-20 05:00:00+03:00,0.0,0.0,0.0,19.94,1.46
2023-06-20 06:00:00+03:00,57.28,109.71,42.94,20.91,1.92
2023-06-20 07:00:00+03:00,235.45,324.18,131.91,23.0,2.45
2023-06-20 08:00:00+03:00,436.58,420.21,204.6,25.07,2.58
2023-06-20 09:00:00+03:00,623.75,449.65,305.69,27.51,2.74
2023-06-20 10:00:00+03:00,704.55,174.59,511.64,29.88,2.91
2023-06-20 11:00:00+03:00,813.33,235.39,527.8,32.1,3.1
2023-06-20 12:00:00+03:00,969.45,502.13,387.15,33.93,3.41
2023-06-20 13:00:00+03:00,976.0,690.8,248.37,35.29,3.97
2023-06-20 14:00:00+03:00,906.72,648.52,273.77,36.18,4.84
2023-06-20 15:00:00+03:00,787.97,664.43,219.48,36.34,5.98
2023-06-20 16:00:00+03:00,610.28,582.29,188.94,35.66,7.24
2023-06-20 17:00:00+03:00,405.95,471.95,165.39,33.93,8.22
2023-06-20 18:00:00+03:00,193.35,304.29,96.67,31.54,8.42
2023-06-20 19:00:00+03:00,34.78,45.78,29.44,29.12,7.43
2023-06-20 20:00:00+03:00,0.0,0.0,0.0,27.32,5.41
2023-06-20 21:00:00+03:00,0.0,0.0,0.0,26.15,3.89
2023-06-20 22:00:00+03:00,0.0,0.0,0.0,25.08,3.04
2023-06-20 23:00:00+03:00,0.0,0.0,0.0,24.11,2.45
2023-06-21 00:00:00+03:00,0.0,0.0,0.0,23.21,2.12
2023-06-21 01:00:00+03:00,0.0,0.0,0.0,22.44,1.97
2023-06-21 02:00:00+03:00,0.0,0.0,0.0,21.85,2.06
2023-06-21 03:00:00+03:00,0.0,0.0,0.0,21.39,2.0
2023-06-21 04:00:00+03:00,0.0,0.0,0.0,20.96,1.9
2023-06-21 05:00:00+03:00,0.0,0.0,0.0,20.6,1.92
2023-06-21 06:00:00+03:00,48.7,33.18,42.29,21.39,2.92
2023-06-21 07:00:00+03:00,194.15,100.74,153.8,23.63,3.33
2023-06-21 08:00:00+03:00,353.8,59.71,290.3,26.33,3.24
2023-06-21 09:00:00+03:00,528.38,110.18,385.66,29.6,3.39
2023-06-21 10:00:00+03:00,790.83,621.33,331.11,32.34,3.47
2023-06-21 11:00:00+03:00,930.15,688.53,258.73,34.48,3.5
2023-06-21 12:00:00+03:00,1006.35,772.8,210.75,35.95,3.57
2023-06-21 13:00:00+03:00,998.45,860.69,153.96,37.05,3.79
2023-06-21 14:00:00+03:00,936.42,786.68,194.11,37.8,4.28
2023-06-21 15:00:00+03:00,807.97,743.52,182.41,37.94,5.13
2023-06-21 16:00:00+03:00,636.8,705.7,150.55,37.39,6.2
2023-06-21 17:00:00+03:00,431.48,596.9,132.38,35.89,7.3
2023-06-21 18:00:00+03:00,213.85,407.22,90.07,33.43,8.03
2023-06-21 19:00:00+03:00,39.95,85.47,31.85,30.54,7.67
2023-06-21 20:00:00+03:00,0.0,0.0,0.0,28.29,6.24
2023-06-21 21:00:00+03:00,0.0,0.0,0.0,26.87,4.82
2023-06-21 22:00:00+03:00,0.0,0.0,0.0,25.55,3.59
2023-06-21 23:00:00+03:00,0.0,0.0,0.0,24.25,2.78
2023-06-22 00:00:00+03:00,0.0,0.0,0.0,23.09,2.25
2023-06-22 01:00:00+03:00,0.0,0.0,0.0,22.18,1.99
2023-06-22 02:00:00+03:00,0.0,0.0,0.0,21.48,1.99
2023-06-22 03:00:00+03:00,0.0,0.0,0.0,21.08,2.14
2023-06-22 04:00:00+03:00,0.0,0.0,0.0,20.71,2.19
2023-06-22 05:00:00+03:00,0.0,0.0,0.0,20.95,2.65
2023-06-22 06:00:00+03:00,52.12,66.33,44.34,21.67,3.2
2023-06-22 07:00:00+03:00,207.95,176.46,151.78,23.64,3.57
2023-06-22 08:00:00+03:00,397.4,252.67,249.05,25.85,3.2
2023-06-22 09:00:00+03:00,590.28,228.25,388.21,28.68,2.91
2023-06-22 10:00:00+03:00,806.0,674.85,291.4,31.43,2.77
2023-06-22 11:00:00+03:00,925.55,765.64,194.27,33.62,2.81
2023-06-22 12:00:00+03:00,1002.62,873.55,150.65,35.19,3.07
2023-06-22 13:00:00+03:00,993.4,841.43,162.96,36.23,3.55
2023-06-22 14:00:00+03:00,925.28,790.89,176.96,36.84,4.31
2023-06-22 15:00:00+03:00,803.15,742.72,181.75,36.77,5.34
2023-06-22 16:00:00+03:00,630.05,676.73,150.71,35.79,6.42
2023-06-22 17:00:00+03:00,425.3,572.19,136.98,34.04,7.27
2023-06-22 18:00:00+03:00,209.75,383.76,89.84,31.87,7.71
2023-06-22 19:00:00+03:00,38.62,74.1,30.39,29.58,7.35
2023-06-22 20:00:00+03:00,0.0,0.0,0.0,27.64,5.94
2023-06-22 21:00:00+03:00,0.0,0.0,0.0,26.19,4.73
2023-06-22 22:00:00+03:00,0.0,0.0,0.0,24.91,3.76
2023-06-22 23:00:00+03:00,0.0,0.0,0.0,23.82,2.98
2023-06-23 00:00:00+03:00,0.0,0.0,0.0,22.99,2.55
2023-06-23 01:00:00+03:00,0.0,0.0,0.0,22.33,2.35
2023-06-23 02:00:00+03:00,0.0,0.0,0.0,21.71,2.19
2023-06-23 03:00:00+03:00,0.0,0.0,0.0,21.13,2.05
2023-06-23 04:00:00+03:00,0.0,0.0,0.0,20.62,1.89
2023-06-23 05:00:00+03:00,0.0,0.0,0.0,20.23,1.78
2023-06-23 06:00:00+03:00,64.95,250.14,32.02,21.49,1.73
2023-06-23 07:00:00+03:00,259.02,570.52,76.43,24.12,1.92
2023-06-23 08:00:00+03:00,471.73,706.04,112.98,27.52,2.3
2023-06-23 09:00:00+03:00,672.03,797.54,123.27,30.87,2.87
2023-06-23 10:00:00+03:00,838.38,847.72,139.34,33.49,3.22
2023-06-23 11:00:00+03:00,948.33,893.02,118.84,35.5,3.45
2023-06-23 12:00:00+03:00,1007.17,896.31,140.49,37.11,3.75
2023-06-23 13:00:00+03:00,1004.45,897.26,139.94,38.3,4.17
2023-06-23 14:00:00+03:00,938.97,881.32,122.11,38.97,4.8
2023-06-23 15:00:00+03:00,818.67,856.67,115.63,39.02,5.68
2023-06-23 16:00:00+03:00,648.03,806.46,104.63,38.34,6.63
2023-06-23 17:00:00+03:00,447.1,732.82,86.38,36.9,7.4
2023-06-23 18:00:00+03:00,228.9,559.69,64.73,34.89,7.76
2023-06-23 19:00:00+03:00,45.7,191.99,25.43,32.48,6.85
2023-06-23 20:00:00+03:00,0.0,0.0,0.0,30.24,5.48
2023-06-23 21:00:00+03:00,0.0,0.0,0.0,28.66,4.6
2023-06-23 22:00:00+03:00,0.0,0.0,0.0,27.12,3.79
2023-06-23 23:00:00+03:00,0.0,0.0,0.0,25.67,3.01
2023-06-24 00:00:00+03:00,0.0,0.0,0.0,24.44,2.37
2023-06-24 01:00:00+03:00,0.0,0.0,0.0,23.38,1.98
2023-06-24 02:00:00+03:00,0.0,0.0,0.0,22.55,1.79
2023-06-24 03:00:00+03:00,0.0,0.0,0.0,22.09,1.72
2023-06-24 04:00:00+03:00,0.0,0.0,0.0,22.02,1.58
2023-06-24 05:00:00+03:00,0.0,0.0,0.0,21.98,1.45
2023-06-24 06:00:00+03:00,65.47,266.64,29.74,22.98,1.2
2023-06-24 07:00:00+03:00,259.8,612.81,66.67,25.88,1.99
2023-06-24 08:00:00+03:00,476.8,746.88,91.58,29.31,3.52
2023-06-24 09:00:00+03:00,661.7,686.72,211.48,31.89,3.99
2023-06-24 10:00:00+03:00,838.8,835.28,136.12,33.95,3.95
2023-06-24 11:00:00+03:00,951.12,791.52,208.57,35.73,3.87
2023-06-24 12:00:00+03:00,991.95,859.43,148.04,37.16,4.08
2023-06-24 13:00:00+03:00,981.78,832.83,160.14,38.15,4.51
2023-06-24 14:00:00+03:00,922.9,794.21,167.94,38.68,5.11
2023-06-24 15:00:00+03:00,802.25,775.19,156.2,38.55,5.87
2023-06-24 16:00:00+03:00,633.05,745.93,124.63,37.73,6.6
2023-06-24 17:00:00+03:00,433.08,660.29,103.95,36.33,7.02
2023-06-24 18:00:00+03:00,222.95,511.73,70.3,34.5,7.16
2023-06-24 19:00:00+03:00,43.8,155.49,26.85,32.16,6.03
2023-06-24 20:00:00+03:00,0.0,0.0,0.0,29.85,4.75
2023-06-24 21:00:00+03:00,0.0,0.0,0.0,28.53,4.37
2023-06-24 22:00:00+03:00,0.0,0.0,0.0,27.23,4.07
2023-06-24 23:00:00+03:00,0.0,0.0,0.0,26.03,3.87
2023-06-25 00:00:00+03:00,0.0,0.0,0.0,24.94,3.5
2023-06-25 01:00:00+03:00,0.0,0.0,0.0,23.93,3.12
2023-06-25 02:00:00+03:00,0.0,0.0,0.0,23.0,2.8
2023-06-25 03:00:00+03:00,0.0,0.0,0.0,22.12,2.47
2023-06-25 04:00:00+03:00,0.0,0.0,0.0,21.32,2.2
2023-06-25 05:00:00+03:00,0.0,0.0,0.0,20.71,2.02
2023-06-25 06:00:00+03:00,63.88,251.61,29.97,22.15,1.97
2023-06-25 07:00:00+03:00,257.77,604.86,67.25,25.26,2.35
2023-06-25 08:00:00+03:00,475.05,755.28,88.75,29.79,3.12
2023-06-25 09:00:00+03:00,678.28,841.52,102.07,32.56,2.91
2023-06-25 10:00:00+03:00,841.72,856.18,126.46,34.61,2.83
2023-06-25 11:00:00+03:00,954.83,829.41,185.54,36.5,2.98
2023-06-25 12:00:00+03:00,1008.08,935.31,118.06,38.06,3.22
2023-06-25 13:00:00+03:00,1008.2,929.27,113.99,39.18,3.61
2023-06-25 14:00:00+03:00,943.12,856.98,138.99,39.86,4.22
2023-06-25 15:00:00+03:00,819.55,833.63,129.34,39.96,5.2
2023-06-25 16:00:00+03:00,649.97,798.17,108.27,39.34,6.66
2023-06-25 17:00:00+03:00,446.83,701.91,98.09,37.57,8.25
2023-06-25 18:00:00+03:00,232.12,542.59,69.24,34.55,9.17
2023-06-25 19:00:00+03:00,46.62,182.46,26.95,30.98,8.45
2023-06-25 20:00:00+03:00,0.0,0.0,0.0,28.4,6.65
2023-06-25 21:00:00+03:00,0.0,0.0,0.0,26.73,4.99
2023-06-25 22:00:00+03:00,0.0,0.0,0.0,25.25,3.76
2023-06-25 23:00:00+03:00,0.0,0.0,0.0,23.73,2.72
2023-06-26 00:00:00+03:00,0.0,0.0,0.0,22.43,2.39
2023-06-26 01:00:00+03:00,0.0,0.0,0.0,21.63,2.17
2023-06-26 02:00:00+03:00,0.0,0.0,0.0,21.38,1.85
2023-06-26 03:00:00+03:00,0.0,0.0,0.0,21.26,1.56
2023-06-26 04:00:00+03:00,0.0,0.0,0.0,21.08,1.35
2023-06-26 05:00:00+03:00,0.0,0.0,0.0,20.76,1.21
2023-06-26 06:00:00+03:00,61.83,214.71,37.41,21.31,1.04
2023-06-26 07:00:00+03:00,238.73,432.41,110.32,23.92,1.5
2023-06-26 08:00:00+03:00,444.62,528.96,194.15,26.61,2.17
2023-06-26 09:00:00+03:00,638.15,507.54,297.15,29.05,2.33
2023-06-26 10:00:00+03:00,842.75,876.08,131.41,31.47,2.45
2023-06-26 11:00:00+03:00,936.15,804.7,204.1,33.72,2.68
2023-06-26 12:00:00+03:00,1024.35,923.34,129.35,35.56,2.91
2023-06-26 13:00:00+03:00,1025.53,972.74,100.69,36.98,3.07
2023-06-26 14:00:00+03:00,957.97,890.27,126.85,37.95,3.35
2023-06-26 15:00:00+03:00,831.62,860.6,125.45,38.4,3.9
2023-06-26 16:00:00+03:00,655.72,798.06,115.33,38.22,4.73
2023-06-26 17:00:00+03:00,447.4,697.38,100.43,37.33,5.77
2023-06-26 18:00:00+03:00,233.2,543.73,71.0,35.58,6.82
2023-06-26 19:00:00+03:00,46.65,162.88,28.7,32.59,6.84
2023-06-26 20:00:00+03:00,0.0,0.0,0.0,29.44,5.92
2023-06-26 21:00:00+03:00,0.0,0.0,0.0,27.24,3.98
2023-06-26 22:00:00+03:00,0.0,0.0,0.0,25.39,2.47
2023-06-26 23:00:00+03:00,0.0,0.0,0.0,24.1,2.08
2023-06-27 00:00:00+03:00,0.0,0.0,0.0,23.36,1.77
2023-06-27 01:00:00+03:00,0.0,0.0,0.0,23.17,1.41
2023-06-27 02:00:00+03:00,0.0,0.0,0.0,23.02,1.19
2023-06-27 03:00:00+03:00,0.0,0.0,0.0,22.77,1.16
2023-06-27 04:00:00+03:00,0.0,0.0,0.0,22.37,1.3
2023-06-27 05:00:00+03:00,0.0,0.0,0.0,21.8,1.58
2023-06-27 06:00:00+03:00,55.88,120.41,37.68,22.59,2.01
2023-06-27 07:00:00+03:00,228.57,408.39,103.16,24.89,2.89
2023-06-27 08:00:00+03:00,433.5,532.47,154.69,27.39,3.25
2023-06-27 09:00:00+03:00,647.78,686.45,164.4,30.4,3.81
2023-06-27 10:00:00+03:00,810.47,733.58,185.81,34.01,5.04
2023-06-27 11:00:00+03:00,931.88,782.05,183.18,36.39,5.97
2023-06-27 12:00:00+03:00,1001.47,906.98,120.73,37.86,6.31
2023-06-27 13:00:00+03:00,993.97,890.57,126.51,38.83,6.55
2023-06-27 14:00:00+03:00,921.22,797.75,167.95,39.4,6.81
2023-06-27 15:00:00+03:00,797.1,738.39,171.32,39.38,7.1
2023-06-27 16:00:00+03:00,619.4,644.01,168.92,38.75,7.41
2023-06-27 17:00:00+03:00,415.25,535.1,139.62,37.42,7.62
2023-06-27 18:00:00+03:00,213.38,380.87,92.55,35.44,7.71
2023-06-27 19:00:00+03:00,41.03,75.31,30.88,32.85,6.96
2023-06-27 20:00:00+03:00,0.0,0.0,0.0,30.3,5.46
2023-06-27 21:00:00+03:00,0.0,0.0,0.0,28.39,3.88
2023-06-27 22:00:00+03:00,0.0,0.0,0.0,26.7,2.67
2023-06-27 23:00:00+03:00,0.0,0.0,0.0,25.37,2.12
2023-06-28 00:00:00+03:00,0.0,0.0,0.0,24.29,1.71
2023-06-28 01:00:00+03:00,0.0,0.0,0.0,23.82,1.21
2023-06-28 02:00:00+03:00,0.0,0.0,0.0,23.51,0.88
2023-06-28 03:00:00+03:00,0.0,0.0,0.0,22.9,1.01
2023-06-28 04:00:00+03:00,0.0,0.0,0.0,22.2,1.27
2023-06-28 05:00:00+03:00,0.0,0.0,0.0,21.51,1.53
2023-06-28 06:00:00+03:00,51.6,89.87,43.05,22.47,1.94
2023-06-28 07:00:00+03:00,208.73,255.16,132.73,24.68,2.47
2023-06-28 08:00:00+03:00,390.12,280.6,239.51,27.13,2.65
2023-06-28 09:00:00+03:00,571.2,323.19,311.63,30.01,3.11
2023-06-28 10:00:00+03:00,753.25,433.52,354.77,33.24,3.83
2023-06-28 11:00:00+03:00,902.1,569.06,349.98,35.73,4.17
2023-06-28 12:00:00+03:00,999.92,856.92,160.3,37.48,4.27
2023-06-28 13:00:00+03:00,991.2,842.37,160.59,38.62,4.49
2023-06-28 14:00:00+03:00,922.97,775.83,193.58,39.28,5.01
2023-06-28 15:00:00+03:00,795.58,720.27,190.35,39.34,5.92
2023-06-28 16:00:00+03:00,622.9,668.38,158.62,38.62,7.07
2023-06-28 17:00:00+03:00,423.83,578.9,127.8,36.85,8.09
2023-06-28 18:00:00+03:00,217.15,428.19,84.92,34.24,8.55
2023-06-28 19:00:00+03:00,43.38,107.46,29.93,31.39,7.85
2023-06-28 20:00:00+03:00,0.0,0.0,0.0,29.25,5.99
2023-06-28 21:00:00+03:00,0.0,0.0,0.0,27.98,4.29
2023-06-28 22:00:00+03:00,0.0,0.0,0.0,26.82,2.99
2023-06-28 23:00:00+03:00,0.0,0.0,0.0,25.68,2.11
2023-06-29 00:00:00+03:00,0.0,0.0,0.0,24.71,1.69
2023-06-29 01:00:00+03:00,0.0,0.0,0.0,23.92,1.55
2023-06-29 02:00:00+03:00,0.0,0.0,0.0,23.28,1.53
2023-06-29 03:00:00+03:00,0.0,0.0,0.0,22.65,1.62
2023-06-29 04:00:00+03:00,0.0,0.0,0.0,22.06,1.76
2023-06-29 05:00:00+03:00,0.0,0.0,0.0,21.54,1.87
2023-06-29 06:00:00+03:00,55.92,160.81,34.69,22.47,2.91
2023-06-29 07:00:00+03:00,241.77,473.9,91.39,24.96,3.56
2023-06-29 08:00:00+03:00,463.27,678.94,112.03,28.47,3.81
2023-06-29 09:00:00+03:00,663.45,757.2,132.76,31.91,3.93
2023-06-29 10:00:00+03:00,830.8,804.42,152.73,34.55,4.16
2023-06-29 11:00:00+03:00,941.03,849.61,145.49,36.6,4.67
2023-06-29 12:00:00+03:00,999.97,887.96,141.44,37.97,5.15
2023-06-29 13:00:00+03:00,1002.75,959.05,102.71,38.86,5.58
2023-06-29 14:00:00+03:00,944.62,890.83,122.21,39.3,6.2
2023-06-29 15:00:00+03:00,821.5,840.66,132.64,39.12,7.02
2023-06-29 16:00:00+03:00,647.8,758.03,130.21,38.18,7.87
2023-06-29 17:00:00+03:00,439.12,622.07,125.7,36.27,8.5
2023-06-29 18:00:00+03:00,215.2,405.02,88.79,33.9,8.58
2023-06-29 19:00:00+03:00,40.03,74.79,30.69,31.49,7.69
2023-06-29 20:00:00+03:00,0.0,0.0,0.0,29.37,5.89
2023-06-29 21:00:00+03:00,0.0,0.0,0.0,27.75,4.4
2023-06-29 22:00:00+03:00,0.0,0.0,0.0,26.05,2.9
2023-06-29 23:00:00+03:00,0.0,0.0,0.0,24.59,2.2
2023-06-30 00:00:00+03:00,0.0,0.0,0.0,23.47,1.92
2023-06-30 01:00:00+03:00,0.0,0.0,0.0,22.73,1.68
2023-06-30 02:00:00+03:00,0.0,0.0,0.0,22.19,1.55
2023-06-30 03:00:00+03:00,0.0,0.0,0.0,21.6,1.64
2023-06-30 04:00:00+03:00,0.0,0.0,0.0,21.03,1.82
2023-06-30 05:00:00+03:00,0.0,0.0,0.0,20.56,1.95
2023-06-30 06:00:00+03:00,53.22,132.89,37.29,21.64,2.59
2023-06-30 07:00:00+03:00,231.88,404.13,113.07,23.93,2.86
2023-06-30 08:00:00+03:00,441.92,431.38,222.58,27.03,2.71
2023-06-30 09:00:00+03:00,651.08,656.5,194.67,30.63,2.88
2023-06-30 10:00:00+03:00,832.17,826.81,141.21,33.69,3.3
2023-06-30 11:00:00+03:00,944.2,803.51,180.72,36.22,3.66
2023-06-30 12:00:00+03:00,982.1,782.91,199.54,38.01,3.96
2023-06-30 13:00:00+03:00,977.45,808.23,172.58,39.18,4.49
2023-06-30 14:00:00+03:00,914.1,775.22,186.67,39.84,5.28
2023-06-30 15:00:00+03:00,793.1,743.15,170.59,39.83,6.33
2023-06-30 16:00:00+03:00,624.85,698.19,142.33,39.09,7.51
2023-06-30 17:00:00+03:00,426.3,604.22,120.08,37.41,8.4
2023-06-30 18:00:00+03:00,216.85,441.98,81.05,35.13,8.7
2023-06-30 19:00:00+03:00,42.4,109.84,29.47,32.74,7.93
2023-06-30 20:00:00+03:00,0.0,0.0,0.0,30.72,6.69
2023-06-30 21:00:00+03:00,0.0,0.0,0.0,29.07,6.44
2023-06-30 22:00:00+03:00,0.0,0.0,0.0,27.3,6.31
2023-06-30 23:00:00+03:00,0.0,0.0,0.0,26.04,5.9
2023-07-01 00:00:00+03:00,0.0,0.0,0.0,25.23,5.17
2023-07-01 01:00:00+03:00,0.0,0.0,0.0,24.62,4.7
2023-07-01 02:00:00+03:00,0.0,0.0,0.0,24.11,4.24
2023-07-01 03:00:00+03:00,0.0,0.0,0.0,23.58,3.69
2023-07-01 04:00:00+03:00,0.0,0.0,0.0,23.03,3.23
2023-07-01 05:00:00+03:00,0.0,0.0,0.0,22.44,3.04
2023-07-01 06:00:00+03:00,51.28,97.5,41.38,22.87,4.08
2023-07-01 07:00:00+03:00,204.57,239.19,136.04,25.16,5.08
2023-07-01 08:00:00+03:00,374.33,298.53,217.57,28.28,5.42
2023-07-01 09:00:00+03:00,570.0,391.71,300.42,31.71,5.58
2023-07-01 10:00:00+03:00,826.0,824.45,138.03,34.65,5.73
2023-07-01 11:00:00+03:00,942.78,852.0,145.74,36.92,5.88
2023-07-01 12:00:00+03:00,1000.78,910.09,118.98,38.38,6.13
2023-07-01 13:00:00+03:00,988.97,857.34,141.88,39.09,6.74
2023-07-01 14:00:00+03:00,919.15,761.91,187.41,38.92,7.6
2023-07-01 15:00:00+03:00,795.05,724.88,177.93,37.93,8.27
2023-07-01 16:00:00+03:00,626.83,693.84,142.25,36.37,8.44
2023-07-01 17:00:00+03:00,434.88,653.96,106.64,34.55,8.21
2023-07-01 18:00:00+03:00,227.6,519.59,70.11,32.56,7.91
2023-07-01 19:00:00+03:00,45.03,163.2,26.95,30.31,7.09
2023-07-01 20:00:00+03:00,0.0,0.0,0.0,28.17,5.49
2023-07-01 21:00:00+03:00,0.0,0.0,0.0,26.6,4.07
2023-07-01 22:00:00+03:00,0.0,0.0,0.0,25.24,2.86
2023-07-01 23:00:00+03:00,0.0,0.0,0.0,24.14,2.29
2023-07-02 00:00:00+03:00,0.0,0.0,0.0,23.3,2.08
2023-07-02 01:00:00+03:00,0.0,0.0,0.0,22.59,1.99
2023-07-02 02:00:00+03:00,0.0,0.0,0.0,22.01,1.89
2023-07-02 03:00:00+03:00,0.0,0.0,0.0,21.45,1.83
2023-07-02 04:00:00+03:00,0.0,0.0,0.0,20.89,1.81
2023-07-02 05:00:00+03:00,0.0,0.0,0.0,20.37,1.85
2023-07-02 06:00:00+03:00,51.0,150.49,31.16,21.43,2.04
2023-07-02 07:00:00+03:00,232.65,488.73,77.53,24.19,2.47
2023-07-02 08:00:00+03:00,443.8,643.89,112.96,27.6,3.59
2023-07-02 09:00:00+03:00,631.5,677.87,157.14,30.6,4.62
2023-07-02 10:00:00+03:00,811.08,766.65,165.43,33.25,5.05
2023-07-02 11:00:00+03:00,934.3,842.32,138.95,35.62,5.34
2023-07-02 12:00:00+03:00,996.42,918.92,111.51,37.52,5.68
2023-07-02 13:00:00+03:00,994.62,922.36,109.37,38.87,6.19
2023-07-02 14:00:00+03:00,927.42,844.45,138.58,39.59,6.94
2023-07-02 15:00:00+03:00,804.6,813.88,127.32,39.44,7.87
2023-07-02 16:00:00+03:00,638.2,767.65,113.23,38.29,8.59
2023-07-02 17:00:00+03:00,435.17,661.15,103.75,36.29,8.67
2023-07-02 18:00:00+03:00,225.93,500.98,72.85,34.05,7.89
2023-07-02 19:00:00+03:00,44.55,139.63,27.84,31.43,5.74
2023-07-02 20:00:00+03:00,0.0,0.0,0.0,28.42,3.74
2023-07-02 21:00:00+03:00,0.0,0.0,0.0,26.64,3.02
2023-07-02 22:00:00+03:00,0.0,0.0,0.0,25.09,2.41
2023-07-02 23:00:00+03:00,0.0,0.0,0.0,23.8,2.03
2023-07-03 00:00:00+03:00,0.0,0.0,0.0,22.89,1.81
2023-07-03 01:00:00+03:00,0.0,0.0,0.0,22.26,1.63
2023-07-03 02:00:00+03:00,0.0,0.0,0.0,21.75,1.53
2023-07-03 03:00:00+03:00,0.0,0.0,0.0,21.2,1.54
2023-07-03 04:00:00+03:00,0.0,0.0,0.0,20.65,1.61
2023-07-03 05:00:00+03:00,0.0,0.0,0.0,20.15,1.67
2023-07-03 06:00:00+03:00,52.2,148.1,33.36,21.15,1.74
2023-07-03 07:00:00+03:00,232.23,447.89,89.89,23.76,2.12
2023-07-03 08:00:00+03:00,451.23,652.11,118.36,26.54,2.02
2023-07-03 09:00:00+03:00,588.6,384.51,313.83,29.8,1.86
2023-07-03 10:00:00+03:00,770.3,553.76,304.02,33.73,2.26
2023-07-03 11:00:00+03:00,909.6,666.43,282.7,37.61,3.59
2023-07-03 12:00:00+03:00,982.05,692.92,265.41,39.68,4.25
2023-07-03 13:00:00+03:00,988.35,807.42,185.31,40.84,4.71
2023-07-03 14:00:00+03:00,934.42,821.97,160.66,41.42,5.21
2023-07-03 15:00:00+03:00,808.3,764.66,162.57,41.36,5.76
2023-07-03 16:00:00+03:00,629.12,673.46,158.98,40.74,6.28
2023-07-03 17:00:00+03:00,420.5,546.08,139.42,39.5,6.59
2023-07-03 18:00:00+03:00,210.57,332.37,107.26,37.63,6.48
2023-07-03 19:00:00+03:00,39.58,40.91,35.74,34.37,4.65
2023-07-03 20:00:00+03:00,0.0,0.0,0.0,31.37,3.93
2023-07-03 21:00:00+03:00,0.0,0.0,0.0,29.64,3.54
2023-07-03 22:00:00+03:00,0.0,0.0,0.0,27.98,3.04
2023-07-03 23:00:00+03:00,0.0,0.0,0.0,26.63,2.65
2023-07-04 00:00:00+03:00,0.0,0.0,0.0,25.56,2.33
2023-07-04 01:00:00+03:00,0.0,0.0,0.0,24.72,2.17
2023-07-04 02:00:00+03:00,0.0,0.0,0.0,24.14,2.04
2023-07-04 03:00:00+03:00,0.0,0.0,0.0,23.93,1.71
2023-07-04 04:00:00+03:00,0.0,0.0,0.0,24.11,1.2
2023-07-04 05:00:00+03:00,0.0,0.0,0.0,24.01,0.83
2023-07-04 06:00:00+03:00,45.35,57.53,36.85,24.07,0.87
2023-07-04 07:00:00+03:00,212.15,339.45,101.96,25.89,1.47
2023-07-04 08:00:00+03:00,428.08,522.5,156.67,29.28,2.0
2023-07-04 09:00:00+03:00,565.4,256.32,346.03,33.01,2.09
2023-07-04 10:00:00+03:00,759.97,459.71,361.38,35.83,1.83
2023-07-04 11:00:00+03:00,899.3,632.11,324.88,38.0,1.74
2023-07-04 12:00:00+03:00,966.45,659.82,300.76,39.49,1.68
2023-07-04 13:00:00+03:00,978.6,753.13,205.6,40.55,1.55
2023-07-04 14:00:00+03:00,922.35,772.81,182.06,41.17,1.53
2023-07-04 15:00:00+03:00,798.1,733.69,180.0,41.35,1.69
2023-07-04 16:00:00+03:00,625.22,655.34,166.75,41.04,2.05
2023-07-04 17:00:00+03:00,418.23,525.07,145.89,40.21,2.79
2023-07-04 18:00:00+03:00,211.55,373.99,93.03,38.79,4.45
2023-07-04 19:00:00+03:00,39.62,64.72,31.06,35.85,6.35
2023-07-04 20:00:00+03:00,0.0,0.0,0.0,31.93,7.96
2023-07-04 21:00:00+03:00,0.0,0.0,0.0,28.72,7.68
2023-07-04 22:00:00+03:00,0.0,0.0,0.0,26.86,6.39
2023-07-04 23:00:00+03:00,0.0,0.0,0.0,26.05,5.32
2023-07-05 00:00:00+03:00,0.0,0.0,0.0,25.55,4.41
2023-07-05 01:00:00+03:00,0.0,0.0,0.0,25.04,3.58
2023-07-05 02:00:00+03:00,0.0,0.0,0.0,24.44,2.78
2023-07-05 03:00:00+03:00,0.0,0.0,0.0,23.72,2.05
2023-07-05 04:00:00+03:00,0.0,0.0,0.0,22.94,1.7
2023-07-05 05:00:00+03:00,0.0,0.0,0.0,22.2,1.62
2023-07-05 06:00:00+03:00,47.3,102.17,37.38,22.47,2.54
2023-07-05 07:00:00+03:00,215.27,337.09,111.14,24.06,2.67
2023-07-05 08:00:00+03:00,419.58,473.18,181.69,26.37,2.51
2023-07-05 09:00:00+03:00,613.78,434.4,293.06,28.99,2.47
2023-07-05 10:00:00+03:00,803.92,691.01,260.11,31.72,2.6
2023-07-05 11:00:00+03:00,932.88,693.97,281.14,34.25,2.79
2023-07-05 12:00:00+03:00,984.0,740.7,243.07,36.22,2.99
2023-07-05 13:00:00+03:00,973.12,808.11,177.23,37.52,3.26
2023-07-05 14:00:00+03:00,910.8,712.99,241.18,38.31,3.69
2023-07-05 15:00:00+03:00,787.58,674.06,219.63,38.57,4.31
2023-07-05 16:00:00+03:00,616.42,605.37,193.37,38.22,5.15
2023-07-05 17:00:00+03:00,413.67,508.7,154.04,37.07,6.22
2023-07-05 18:00:00+03:00,205.52,361.05,97.28,35.08,7.28
2023-07-05 19:00:00+03:00,39.78,75.8,30.87,32.08,7.84
2023-07-05 20:00:00+03:00,0.0,0.0,0.0,29.11,7.52
2023-07-05 21:00:00+03:00,0.0,0.0,0.0,27.24,6.35
2023-07-05 22:00:00+03:00,0.0,0.0,0.0,26.09,4.96
2023-07-05 23:00:00+03:00,0.0,0.0,0.0,25.18,3.73
2023-07-06 00:00:00+03:00,0.0,0.0,0.0,24.31,2.33
2023-07-06 01:00:00+03:00,0.0,0.0,0.0,23.45,1.62
2023-07-06 02:00:00+03:00,0.0,0.0,0.0,22.77,1.52
2023-07-06 03:00:00+03:00,0.0,0.0,0.0,22.24,1.53
2023-07-06 04:00:00+03:00,0.0,0.0,0.0,21.84,1.55
2023-07-06 05:00:00+03:00,0.0,0.0,0.0,21.55,1.58
2023-07-06 06:00:00+03:00,48.67,127.57,34.35,22.43,2.13
2023-07-06 07:00:00+03:00,218.93,400.53,96.82,24.47,2.39
2023-07-06 08:00:00+03:00,416.52,570.42,136.5,26.94,2.47
2023-07-06 09:00:00+03:00,564.47,368.02,296.37,30.14,2.91
2023-07-06 10:00:00+03:00,753.95,378.19,405.55,32.95,3.18
2023-07-06 11:00:00+03:00,902.88,639.37,297.18,35.34,3.37
2023-07-06 12:00:00+03:00,976.35,766.6,201.71,37.08,3.49
2023-07-06 13:00:00+03:00,974.97,788.66,191.84,38.19,3.63
2023-07-06 14:00:00+03:00,906.7,706.86,233.72,38.84,3.85
2023-07-06 15:00:00+03:00,778.1,674.84,208.19,38.96,4.26
2023-07-06 16:00:00+03:00,597.25,538.09,218.08,38.54,4.86
2023-07-06 17:00:00+03:00,395.6,448.44,174.52,37.43,5.65
2023-07-06 18:00:00+03:00,202.27,322.26,107.21,35.68,6.56
2023-07-06 19:00:00+03:00,39.2,72.73,31.76,33.04,6.97
2023-07-06 20:00:00+03:00,0.0,0.0,0.0,30.3,6.64
2023-07-06 21:00:00+03:00,0.0,0.0,0.0,28.53,5.36
2023-07-06 22:00:00+03:00,0.0,0.0,0.0,27.35,3.33
2023-07-06 23:00:00+03:00,0.0,0.0,0.0,26.19,1.9
2023-07-07 00:00:00+03:00,0.0,0.0,0.0,25.22,1.57
2023-07-07 01:00:00+03:00,0.0,0.0,0.0,24.59,1.31
2023-07-07 02:00:00+03:00,0.0,0.0,0.0,24.19,1.03
2023-07-07 03:00:00+03:00,0.0,0.0,0.0,23.75,0.91
2023-07-07 04:00:00+03:00,0.0,0.0,0.0,23.2,1.0
2023-07-07 05:00:00+03:00,0.0,0.0,0.0,22.58,1.21
2023-07-07 06:00:00+03:00,46.7,103.81,34.11,23.19,1.68
2023-07-07 07:00:00+03:00,216.3,386.13,98.65,25.66,2.38
2023-07-07 08:00:00+03:00,406.23,481.46,165.76,28.85,2.83
2023-07-07 09:00:00+03:00,581.45,401.69,284.32,31.99,3.5
2023-07-07 10:00:00+03:00,799.42,727.1,188.95,34.59,4.23
2023-07-07 11:00:00+03:00,910.85,705.15,253.42,36.74,4.8
2023-07-07 12:00:00+03:00,983.53,815.69,180.72,38.39,5.12
2023-07-07 13:00:00+03:00,971.47,770.17,193.05,39.51,5.42
2023-07-07 14:00:00+03:00,916.53,786.65,180.43,40.14,5.92
2023-07-07 15:00:00+03:00,795.9,768.34,155.13,40.14,6.68
2023-07-07 16:00:00+03:00,632.85,732.3,130.32,39.41,7.55
2023-07-07 17:00:00+03:00,429.6,620.21,115.3,37.71,8.13
2023-07-07 18:00:00+03:00,216.43,436.09,82.69,35.46,8.05
2023-07-07 19:00:00+03:00,40.35,96.47,28.89,33.14,6.96
2023-07-07 20:00:00+03:00,0.0,0.0,0.0,31.18,5.46
2023-07-07 21:00:00+03:00,0.0,0.0,0.0,29.72,4.52
2023-07-07 22:00:00+03:00,0.0,0.0,0.0,28.37,3.78
2023-07-07 23:00:00+03:00,0.0,0.0,0.0,27.23,3.72
2023-07-08 00:00:00+03:00,0.0,0.0,0.0,26.19,3.46
2023-07-08 01:00:00+03:00,0.0,0.0,0.0,25.36,3.19
2023-07-08 02:00:00+03:00,0.0,0.0,0.0,24.69,2.91
2023-07-08 03:00:00+03:00,0.0,0.0,0.0,24.23,2.84
2023-07-08 04:00:00+03:00,0.0,0.0,0.0,23.8,2.77
2023-07-08 05:00:00+03:00,0.0,0.0,0.0,23.39,2.75
2023-07-08 06:00:00+03:00,43.78,89.62,31.55,23.97,3.75
2023-07-08 07:00:00+03:00,214.95,365.04,99.49,25.87,4.19
2023-07-08 08:00:00+03:00,425.33,552.06,139.64,28.24,3.96
2023-07-08 09:00:00+03:00,602.5,527.37,219.45,31.08,3.86
2023-07-08 10:00:00+03:00,763.65,495.44,353.26,34.08,3.9
2023-07-08 11:00:00+03:00,909.5,673.24,276.88,36.93,4.05
2023-07-08 12:00:00+03:00,986.6,829.85,172.37,38.96,4.36
2023-07-08 13:00:00+03:00,987.58,895.75,129.48,40.28,4.9
2023-07-08 14:00:00+03:00,922.97,813.78,157.46,41.01,5.8
2023-07-08 15:00:00+03:00,797.47,768.34,156.71,41.05,7.04
2023-07-08 16:00:00+03:00,620.28,661.83,159.03,40.03,8.32
2023-07-08 17:00:00+03:00,411.12,513.2,144.55,37.89,9.04
2023-07-08 18:00:00+03:00,206.65,345.47,95.36,35.38,8.93
2023-07-08 19:00:00+03:00,38.2,56.78,30.09,32.94,7.85
2023-07-08 20:00:00+03:00,0.0,0.0,0.0,30.83,6.38
2023-07-08 21:00:00+03:00,0.0,0.0,0.0,29.08,5.64
2023-07-08 22:00:00+03:00,0.0,0.0,0.0,27.37,5.21
2023-07-08 23:00:00+03:00,0.0,0.0,0.0,26.03,4.7
2023-07-09 00:00:00+03:00,0.0,0.0,0.0,25.12,4.41
2023-07-09 01:00:00+03:00,0.0,0.0,0.0,24.46,4.18
2023-07-09 02:00:00+03:00,0.0,0.0,0.0,23.93,4.1
2023-07-09 03:00:00+03:00,0.0,0.0,0.0,23.43,4.0
2023-07-09 04:00:00+03:00,0.0,0.0,0.0,23.03,4.11
2023-07-09 05:00:00+03:00,0.0,0.0,0.0,22.76,4.25
2023-07-09 06:00:00+03:00,42.92,78.93,35.57,23.23,5.04
2023-07-09 07:00:00+03:00,204.4,316.1,109.16,25.49,5.62
2023-07-09 08:00:00+03:00,395.5,397.16,199.05,28.28,5.64
2023-07-09 09:00:00+03:00,580.12,420.08,282.49,31.33,5.57
2023-07-09 10:00:00+03:00,747.12,391.44,405.63,34.44,5.7
2023-07-09 11:00:00+03:00,886.47,525.52,376.23,36.9,5.99
2023-07-09 12:00:00+03:00,979.1,709.3,294.04,38.57,6.52
2023-07-09 13:00:00+03:00,973.5,704.15,261.14,39.64,7.36
2023-07-09 14:00:00+03:00,907.2,719.72,225.41,39.91,8.47
2023-07-09 15:00:00+03:00,797.85,749.42,168.64,39.07,9.33
2023-07-09 16:00:00+03:00,625.67,656.54,168.37,37.58,9.6
2023-07-09 17:00:00+03:00,413.52,593.51,118.7,35.71,9.27
2023-07-09 18:00:00+03:00,211.1,410.4,87.87,33.61,8.58
2023-07-09 19:00:00+03:00,40.72,98.36,29.92,31.14,7.52
2023-07-09 20:00:00+03:00,0.0,0.0,0.0,29.01,6.43
2023-07-09 21:00:00+03:00,0.0,0.0,0.0,27.45,5.86
2023-07-09 22:00:00+03:00,0.0,0.0,0.0,26.17,5.32
2023-07-09 23:00:00+03:00,0.0,0.0,0.0,25.18,4.86
2023-07-10 00:00:00+03:00,0.0,0.0,0.0,24.45,4.51
2023-07-10 01:00:00+03:00,0.0,0.0,0.0,23.87,4.31
2023-07-10 02:00:00+03:00,0.0,0.0,0.0,23.33,3.9
2023-07-10 03:00:00+03:00,0.0,0.0,0.0,22.86,3.78
2023-07-10 04:00:00+03:00,0.0,0.0,0.0,22.43,3.72
2023-07-10 05:00:00+03:00,0.0,0.0,0.0,22.06,3.62
2023-07-10 06:00:00+03:00,45.25,149.32,32.06,22.49,4.14
2023-07-10 07:00:00+03:00,206.9,440.79,86.62,24.72,4.37
2023-07-10 08:00:00+03:00,390.27,571.98,128.49,27.81,3.84
2023-07-10 09:00:00+03:00,606.75,494.46,270.81,31.25,3.2
2023-07-10 10:00:00+03:00,821.53,840.18,126.8,33.92,2.83
2023-07-10 11:00:00+03:00,937.97,888.71,117.34,36.03,2.72
2023-07-10 12:00:00+03:00,978.45,874.76,126.03,37.65,2.77
2023-07-10 13:00:00+03:00,976.8,878.43,132.6,38.92,3.0
2023-07-10 14:00:00+03:00,909.67,790.83,165.61,39.75,3.5
2023-07-10 15:00:00+03:00,790.3,763.3,155.65,40.07,4.35
2023-07-10 16:00:00+03:00,618.08,674.19,148.45,39.76,5.58
2023-07-10 17:00:00+03:00,411.25,584.78,116.53,38.62,7.01
2023-07-10 18:00:00+03:00,206.02,406.73,81.99,36.43,8.2
2023-07-10 19:00:00+03:00,37.88,86.0,27.96,33.34,8.31
2023-07-10 20:00:00+03:00,0.0,0.0,0.0,30.81,7.13
2023-07-10 21:00:00+03:00,0.0,0.0,0.0,29.22,5.66
2023-07-10 22:00:00+03:00,0.0,0.0,0.0,27.93,4.9
2023-07-10 23:00:00+03:00,0.0,0.0,0.0,26.73,4.55
2023-07-11 00:00:00+03:00,0.0,0.0,0.0,25.81,4.41
2023-07-11 01:00:00+03:00,0.0,0.0,0.0,25.31,4.24
2023-07-11 02:00:00+03:00,0.0,0.0,0.0,25.1,3.95
2023-07-11 03:00:00+03:00,0.0,0.0,0.0,24.98,3.76
2023-07-11 04:00:00+03:00,0.0,0.0,0.0,24.74,3.48
2023-07-11 05:00:00+03:00,0.0,0.0,0.0,24.44,3.05
2023-07-11 06:00:00+03:00,41.15,82.05,34.83,24.9,3.56
2023-07-11 07:00:00+03:00,203.77,346.88,102.1,26.61,3.96
2023-07-11 08:00:00+03:00,379.33,463.33,157.49,29.08,4.16
2023-07-11 09:00:00+03:00,554.88,530.94,197.98,31.97,4.63
2023-07-11 10:00:00+03:00,782.95,701.69,190.05,34.35,5.08
2023-07-11 11:00:00+03:00,921.58,790.59,175.86,36.11,5.33
2023-07-11 12:00:00+03:00,968.1,756.53,195.35,37.31,5.66
2023-07-11 13:00:00+03:00,974.28,765.41,195.79,38.0,6.05
2023-07-11 14:00:00+03:00,891.42,700.04,235.54,38.29,6.6
2023-07-11 15:00:00+03:00,765.85,685.67,210.11,37.94,7.23
2023-07-11 16:00:00+03:00,598.6,650.98,155.41,37.05,7.7
2023-07-11 17:00:00+03:00,398.33,556.65,125.65,35.66,7.83
2023-07-11 18:00:00+03:00,212.05,444.99,80.6,34.02,7.59
2023-07-11 19:00:00+03:00,41.53,139.54,28.34,32.03,6.4
2023-07-11 20:00:00+03:00,0.0,0.0,0.0,30.0,4.86
2023-07-11 21:00:00+03:00,0.0,0.0,0.0,28.39,3.97
2023-07-11 22:00:00+03:00,0.0,0.0,0.0,26.99,3.37
2023-07-11 23:00:00+03:00,0.0,0.0,0.0,25.86,2.96
2023-07-12 00:00:00+03:00,0.0,0.0,0.0,24.97,2.64
2023-07-12 01:00:00+03:00,0.0,0.0,0.0,24.28,2.55
2023-07-12 02:00:00+03:00,0.0,0.0,0.0,23.75,2.6
2023-07-12 03:00:00+03:00,0.0,0.0,0.0,23.3,2.62
2023-07-12 04:00:00+03:00,0.0,0.0,0.0,22.92,2.59
2023-07-12 05:00:00+03:00,0.0,0.0,0.0,22.59,2.55
2023-07-12 06:00:00+03:00,45.05,165.87,26.9,23.68,3.18
2023-07-12 07:00:00+03:00,229.35,524.63,69.69,26.45,4.62
2023-07-12 08:00:00+03:00,441.65,683.72,99.22,29.55,5.57
2023-07-12 09:00:00+03:00,645.78,787.89,110.32,32.33,5.56
2023-07-12 10:00:00+03:00,817.25,846.02,121.34,34.55,5.41
2023-07-12 11:00:00+03:00,938.78,877.94,119.79,36.33,5.33
2023-07-12 12:00:00+03:00,1000.1,962.46,100.05,37.55,5.32
2023-07-12 13:00:00+03:00,1000.08,899.97,119.59,38.21,5.48
2023-07-12 14:00:00+03:00,929.95,816.6,160.74,38.29,5.79
2023-07-12 15:00:00+03:00,822.2,873.47,103.07,37.85,6.31
2023-07-12 16:00:00+03:00,655.22,841.79,89.06,36.81,6.85
2023-07-12 17:00:00+03:00,452.6,740.3,86.26,35.06,7.22
2023-07-12 18:00:00+03:00,236.85,588.12,61.76,32.89,7.29
2023-07-12 19:00:00+03:00,45.92,185.1,25.46,30.42,6.6
2023-07-12 20:00:00+03:00,0.0,0.0,0.0,28.22,5.25
2023-07-12 21:00:00+03:00,0.0,0.0,0.0,26.72,4.22
2023-07-12 22:00:00+03:00,0.0,0.0,0.0,25.38,3.26
2023-07-12 23:00:00+03:00,0.0,0.0,0.0,24.27,2.78
2023-07-13 00:00:00+03:00,0.0,0.0,0.0,23.39,2.52
2023-07-13 01:00:00+03:00,0.0,0.0,0.0,22.71,2.33
2023-07-13 02:00:00+03:00,0.0,0.0,0.0,22.18,2.23
2023-07-13 03:00:00+03:00,0.0,0.0,0.0,21.76,2.18
2023-07-13 04:00:00+03:00,0.0,0.0,0.0,21.39,2.17
2023-07-13 05:00:00+03:00,0.0,0.0,0.0,21.07,2.15
2023-07-13 06:00:00+03:00,43.53,119.49,29.16,22.22,2.38
2023-07-13 07:00:00+03:00,223.77,467.63,81.12,25.2,3.17
2023-07-13 08:00:00+03:00,427.62,580.38,130.99,28.61,3.36
2023-07-13 09:00:00+03:00,633.83,680.4,158.94,32.03,3.52
2023-07-13 10:00:00+03:00,801.5,724.52,191.81,35.12,3.68
2023-07-13 11:00:00+03:00,918.65,743.63,210.24,37.71,3.85
2023-07-13 12:00:00+03:00,982.0,813.68,177.4,39.64,4.17
2023-07-13 13:00:00+03:00,1007.17,907.72,120.35,40.87,4.71
2023-07-13 14:00:00+03:00,942.1,850.2,147.18,41.42,5.49
2023-07-13 15:00:00+03:00,815.33,824.47,135.27,41.13,6.38
2023-07-13 16:00:00+03:00,645.25,766.55,122.56,39.97,7.1
2023-07-13 17:00:00+03:00,441.48,668.92,107.1,38.18,7.49
2023-07-13 18:00:00+03:00,228.0,504.36,76.77,35.83,7.36
2023-07-13 19:00:00+03:00,43.03,112.0,29.85,32.9,5.94
2023-07-13 20:00:00+03:00,0.0,0.0,0.0,30.27,4.61
2023-07-13 21:00:00+03:00,0.0,0.0,0.0,28.6,4.01
2023-07-13 22:00:00+03:00,0.0,0.0,0.0,27.07,3.42
2023-07-13 23:00:00+03:00,0.0,0.0,0.0,25.7,2.99
2023-07-14 00:00:00+03:00,0.0,0.0,0.0,24.55,2.71
2023-07-14 01:00:00+03:00,0.0,0.0,0.0,23.56,2.51
2023-07-14 02:00:00+03:00,0.0,0.0,0.0,22.7,2.37
2023-07-14 03:00:00+03:00,0.0,0.0,0.0,21.98,2.29
2023-07-14 04:00:00+03:00,0.0,0.0,0.0,21.37,2.23
2023-07-14 05:00:00+03:00,0.0,0.0,0.0,20.86,2.19
2023-07-14 06:00:00+03:00,38.4,64.14,35.54,21.96,2.46
2023-07-14 07:00:00+03:00,200.02,292.35,116.37,24.82,3.24
2023-07-14 08:00:00+03:00,411.35,415.26,211.37,29.24,3.55
2023-07-14 09:00:00+03:00,616.45,503.03,284.98,34.2,4.48
2023-07-14 10:00:00+03:00,815.9,797.3,154.3,37.3,4.7
2023-07-14 11:00:00+03:00,938.12,827.34,160.49,39.61,4.82
2023-07-14 12:00:00+03:00,1008.9,887.55,135.6,41.25,5.05
2023-07-14 13:00:00+03:00,1008.0,887.62,134.97,42.24,5.4
2023-07-14 14:00:00+03:00,946.9,865.74,142.75,42.64,5.83
2023-07-14 15:00:00+03:00,824.88,837.45,136.37,42.41,6.32
2023-07-14 16:00:00+03:00,654.25,774.32,126.11,41.57,6.72
2023-07-14 17:00:00+03:00,448.02,675.12,110.56,40.22,6.91
2023-07-14 18:00:00+03:00,226.18,484.71,80.22,38.43,6.69
2023-07-14 19:00:00+03:00,41.47,108.86,29.33,35.02,4.47
2023-07-14 20:00:00+03:00,0.0,0.0,0.0,31.88,3.72
2023-07-14 21:00:00+03:00,0.0,0.0,0.0,29.99,3.17
2023-07-14 22:00:00+03:00,0.0,0.0,0.0,28.3,2.78
2023-07-14 23:00:00+03:00,0.0,0.0,0.0,26.9,2.5
2023-07-15 00:00:00+03:00,0.0,0.0,0.0,25.71,2.17
2023-07-15 01:00:00+03:00,0.0,0.0,0.0,24.76,1.83
2023-07-15 02:00:00+03:00,0.0,0.0,0.0,23.96,1.65
2023-07-15 03:00:00+03:00,0.0,0.0,0.0,23.21,1.62
2023-07-15 04:00:00+03:00,0.0,0.0,0.0,22.58,1.63
2023-07-15 05:00:00+03:00,0.0,0.0,0.0,22.21,1.58
2023-07-15 06:00:00+03:00,36.17,78.26,31.42,22.92,1.54
2023-07-15 07:00:00+03:00,181.77,313.34,93.93,25.83,2.0
2023-07-15 08:00:00+03:00,333.67,429.51,153.99,30.08,1.77
2023-07-15 09:00:00+03:00,574.03,296.22,351.87,34.37,2.35
2023-07-15 10:00:00+03:00,773.7,533.02,368.94,37.1,2.6
2023-07-15 11:00:00+03:00,918.25,602.7,370.01,39.04,2.52
2023-07-15 12:00:00+03:00,994.1,690.53,287.2,40.44,2.62
2023-07-15 13:00:00+03:00,1000.15,753.21,239.11,41.49,2.84
2023-07-15 14:00:00+03:00,944.25,822.18,169.72,42.1,3.24
2023-07-15 15:00:00+03:00,819.17,788.87,162.27,42.23,4.01
2023-07-15 16:00:00+03:00,648.42,746.24,137.62,41.71,5.06
2023-07-15 17:00:00+03:00,445.95,680.24,106.9,40.4,6.11
2023-07-15 18:00:00+03:00,229.68,517.85,74.04,38.26,6.92
2023-07-15 19:00:00+03:00,42.95,136.79,27.58,35.16,6.2
2023-07-15 20:00:00+03:00,0.0,0.0,0.0,32.25,4.86
2023-07-15 21:00:00+03:00,0.0,0.0,0.0,30.15,3.57
2023-07-15 22:00:00+03:00,0.0,0.0,0.0,28.54,3.04
2023-07-15 23:00:00+03:00,0.0,0.0,0.0,27.26,2.78
2023-07-16 00:00:00+03:00,0.0,0.0,0.0,26.14,2.49
2023-07-16 01:00:00+03:00,0.0,0.0,0.0,25.2,2.3
2023-07-16 02:00:00+03:00,0.0,0.0,0.0,24.4,2.2
2023-07-16 03:00:00+03:00,0.0,0.0,0.0,23.69,2.12
2023-07-16 04:00:00+03:00,0.0,0.0,0.0,23.08,2.05
2023-07-16 05:00:00+03:00,0.0,0.0,0.0,22.58,1.97
2023-07-16 06:00:00+03:00,37.58,91.66,32.39,23.49,2.08
2023-07-16 07:00:00+03:00,196.25,286.02,117.61,26.19,2.34
2023-07-16 08:00:00+03:00,384.48,352.56,219.52,29.44,1.91
2023-07-16 09:00:00+03:00,578.6,381.43,318.87,33.72,1.79
2023-07-16 10:00:00+03:00,782.05,561.68,329.72,38.82,2.48
2023-07-16 11:00:00+03:00,926.28,667.6,300.66,41.33,2.74
2023-07-16 12:00:00+03:00,990.25,738.94,252.12,42.75,2.82
2023-07-16 13:00:00+03:00,1002.38,868.84,141.7,43.75,3.07
2023-07-16 14:00:00+03:00,937.65,822.99,163.99,44.32,3.43
2023-07-16 15:00:00+03:00,812.9,785.62,158.03,44.38,3.96
2023-07-16 16:00:00+03:00,639.35,726.73,140.97,43.92,4.65
2023-07-16 17:00:00+03:00,432.3,620.52,120.12,42.84,5.41
2023-07-16 18:00:00+03:00,219.35,446.0,82.77,41.02,5.92
2023-07-16 19:00:00+03:00,38.97,86.66,28.51,37.31,4.84
2023-07-16 20:00:00+03:00,0.0,0.0,0.0,34.3,4.35
2023-07-16 21:00:00+03:00,0.0,0.0,0.0,32.19,3.44
2023-07-16 22:00:00+03:00,0.0,0.0,0.0,30.27,2.82
2023-07-16 23:00:00+03:00,0.0,0.0,0.0,28.66,2.46
2023-07-17 00:00:00+03:00,0.0,0.0,0.0,27.41,2.15
2023-07-17 01:00:00+03:00,0.0,0.0,0.0,26.56,1.85
2023-07-17 02:00:00+03:00,0.0,0.0,0.0,25.89,1.66
2023-07-17 03:00:00+03:00,0.0,0.0,0.0,25.15,1.68
2023-07-17 04:00:00+03:00,0.0,0.0,0.0,24.38,1.84
2023-07-17 05:00:00+03:00,0.0,0.0,0.0,23.76,1.96
2023-07-17 06:00:00+03:00,32.6,70.25,28.23,24.57,1.9
2023-07-17 07:00:00+03:00,173.7,258.94,103.96,27.27,2.25
2023-07-17 08:00:00+03:00,351.15,256.91,221.17,31.03,1.88
2023-07-17 09:00:00+03:00,557.92,229.07,385.71,36.52,1.97
2023-07-17 10:00:00+03:00,780.47,523.83,336.2,39.73,2.19
2023-07-17 11:00:00+03:00,914.12,708.74,302.89,41.25,2.23
2023-07-17 12:00:00+03:00,985.9,736.34,255.27,42.3,2.29
2023-07-17 13:00:00+03:00,998.75,865.33,141.65,43.08,2.29
2023-07-17 14:00:00+03:00,934.25,820.06,163.67,43.57,2.36
2023-07-17 15:00:00+03:00,809.75,782.92,157.49,43.61,2.66
2023-07-17 16:00:00+03:00,636.2,725.32,138.57,43.2,3.36
2023-07-17 17:00:00+03:00,430.33,622.97,117.89,42.16,4.64
2023-07-17 18:00:00+03:00,216.7,444.44,83.09,40.25,6.24
2023-07-17 19:00:00+03:00,38.55,97.08,27.45,36.97,6.82
2023-07-17 20:00:00+03:00,0.0,0.0,0.0,33.75,6.51
2023-07-17 21:00:00+03:00,0.0,0.0,0.0,31.55,5.19
2023-07-17 22:00:00+03:00,0.0,0.0,0.0,29.92,3.64
2023-07-17 23:00:00+03:00,0.0,0.0,0.0,28.54,2.52
2023-07-18 00:00:00+03:00,0.0,0.0,0.0,27.34,2.08
2023-07-18 01:00:00+03:00,0.0,0.0,0.0,26.31,1.98
2023-07-18 02:00:00+03:00,0.0,0.0,0.0,25.36,1.99
2023-07-18 03:00:00+03:00,0.0,0.0,0.0,24.53,2.03
2023-07-18 04:00:00+03:00,0.0,0.0,0.0,23.79,2.04
2023-07-18 05:00:00+03:00,0.0,0.0,0.0,23.17,2.02
2023-07-18 06:00:00+03:00,32.65,48.33,30.78,23.72,2.92
2023-07-18 07:00:00+03:00,185.12,259.71,109.66,26.11,3.16
2023-07-18 08:00:00+03:00,353.98,345.63,185.99,29.1,2.88
2023-07-18 09:00:00+03:00,544.47,394.76,277.84,32.57,2.91
2023-07-18 10:00:00+03:00,756.55,535.34,294.05,36.52,2.87
2023-07-18 11:00:00+03:00,903.47,640.34,288.0,39.5,2.86
2023-07-18 12:00:00+03:00,996.17,822.71,191.65,41.03,3.07
2023-07-18 13:00:00+03:00,1013.17,948.59,100.43,42.1,3.34
2023-07-18 14:00:00+03:00,948.62,891.41,123.8,42.73,3.82
2023-07-18 15:00:00+03:00,825.62,861.47,118.54,42.86,4.65
2023-07-18 16:00:00+03:00,653.38,813.21,106.23,42.3,5.79
2023-07-18 17:00:00+03:00,446.52,712.02,96.56,40.86,7.06
2023-07-18 18:00:00+03:00,227.7,524.26,71.36,38.33,8.13
2023-07-18 19:00:00+03:00,40.75,147.48,25.25,34.95,7.9
2023-07-18 20:00:00+03:00,0.0,0.0,0.0,32.29,6.33
2023-07-18 21:00:00+03:00,0.0,0.0,0.0,30.6,4.75
2023-07-18 22:00:00+03:00,0.0,0.0,0.0,29.05,3.26
2023-07-18 23:00:00+03:00,0.0,0.0,0.0,27.61,2.35
2023-07-19 00:00:00+03:00,0.0,0.0,0.0,26.38,1.92
2023-07-19 01:00:00+03:00,0.0,0.0,0.0,25.33,1.78
2023-07-19 02:00:00+03:00,0.0,0.0,0.0,24.47,1.81
2023-07-19 03:00:00+03:00,0.0,0.0,0.0,23.75,1.84
2023-07-19 04:00:00+03:00,0.0,0.0,0.0,23.11,1.68
2023-07-19 05:00:00+03:00,0.0,0.0,0.0,22.55,1.51
2023-07-19 06:00:00+03:00,36.8,99.15,30.49,23.2,1.97
2023-07-19 07:00:00+03:00,206.4,374.48,102.02,25.46,1.85
2023-07-19 08:00:00+03:00,399.15,473.75,175.09,28.06,1.51
2023-07-19 09:00:00+03:00,592.58,503.31,245.71,31.35,1.47
2023-07-19 10:00:00+03:00,820.65,825.73,139.5,35.42,1.44
2023-07-19 11:00:00+03:00,942.28,857.33,144.25,38.39,1.58
2023-07-19 12:00:00+03:00,1010.28,918.39,130.41,39.98,1.84
2023-07-19 13:00:00+03:00,1003.3,882.93,149.63,41.06,2.0
2023-07-19 14:00:00+03:00,942.08,844.7,148.7,41.74,2.17
2023-07-19 15:00:00+03:00,801.5,745.15,173.15,41.93,2.41
2023-07-19 16:00:00+03:00,642.22,744.17,134.47,41.68,2.81
2023-07-19 17:00:00+03:00,442.75,726.53,89.97,40.9,3.46
2023-07-19 18:00:00+03:00,231.38,590.98,59.89,39.37,4.67
2023-07-19 19:00:00+03:00,42.92,233.11,22.41,36.22,5.46
2023-07-19 20:00:00+03:00,0.0,0.0,0.0,33.02,7.0
2023-07-19 21:00:00+03:00,0.0,0.0,0.0,30.29,6.68
2023-07-19 22:00:00+03:00,0.0,0.0,0.0,28.81,5.05
2023-07-19 23:00:00+03:00,0.0,0.0,0.0,28.02,2.99
2023-07-20 00:00:00+03:00,0.0,0.0,0.0,27.13,1.74
2023-07-20 01:00:00+03:00,0.0,0.0,0.0,26.35,1.55
2023-07-20 02:00:00+03:00,0.0,0.0,0.0,25.78,1.43
2023-07-20 03:00:00+03:00,0.0,0.0,0.0,25.33,1.32
2023-07-20 04:00:00+03:00,0.0,0.0,0.0,24.88,1.28
2023-07-20 05:00:00+03:00,0.0,0.0,0.0,24.36,1.34
2023-07-20 06:00:00+03:00,40.05,172.16,26.6,24.72,1.26
2023-07-20 07:00:00+03:00,212.82,414.18,100.57,27.28,1.38
2023-07-20 08:00:00+03:00,393.27,436.63,198.21,30.89,1.61
2023-07-20 09:00:00+03:00,570.67,339.3,334.02,35.34,2.77
2023-07-20 10:00:00+03:00,766.88,526.29,350.7,37.76,3.62
2023-07-20 11:00:00+03:00,912.42,783.92,223.18,39.64,4.21
2023-07-20 12:00:00+03:00,1001.25,920.91,122.14,40.88,4.78
2023-07-20 13:00:00+03:00,999.5,887.07,130.43,41.52,5.19
2023-07-20 14:00:00+03:00,938.6,885.67,117.04,41.78,5.27
2023-07-20 15:00:00+03:00,799.5,793.24,144.44,41.66,5.17
2023-07-20 16:00:00+03:00,626.05,729.17,137.64,41.16,4.97
2023-07-20 17:00:00+03:00,424.6,626.94,119.04,40.15,4.78
2023-07-20 18:00:00+03:00,217.57,491.44,75.37,38.72,4.52
2023-07-20 19:00:00+03:00,37.25,139.86,23.86,35.13,3.33
2023-07-20 20:00:00+03:00,0.0,0.0,0.0,33.0,4.58
2023-07-20 21:00:00+03:00,0.0,0.0,0.0,31.53,5.7
2023-07-20 22:00:00+03:00,0.0,0.0,0.0,29.77,5.02
2023-07-20 23:00:00+03:00,0.0,0.0,0.0,28.58,3.59
2023-07-21 00:00:00+03:00,0.0,0.0,0.0,27.53,2.44
2023-07-21 01:00:00+03:00,0.0,0.0,0.0,26.74,2.1
2023-07-21 02:00:00+03:00,0.0,0.0,0.0,26.14,1.89
2023-07-21 03:00:00+03:00,0.0,0.0,0.0,25.86,1.58
2023-07-21 04:00:00+03:00,0.0,0.0,0.0,25.72,1.19
2023-07-21 05:00:00+03:00,0.0,0.0,0.0,25.28,0.94
2023-07-21 06:00:00+03:00,36.15,136.31,26.52,25.23,1.03
2023-07-21 07:00:00+03:00,204.4,371.02,104.94,27.63,1.71
2023-07-21 08:00:00+03:00,394.62,409.84,214.06,30.88,2.31
2023-07-21 09:00:00+03:00,578.05,309.65,327.62,33.55,2.65
2023-07-21 10:00:00+03:00,793.9,637.91,290.05,35.74,2.75
2023-07-21 11:00:00+03:00,935.25,744.62,265.12,37.76,2.94
2023-07-21 12:00:00+03:00,990.12,866.0,181.8,39.3,3.1
2023-07-21 13:00:00+03:00,993.62,882.26,128.92,40.28,3.4
2023-07-21 14:00:00+03:00,920.85,788.57,172.48,40.8,4.11
2023-07-21 15:00:00+03:00,796.08,748.85,167.0,40.68,5.11
2023-07-21 16:00:00+03:00,632.88,740.91,127.71,39.77,6.16
2023-07-21 17:00:00+03:00,429.9,646.86,109.75,38.11,6.84
2023-07-21 18:00:00+03:00,216.8,487.11,72.49,36.08,7.01
2023-07-21 19:00:00+03:00,36.88,131.28,23.54,33.47,5.46
2023-07-21 20:00:00+03:00,0.0,0.0,0.0,30.84,3.88
2023-07-21 21:00:00+03:00,0.0,0.0,0.0,29.23,3.12
2023-07-21 22:00:00+03:00,0.0,0.0,0.0,27.86,2.68
2023-07-21 23:00:00+03:00,0.0,0.0,0.0,26.65,2.41
2023-07-22 00:00:00+03:00,0.0,0.0,0.0,25.67,2.03
2023-07-22 01:00:00+03:00,0.0,0.0,0.0,25.21,1.49
2023-07-22 02:00:00+03:00,0.0,0.0,0.0,24.68,1.25
2023-07-22 03:00:00+03:00,0.0,0.0,0.0,24.01,1.19
2023-07-22 04:00:00+03:00,0.0,0.0,0.0,23.3,1.21
2023-07-22 05:00:00+03:00,0.0,0.0,0.0,22.59,1.31
2023-07-22 06:00:00+03:00,35.58,140.15,22.14,22.96,1.44
2023-07-22 07:00:00+03:00,216.85,525.43,65.27,25.54,1.95
2023-07-22 08:00:00+03:00,435.45,701.85,95.03,29.35,1.97
2023-07-22 09:00:00+03:00,642.78,795.65,110.1,33.05,2.03
2023-07-22 10:00:00+03:00,816.95,852.89,120.1,37.36,2.68
2023-07-22 11:00:00+03:00,941.08,884.4,122.49,40.08,3.47
2023-07-22 12:00:00+03:00,1001.0,912.02,116.18,41.64,3.67
2023-07-22 13:00:00+03:00,1002.25,917.05,113.71,42.75,3.96
2023-07-22 14:00:00+03:00,939.12,868.02,134.62,43.37,4.47
2023-07-22 15:00:00+03:00,816.4,833.1,131.53,43.43,5.15
2023-07-22 16:00:00+03:00,643.45,782.7,118.31,42.93,5.97
2023-07-22 17:00:00+03:00,436.62,677.95,103.32,41.77,6.61
2023-07-22 18:00:00+03:00,218.32,492.42,74.84,39.83,6.75
2023-07-22 19:00:00+03:00,36.05,116.24,25.7,36.34,5.05
2023-07-22 20:00:00+03:00,0.0,0.0,0.0,33.24,4.16
2023-07-22 21:00:00+03:00,0.0,0.0,0.0,31.32,3.46
2023-07-22 22:00:00+03:00,0.0,0.0,0.0,29.82,2.86
2023-07-22 23:00:00+03:00,0.0,0.0,0.0,28.63,2.42
2023-07-23 00:00:00+03:00,0.0,0.0,0.0,27.58,2.09
2023-07-23 01:00:00+03:00,0.0,0.0,0.0,26.71,1.91
2023-07-23 02:00:00+03:00,0.0,0.0,0.0,26.0,1.84
2023-07-23 03:00:00+03:00,0.0,0.0,0.0,25.38,1.79
2023-07-23 04:00:00+03:00,0.0,0.0,0.0,24.84,1.73
2023-07-23 05:00:00+03:00,0.0,0.0,0.0,24.39,1.6
2023-07-23 06:00:00+03:00,30.48,49.84,30.18,25.01,1.54
2023-07-23 07:00:00+03:00,183.15,229.07,129.62,27.43,1.72
2023-07-23 08:00:00+03:00,347.25,270.9,214.98,30.15,1.43
2023-07-23 09:00:00+03:00,523.58,255.57,320.95,33.47,1.45
2023-07-23 10:00:00+03:00,809.28,825.61,130.38,38.13,2.59
2023-07-23 11:00:00+03:00,933.33,861.41,133.19,41.45,3.9
2023-07-23 12:00:00+03:00,999.78,918.25,111.9,42.85,4.25
2023-07-23 13:00:00+03:00,1000.55,921.77,110.01,43.57,4.6
2023-07-23 14:00:00+03:00,936.1,870.16,127.37,43.95,5.14
2023-07-23 15:00:00+03:00,811.97,835.6,126.66,43.77,5.78
2023-07-23 16:00:00+03:00,639.58,777.43,116.62,42.98,6.39
2023-07-23 17:00:00+03:00,433.05,681.5,99.35,41.65,6.78
2023-07-23 18:00:00+03:00,218.23,505.4,72.37,39.93,6.57
2023-07-23 19:00:00+03:00,35.65,129.03,24.52,36.62,4.42
2023-07-23 20:00:00+03:00,0.0,0.0,0.0,33.84,3.8
2023-07-23 21:00:00+03:00,0.0,0.0,0.0,32.36,3.58
2023-07-23 22:00:00+03:00,0.0,0.0,0.0,30.93,3.36
2023-07-23 23:00:00+03:00,0.0,0.0,0.0,29.54,3.18
2023-07-24 00:00:00+03:00,0.0,0.0,0.0,28.27,2.98
2023-07-24 01:00:00+03:00,0.0,0.0,0.0,27.27,2.98
2023-07-24 02:00:00+03:00,0.0,0.0,0.0,26.51,3.03
2023-07-24 03:00:00+03:00,0.0,0.0,0.0,25.71,2.69
2023-07-24 04:00:00+03:00,0.0,0.0,0.0,24.92,2.35
2023-07-24 05:00:00+03:00,0.0,0.0,0.0,24.18,2.19
2023-07-24 06:00:00+03:00,31.35,74.98,28.38,24.79,2.07
2023-07-24 07:00:00+03:00,195.12,317.13,103.69,27.28,2.17
2023-07-24 08:00:00+03:00,391.05,427.46,186.97,31.54,1.78
2023-07-24 09:00:00+03:00,596.47,501.49,255.94,36.9,2.03
2023-07-24 10:00:00+03:00,784.42,620.57,270.01,39.49,1.78
2023-07-24 11:00:00+03:00,913.83,715.65,260.55,41.3,1.61
2023-07-24 12:00:00+03:00,985.08,726.71,245.81,42.78,1.65
2023-07-24 13:00:00+03:00,990.53,787.57,211.81,43.82,1.83
2023-07-24 14:00:00+03:00,933.65,851.65,146.49,44.4,2.31
2023-07-24 15:00:00+03:00,806.3,809.72,139.71,44.46,3.05
2023-07-24 16:00:00+03:00,630.15,742.22,128.89,44.0,3.94
2023-07-24 17:00:00+03:00,423.0,637.73,110.9,42.95,4.9
2023-07-24 18:00:00+03:00,208.48,452.04,75.58,41.26,5.84
2023-07-24 19:00:00+03:00,32.3,75.12,24.06,38.21,5.85
2023-07-24 20:00:00+03:00,0.0,0.0,0.0,35.36,6.5
2023-07-24 21:00:00+03:00,0.0,0.0,0.0,32.91,6.42
2023-07-24 22:00:00+03:00,0.0,0.0,0.0,30.85,6.5
2023-07-24 23:00:00+03:00,0.0,0.0,0.0,29.52,5.9
2023-07-25 00:00:00+03:00,0.0,0.0,0.0,28.62,4.74
2023-07-25 01:00:00+03:00,0.0,0.0,0.0,27.77,3.47
2023-07-25 02:00:00+03:00,0.0,0.0,0.0,26.92,2.96
2023-07-25 03:00:00+03:00,0.0,0.0,0.0,26.16,3.04
2023-07-25 04:00:00+03:00,0.0,0.0,0.0,25.48,3.3
2023-07-25 05:00:00+03:00,0.0,0.0,0.0,24.86,3.48
2023-07-25 06:00:00+03:00,29.92,64.23,24.28,24.72,3.93
2023-07-25 07:00:00+03:00,202.05,438.1,76.46,26.63,3.67
2023-07-25 08:00:00+03:00,417.9,633.43,109.0,29.62,3.07
2023-07-25 09:00:00+03:00,627.55,741.96,130.52,33.43,2.76
2023-07-25 10:00:00+03:00,801.7,808.26,142.94,36.61,2.71
2023-07-25 11:00:00+03:00,925.72,845.1,152.14,39.38,2.7
2023-07-25 12:00:00+03:00,988.22,846.62,153.15,41.41,2.71
2023-07-25 13:00:00+03:00,988.9,852.91,148.9,42.56,2.83
2023-07-25 14:00:00+03:00,924.55,833.52,152.89,43.09,3.26
2023-07-25 15:00:00+03:00,802.03,805.04,139.82,43.07,4.09
2023-07-25 16:00:00+03:00,629.6,750.45,124.47,42.37,5.24
2023-07-25 17:00:00+03:00,424.52,648.21,108.57,40.91,6.52
2023-07-25 18:00:00+03:00,207.05,448.71,75.74,38.63,7.27
2023-07-25 19:00:00+03:00,31.2,76.11,23.1,35.78,6.43
2023-07-25 20:00:00+03:00,0.0,0.0,0.0,33.24,5.01
2023-07-25 21:00:00+03:00,0.0,0.0,0.0,31.32,3.74
2023-07-25 22:00:00+03:00,0.0,0.0,0.0,29.69,2.92
2023-07-25 23:00:00+03:00,0.0,0.0,0.0,28.43,2.51
2023-07-26 00:00:00+03:00,0.0,0.0,0.0,27.46,2.3
2023-07-26 01:00:00+03:00,0.0,0.0,0.0,26.76,2.24
2023-07-26 02:00:00+03:00,0.0,0.0,0.0,26.19,2.26
2023-07-26 03:00:00+03:00,0.0,0.0,0.0,25.74,2.27
2023-07-26 04:00:00+03:00,0.0,0.0,0.0,25.39,2.23
2023-07-26 05:00:00+03:00,0.0,0.0,0.0,25.09,2.11
2023-07-26 06:00:00+03:00,24.42,30.74,25.64,25.82,2.68
2023-07-26 07:00:00+03:00,168.77,232.62,101.66,28.36,3.46
2023-07-26 08:00:00+03:00,359.33,432.33,162.61,31.59,3.77
2023-07-26 09:00:00+03:00,559.85,498.52,234.7,35.24,4.26
2023-07-26 10:00:00+03:00,790.88,782.77,149.73,38.25,4.22
2023-07-26 11:00:00+03:00,925.65,845.81,145.33,40.29,3.7
2023-07-26 12:00:00+03:00,986.95,861.72,141.9,41.72,3.08
2023-07-26 13:00:00+03:00,980.38,875.08,148.45,42.66,2.72
2023-07-26 14:00:00+03:00,926.45,855.71,132.41,43.21,2.68
2023-07-26 15:00:00+03:00,799.5,799.91,143.8,43.24,2.9
2023-07-26 16:00:00+03:00,626.33,742.28,124.54,42.84,3.34
2023-07-26 17:00:00+03:00,420.15,644.11,109.44,41.9,3.98
2023-07-26 18:00:00+03:00,207.15,485.58,69.24,40.26,5.15
2023-07-26 19:00:00+03:00,31.67,102.95,22.6,37.17,6.06
2023-07-26 20:00:00+03:00,0.0,0.0,0.0,34.23,6.83
2023-07-26 21:00:00+03:00,0.0,0.0,0.0,32.13,6.15
2023-07-26 22:00:00+03:00,0.0,0.0,0.0,30.66,5.15
2023-07-26 23:00:00+03:00,0.0,0.0,0.0,29.57,4.18
2023-07-27 00:00:00+03:00,0.0,0.0,0.0,28.66,3.21
2023-07-27 01:00:00+03:00,0.0,0.0,0.0,27.79,2.45
2023-07-27 02:00:00+03:00,0.0,0.0,0.0,27.05,2.23
2023-07-27 03:00:00+03:00,0.0,0.0,0.0,26.45,2.19
2023-07-27 04:00:00+03:00,0.0,0.0,0.0,25.96,2.22
2023-07-27 05:00:00+03:00,0.0,0.0,0.0,25.56,2.22
2023-07-27 06:00:00+03:00,26.2,36.65,27.73,26.28,1.97
2023-07-27 07:00:00+03:00,170.2,268.35,102.6,29.39,2.45
2023-07-27 08:00:00+03:00,340.8,398.86,159.5,33.13,1.71
2023-07-27 09:00:00+03:00,573.72,439.37,256.3,37.59,1.27
2023-07-27 10:00:00+03:00,785.45,779.44,147.92,40.66,1.74
2023-07-27 11:00:00+03:00,903.53,802.36,165.92,43.12,2.7
2023-07-27 12:00:00+03:00,951.28,748.21,199.2,44.44,3.29
2023-07-27 13:00:00+03:00,970.33,850.89,134.61,45.03,3.45
2023-07-27 14:00:00+03:00,894.15,763.96,178.86,45.24,3.56
2023-07-27 15:00:00+03:00,769.42,711.22,172.71,45.03,3.73
2023-07-27 16:00:00+03:00,611.92,698.05,140.72,44.39,3.97
2023-07-27 17:00:00+03:00,401.0,568.76,125.15,43.29,4.22
2023-07-27 18:00:00+03:00,192.77,388.8,80.55,41.83,4.42
2023-07-27 19:00:00+03:00,28.15,49.74,24.88,38.26,3.8
2023-07-27 20:00:00+03:00,0.0,0.0,0.0,35.92,5.47
2023-07-27 21:00:00+03:00,0.0,0.0,0.0,33.31,5.32
2023-07-27 22:00:00+03:00,0.0,0.0,0.0,31.25,4.07
2023-07-27 23:00:00+03:00,0.0,0.0,0.0,29.87,2.6
2023-07-28 00:00:00+03:00,0.0,0.0,0.0,28.7,1.73
2023-07-28 01:00:00+03:00,0.0,0.0,0.0,27.78,1.55
2023-07-28 02:00:00+03:00,0.0,0.0,0.0,27.04,1.46
2023-07-28 03:00:00+03:00,0.0,0.0,0.0,26.33,1.43
2023-07-28 04:00:00+03:00,0.0,0.0,0.0,25.67,1.37
2023-07-28 05:00:00+03:00,0.0,0.0,0.0,25.1,1.26
2023-07-28 06:00:00+03:00,27.42,51.4,23.16,25.25,1.25
2023-07-28 07:00:00+03:00,197.73,407.08,82.22,27.36,1.6
2023-07-28 08:00:00+03:00,412.15,609.79,115.63,30.52,1.7
2023-07-28 09:00:00+03:00,624.08,725.34,138.41,34.32,2.0
2023-07-28 10:00:00+03:00,798.78,779.77,157.47,38.18,2.56
2023-07-28 11:00:00+03:00,924.9,836.93,158.81,41.76,2.83
2023-07-28 12:00:00+03:00,987.85,848.81,152.75,43.77,2.65
2023-07-28 13:00:00+03:00,985.58,870.02,133.66,44.92,2.57
2023-07-28 14:00:00+03:00,918.75,809.47,160.23,45.46,2.65
2023-07-28 15:00:00+03:00,791.9,757.85,164.61,45.44,2.85
2023-07-28 16:00:00+03:00,614.1,673.69,156.14,44.93,3.22
2023-07-28 17:00:00+03:00,400.5,518.63,140.36,43.94,4.03
2023-07-28 18:00:00+03:00,191.05,333.15,91.97,42.22,5.32
2023-07-28 19:00:00+03:00,26.92,27.59,24.71,38.92,6.29
2023-07-28 20:00:00+03:00,0.0,0.0,0.0,35.44,7.07
2023-07-28 21:00:00+03:00,0.0,0.0,0.0,32.73,6.12
2023-07-28 22:00:00+03:00,0.0,0.0,0.0,30.94,5.16
2023-07-28 23:00:00+03:00,0.0,0.0,0.0,29.72,4.36
2023-07-29 00:00:00+03:00,0.0,0.0,0.0,28.63,3.82
2023-07-29 01:00:00+03:00,0.0,0.0,0.0,27.55,3.55
2023-07-29 02:00:00+03:00,0.0,0.0,0.0,26.49,3.45
2023-07-29 03:00:00+03:00,0.0,0.0,0.0,25.53,3.43
2023-07-29 04:00:00+03:00,0.0,0.0,0.0,24.74,3.21
2023-07-29 05:00:00+03:00,0.0,0.0,0.0,24.12,3.0
2023-07-29 06:00:00+03:00,26.55,39.33,24.29,24.01,3.29
2023-07-29 07:00:00+03:00,194.77,372.08,92.84,25.78,3.96
2023-07-29 08:00:00+03:00,409.52,563.69,139.39,28.3,4.08
2023-07-29 09:00:00+03:00,622.05,685.22,157.88,31.29,4.3
2023-07-29 10:00:00+03:00,808.8,779.76,166.76,34.39,4.75
2023-07-29 11:00:00+03:00,938.03,819.08,177.84,37.19,5.29
2023-07-29 12:00:00+03:00,1009.08,923.3,120.9,39.33,5.69
2023-07-29 13:00:00+03:00,1012.7,925.54,125.39,40.82,6.08
2023-07-29 14:00:00+03:00,947.4,896.47,134.91,41.55,6.62
2023-07-29 15:00:00+03:00,815.2,854.87,122.14,41.47,7.3
2023-07-29 16:00:00+03:00,640.92,825.01,103.02,40.35,7.94
2023-07-29 17:00:00+03:00,432.33,702.27,99.37,38.38,8.36
2023-07-29 18:00:00+03:00,212.25,510.9,72.51,35.76,8.12
2023-07-29 19:00:00+03:00,30.92,111.04,23.49,32.76,6.47
2023-07-29 20:00:00+03:00,0.0,0.0,0.0,30.27,4.67
2023-07-29 21:00:00+03:00,0.0,0.0,0.0,28.53,3.71
2023-07-29 22:00:00+03:00,0.0,0.0,0.0,27.05,2.89
2023-07-29 23:00:00+03:00,0.0,0.0,0.0,25.82,2.42
2023-07-30 00:00:00+03:00,0.0,0.0,0.0,24.91,2.29
2023-07-30 01:00:00+03:00,0.0,0.0,0.0,24.28,2.38
2023-07-30 02:00:00+03:00,0.0,0.0,0.0,23.8,2.57
2023-07-30 03:00:00+03:00,0.0,0.0,0.0,23.39,2.74
2023-07-30 04:00:00+03:00,0.0,0.0,0.0,23.0,2.72
2023-07-30 05:00:00+03:00,0.0,0.0,0.0,22.61,2.52
2023-07-30 06:00:00+03:00,25.17,46.34,22.01,23.05,3.03
2023-07-30 07:00:00+03:00,190.05,363.43,85.93,25.47,3.63
2023-07-30 08:00:00+03:00,417.12,619.81,117.45,27.82,3.52
2023-07-30 09:00:00+03:00,630.42,740.3,136.34,30.16,3.24
2023-07-30 10:00:00+03:00,802.55,793.66,152.63,32.66,3.27
2023-07-30 11:00:00+03:00,930.38,815.24,173.36,35.09,3.59
2023-07-30 12:00:00+03:00,1003.05,906.15,141.83,37.22,4.02
2023-07-30 13:00:00+03:00,995.88,914.57,131.91,38.85,4.55
2023-07-30 14:00:00+03:00,931.55,892.21,125.79,39.87,5.27
2023-07-30 15:00:00+03:00,806.42,844.05,122.13,40.13,6.2
2023-07-30 16:00:00+03:00,632.75,788.92,110.66,39.41,7.2
2023-07-30 17:00:00+03:00,424.62,681.26,98.29,37.72,7.85
2023-07-30 18:00:00+03:00,205.1,491.13,68.6,35.21,7.94
2023-07-30 19:00:00+03:00,28.55,92.17,21.17,32.46,7.0
2023-07-30 20:00:00+03:00,0.0,0.0,0.0,30.36,5.51
2023-07-30 21:00:00+03:00,0.0,0.0,0.0,28.85,4.52
2023-07-30 22:00:00+03:00,0.0,0.0,0.0,27.48,3.81
2023-07-30 23:00:00+03:00,0.0,0.0,0.0,26.28,3.23
2023-07-31 00:00:00+03:00,0.0,0.0,0.0,25.23,2.64
2023-07-31 01:00:00+03:00,0.0,0.0,0.0,24.4,2.41
2023-07-31 02:00:00+03:00,0.0,0.0,0.0,23.78,2.47
2023-07-31 03:00:00+03:00,0.0,0.0,0.0,23.24,2.59
2023-07-31 04:00:00+03:00,0.0,0.0,0.0,22.74,2.63
2023-07-31 05:00:00+03:00,0.0,0.0,0.0,22.25,2.48
2023-07-31 06:00:00+03:00,23.08,28.65,21.13,22.44,2.91
2023-07-31 07:00:00+03:00,178.52,292.73,97.93,24.8,2.91
2023-07-31 08:00:00+03:00,384.48,476.62,154.12,27.33,2.44
2023-07-31 09:00:00+03:00,587.55,580.22,187.34,29.94,1.95
2023-07-31 10:00:00+03:00,777.33,654.18,238.16,32.82,1.76
2023-07-31 11:00:00+03:00,915.8,754.64,206.34,35.68,1.77
2023-07-31 12:00:00+03:00,992.12,870.86,158.35,38.06,1.73
2023-07-31 13:00:00+03:00,987.65,869.73,140.5,39.67,1.76
2023-07-31 14:00:00+03:00,927.33,864.71,135.9,40.67,1.93
2023-07-31 15:00:00+03:00,807.55,849.52,118.62,41.09,2.29
2023-07-31 16:00:00+03:00,632.92,799.29,104.56,40.96,2.92
2023-07-31 17:00:00+03:00,417.12,645.69,106.08,40.25,3.85
2023-07-31 18:00:00+03:00,192.1,399.94,80.64,38.87,5.13
2023-07-31 19:00:00+03:00,25.27,51.07,22.7,35.87,6.08
2023-07-31 20:00:00+03:00,0.0,0.0,0.0,32.73,7.35
2023-07-31 21:00:00+03:00,0.0,0.0,0.0,30.19,6.36
2023-07-31 22:00:00+03:00,0.0,0.0,0.0,28.66,4.84
2023-07-31 23:00:00+03:00,0.0,0.0,0.0,27.65,3.23
2023-08-01 00:00:00+03:00,0.0,0.0,0.0,26.65,1.8
2023-08-01 01:00:00+03:00,0.0,0.0,0.0,25.79,1.51
2023-08-01 02:00:00+03:00,0.0,0.0,0.0,25.05,1.51
2023-08-01 03:00:00+03:00,0.0,0.0,0.0,24.39,1.58
2023-08-01 04:00:00+03:00,0.0,0.0,0.0,23.78,1.67
2023-08-01 05:00:00+03:00,0.0,0.0,0.0,23.21,1.76
2023-08-01 06:00:00+03:00,22.1,30.01,22.88,23.47,2.13
2023-08-01 07:00:00+03:00,171.35,240.56,103.97,25.61,2.43
2023-08-01 08:00:00+03:00,369.88,369.86,211.77,28.19,2.12
2023-08-01 09:00:00+03:00,573.7,349.87,334.41,31.07,2.14
2023-08-01 10:00:00+03:00,790.4,759.32,169.47,34.84,2.63
2023-08-01 11:00:00+03:00,916.4,800.81,179.36,37.29,2.92
2023-08-01 12:00:00+03:00,974.25,808.45,191.47,38.86,3.03
2023-08-01 13:00:00+03:00,990.4,910.27,117.49,39.91,3.12
2023-08-01 14:00:00+03:00,913.3,799.63,175.98,40.54,3.21
2023-08-01 15:00:00+03:00,789.17,786.99,149.19,40.68,3.33
2023-08-01 16:00:00+03:00,616.28,753.64,120.62,40.36,3.48
2023-08-01 17:00:00+03:00,408.98,625.77,110.38,39.56,3.63
2023-08-01 18:00:00+03:00,197.1,456.38,71.36,38.25,3.63
2023-08-01 19:00:00+03:00,25.83,73.31,20.08,34.44,2.92
2023-08-01 20:00:00+03:00,0.0,0.0,0.0,32.67,4.54
2023-08-01 21:00:00+03:00,0.0,0.0,0.0,31.05,6.26
2023-08-01 22:00:00+03:00,0.0,0.0,0.0,28.93,5.21
2023-08-01 23:00:00+03:00,0.0,0.0,0.0,27.65,3.59
2023-08-02 00:00:00+03:00,0.0,0.0,0.0,26.64,2.12
2023-08-02 01:00:00+03:00,0.0,0.0,0.0,25.85,1.61
2023-08-02 02:00:00+03:00,0.0,0.0,0.0,25.42,1.22
2023-08-02 03:00:00+03:00,0.0,0.0,0.0,25.23,0.82
2023-08-02 04:00:00+03:00,0.0,0.0,0.0,24.88,0.52
2023-08-02 05:00:00+03:00,0.0,0.0,0.0,24.29,0.56
2023-08-02 06:00:00+03:00,23.23,61.34,22.14,24.24,0.9
2023-08-02 07:00:00+03:00,179.5,330.44,93.65,26.58,1.49
2023-08-02 08:00:00+03:00,373.83,453.99,173.34,30.3,1.74
2023-08-02 09:00:00+03:00,578.25,431.13,280.78,34.05,2.73
2023-08-02 10:00:00+03:00,773.5,736.91,166.28,36.77,3.37
2023-08-02 11:00:00+03:00,890.72,733.88,210.32,38.7,3.69
2023-08-02 12:00:00+03:00,949.9,758.4,205.68,40.15,3.88
2023-08-02 13:00:00+03:00,994.03,940.19,101.83,41.13,4.16
2023-08-02 14:00:00+03:00,890.25,758.96,199.23,41.65,4.4
2023-08-02 15:00:00+03:00,764.55,703.63,191.24,41.6,4.6
2023-08-02 16:00:00+03:00,595.92,671.13,159.07,41.07,4.67
2023-08-02 17:00:00+03:00,392.38,606.43,110.86,40.04,4.75
2023-08-02 18:00:00+03:00,193.6,464.3,70.5,38.39,5.05
2023-08-02 19:00:00+03:00,25.23,95.18,20.25,35.17,5.22
2023-08-02 20:00:00+03:00,0.0,0.0,0.0,32.43,6.92
2023-08-02 21:00:00+03:00,0.0,0.0,0.0,29.86,6.61
2023-08-02 22:00:00+03:00,0.0,0.0,0.0,28.11,5.08
2023-08-02 23:00:00+03:00,0.0,0.0,0.0,27.09,3.47
2023-08-03 00:00:00+03:00,0.0,0.0,0.0,26.25,2.02
2023-08-03 01:00:00+03:00,0.0,0.0,0.0,25.39,1.44
2023-08-03 02:00:00+03:00,0.0,0.0,0.0,24.74,1.24
2023-08-03 03:00:00+03:00,0.0,0.0,0.0,24.38,0.97
2023-08-03 04:00:00+03:00,0.0,0.0,0.0,24.07,0.7
2023-08-03 05:00:00+03:00,0.0,0.0,0.0,23.6,0.56
2023-08-03 06:00:00+03:00,24.75,108.46,20.33,23.56,0.47
2023-08-03 07:00:00+03:00,181.27,380.26,87.81,25.25,0.48
2023-08-03 08:00:00+03:00,367.52,369.06,205.87,27.77,0.32
2023-08-03 09:00:00+03:00,572.47,386.05,403.92,31.51,1.22
2023-08-03 10:00:00+03:00,775.35,671.11,262.28,35.28,2.13
2023-08-03 11:00:00+03:00,911.75,762.51,219.35,37.35,2.5
2023-08-03 12:00:00+03:00,974.65,759.76,229.16,38.73,2.73
2023-08-03 13:00:00+03:00,1005.0,957.5,101.56,39.65,2.89
2023-08-03 14:00:00+03:00,935.75,910.79,111.67,40.16,3.11
2023-08-03 15:00:00+03:00,802.45,830.16,131.34,40.25,3.42
2023-08-03 16:00:00+03:00,635.12,818.4,100.48,39.81,3.9
2023-08-03 17:00:00+03:00,423.05,714.62,88.46,38.79,4.59
2023-08-03 18:00:00+03:00,201.7,526.78,62.61,37.14,5.5
2023-08-03 19:00:00+03:00,25.2,106.68,18.93,34.24,5.68
2023-08-03 20:00:00+03:00,0.0,0.0,0.0,31.59,6.43
2023-08-03 21:00:00+03:00,0.0,0.0,0.0,29.56,5.37
2023-08-03 22:00:00+03:00,0.0,0.0,0.0,28.2,3.55
2023-08-03 23:00:00+03:00,0.0,0.0,0.0,27.05,2.36
2023-08-04 00:00:00+03:00,0.0,0.0,0.0,26.18,2.04
2023-08-04 01:00:00+03:00,0.0,0.0,0.0,25.42,1.86
2023-08-04 02:00:00+03:00,0.0,0.0,0.0,24.79,1.68
2023-08-04 03:00:00+03:00,0.0,0.0,0.0,24.31,1.52
2023-08-04 04:00:00+03:00,0.0,0.0,0.0,23.89,1.37
2023-08-04 05:00:00+03:00,0.0,0.0,0.0,23.52,1.21
2023-08-04 06:00:00+03:00,22.23,79.97,20.53,23.67,1.15
2023-08-04 07:00:00+03:00,180.15,368.55,89.76,26.21,1.76
2023-08-04 08:00:00+03:00,385.88,491.8,172.69,29.36,2.37
2023-08-04 09:00:00+03:00,596.92,561.06,258.81,32.74,3.07
2023-08-04 10:00:00+03:00,794.55,798.73,150.18,35.35,3.51
2023-08-04 11:00:00+03:00,924.22,850.89,147.29,37.7,3.99
2023-08-04 12:00:00+03:00,994.65,940.11,106.32,39.59,4.44
2023-08-04 13:00:00+03:00,997.0,955.3,95.77,40.9,4.84
2023-08-04 14:00:00+03:00,931.42,902.72,114.71,41.63,5.34
2023-08-04 15:00:00+03:00,804.47,858.0,114.25,41.67,5.95
2023-08-04 16:00:00+03:00,630.78,822.21,96.49,40.93,6.56
2023-08-04 17:00:00+03:00,422.15,736.27,80.61,39.39,7.05
2023-08-04 18:00:00+03:00,202.38,544.81,56.75,37.16,7.17
2023-08-04 19:00:00+03:00,24.88,122.56,17.18,34.12,5.86
2023-08-04 20:00:00+03:00,0.0,0.0,0.0,31.69,4.62
2023-08-04 21:00:00+03:00,0.0,0.0,0.0,29.83,3.29
2023-08-04 22:00:00+03:00,0.0,0.0,0.0,28.34,2.77
2023-08-04 23:00:00+03:00,0.0,0.0,0.0,27.21,2.62
2023-08-05 00:00:00+03:00,0.0,0.0,0.0,26.4,2.33
2023-08-05 01:00:00+03:00,0.0,0.0,0.0,26.04,1.91
2023-08-05 02:00:00+03:00,0.0,0.0,0.0,25.86,1.49
2023-08-05 03:00:00+03:00,0.0,0.0,0.0,25.34,1.12
2023-08-05 04:00:00+03:00,0.0,0.0,0.0,25.2,0.86
2023-08-05 05:00:00+03:00,0.0,0.0,0.0,24.62,0.76
2023-08-05 06:00:00+03:00,24.33,116.36,16.91,23.91,1.08
2023-08-05 07:00:00+03:00,201.4,563.29,56.89,26.21,1.99
2023-08-05 08:00:00+03:00,424.77,734.73,84.57,29.88,1.34
2023-08-05 09:00:00+03:00,639.15,838.14,103.0,33.72,1.86
2023-08-05 10:00:00+03:00,801.55,783.21,179.88,36.49,2.56
2023-08-05 11:00:00+03:00,930.65,820.43,186.83,38.68,3.0
2023-08-05 12:00:00+03:00,984.2,868.74,173.15,40.24,3.37
2023-08-05 13:00:00+03:00,992.55,856.91,160.0,41.33,3.78
2023-08-05 14:00:00+03:00,932.65,905.93,113.0,41.95,4.31
2023-08-05 15:00:00+03:00,803.9,870.48,108.09,42.02,5.09
2023-08-05 16:00:00+03:00,628.28,833.44,93.24,41.42,6.04
2023-08-05 17:00:00+03:00,418.17,726.78,82.15,40.03,6.86
2023-08-05 18:00:00+03:00,196.35,526.83,60.06,37.83,7.15
2023-08-05 19:00:00+03:00,22.5,73.95,18.85,34.67,5.64
2023-08-05 20:00:00+03:00,0.0,0.0,0.0,31.83,3.78
2023-08-05 21:00:00+03:00,0.0,0.0,0.0,29.79,2.69
2023-08-05 22:00:00+03:00,0.0,0.0,0.0,28.32,2.26
2023-08-05 23:00:00+03:00,0.0,0.0,0.0,27.35,1.89
2023-08-06 00:00:00+03:00,0.0,0.0,0.0,26.89,1.55
2023-08-06 01:00:00+03:00,0.0,0.0,0.0,26.87,1.23
2023-08-06 02:00:00+03:00,0.0,0.0,0.0,27.12,0.73
2023-08-06 03:00:00+03:00,0.0,0.0,0.0,27.04,0.72
2023-08-06 04:00:00+03:00,0.0,0.0,0.0,26.63,0.91
2023-08-06 05:00:00+03:00,0.0,0.0,0.0,26.43,1.2
2023-08-06 06:00:00+03:00,22.38,79.0,17.64,26.35,1.35
2023-08-06 07:00:00+03:00,194.3,524.31,57.89,28.79,1.57
2023-08-06 08:00:00+03:00,413.4,705.81,86.72,32.23,1.18
2023-08-06 09:00:00+03:00,622.78,784.57,111.44,37.46,1.96
2023-08-06 10:00:00+03:00,779.9,709.68,207.7,40.41,3.56
2023-08-06 11:00:00+03:00,909.47,758.54,223.18,42.04,4.03
2023-08-06 12:00:00+03:00,985.97,897.95,125.3,43.27,4.27
2023-08-06 13:00:00+03:00,987.55,902.07,123.88,44.13,4.25
2023-08-06 14:00:00+03:00,919.35,841.04,149.95,44.61,4.24
2023-08-06 15:00:00+03:00,796.2,809.77,138.59,44.64,4.37
2023-08-06 16:00:00+03:00,615.58,737.69,130.58,44.19,4.74
2023-08-06 17:00:00+03:00,402.52,623.92,109.58,43.14,5.58
2023-08-06 18:00:00+03:00,185.43,411.79,73.87,41.02,6.53
2023-08-06 19:00:00+03:00,20.33,28.44,18.41,37.08,6.71
2023-08-06 20:00:00+03:00,0.0,0.0,0.0,33.51,6.1
2023-08-06 21:00:00+03:00,0.0,0.0,0.0,31.13,3.65
2023-08-06 22:00:00+03:00,0.0,0.0,0.0,29.36,2.12
2023-08-06 23:00:00+03:00,0.0,0.0,0.0,28.13,1.94
2023-08-07 00:00:00+03:00,0.0,0.0,0.0,27.39,1.67
2023-08-07 01:00:00+03:00,0.0,0.0,0.0,27.36,1.17
2023-08-07 02:00:00+03:00,0.0,0.0,0.0,27.37,0.57
2023-08-07 03:00:00+03:00,0.0,0.0,0.0,27.17,0.15
2023-08-07 04:00:00+03:00,0.0,0.0,0.0,26.3,0.73
2023-08-07 05:00:00+03:00,0.0,0.0,0.0,25.37,1.23
2023-08-07 06:00:00+03:00,19.02,23.1,20.94,24.96,1.47
2023-08-07 07:00:00+03:00,169.82,310.74,91.14,27.47,2.15
2023-08-07 08:00:00+03:00,379.85,475.79,161.19,30.49,2.14
2023-08-07 09:00:00+03:00,594.28,599.0,201.1,34.6,1.97
2023-08-07 10:00:00+03:00,777.03,747.2,174.02,38.08,2.12
2023-08-07 11:00:00+03:00,904.03,764.28,186.18,40.48,2.6
2023-08-07 12:00:00+03:00,962.15,825.4,170.94,42.17,3.08
2023-08-07 13:00:00+03:00,966.7,839.27,154.78,43.25,3.63
2023-08-07 14:00:00+03:00,898.3,778.74,180.12,43.77,4.33
2023-08-07 15:00:00+03:00,774.6,760.04,156.15,43.63,5.2
2023-08-07 16:00:00+03:00,599.15,694.29,144.73,42.73,6.25
2023-08-07 17:00:00+03:00,390.4,588.74,112.98,40.82,7.35
2023-08-07 18:00:00+03:00,175.93,385.79,72.97,37.68,8.29
2023-08-07 19:00:00+03:00,18.48,36.15,16.16,33.85,8.22
2023-08-07 20:00:00+03:00,0.0,0.0,0.0,31.12,7.24
2023-08-07 21:00:00+03:00,0.0,0.0,0.0,29.77,6.05
2023-08-07 22:00:00+03:00,0.0,0.0,0.0,28.91,5.17
2023-08-07 23:00:00+03:00,0.0,0.0,0.0,28.13,4.47
2023-08-08 00:00:00+03:00,0.0,0.0,0.0,27.44,3.92
2023-08-08 01:00:00+03:00,0.0,0.0,0.0,26.82,3.42
2023-08-08 02:00:00+03:00,0.0,0.0,0.0,26.24,2.85
2023-08-08 03:00:00+03:00,0.0,0.0,0.0,25.63,2.2
2023-08-08 04:00:00+03:00,0.0,0.0,0.0,25.01,1.67
2023-08-08 05:00:00+03:00,0.0,0.0,0.0,24.39,1.41
2023-08-08 06:00:00+03:00,19.6,58.06,17.23,24.26,1.93
2023-08-08 07:00:00+03:00,179.05,398.58,77.84,25.91,2.4
2023-08-08 08:00:00+03:00,395.23,560.78,138.07,27.94,2.25
2023-08-08 09:00:00+03:00,602.05,641.95,183.41,30.2,2.32
2023-08-08 10:00:00+03:00,755.3,548.76,348.49,32.63,2.46
2023-08-08 11:00:00+03:00,885.65,589.04,386.04,34.99,2.74
2023-08-08 12:00:00+03:00,966.28,626.94,340.48,37.07,3.16
2023-08-08 13:00:00+03:00,968.6,768.62,232.19,38.72,3.69
2023-08-08 14:00:00+03:00,891.3,665.2,360.41,39.74,4.25
2023-08-08 15:00:00+03:00,755.5,530.34,365.0,40.12,4.81
2023-08-08 16:00:00+03:00,574.05,454.78,287.08,39.87,5.48
2023-08-08 17:00:00+03:00,317.52,428.55,138.87,38.77,6.34
2023-08-08 18:00:00+03:00,150.4,328.55,72.84,36.53,7.3
2023-08-08 19:00:00+03:00,17.33,43.37,18.21,33.02,7.73
2023-08-08 20:00:00+03:00,0.0,0.0,0.0,29.88,7.47
2023-08-08 21:00:00+03:00,0.0,0.0,0.0,28.04,6.01
2023-08-08 22:00:00+03:00,0.0,0.0,0.0,27.13,4.49
2023-08-08 23:00:00+03:00,0.0,0.0,0.0,26.48,3.25
2023-08-09 00:00:00+03:00,0.0,0.0,0.0,25.76,2.33
2023-08-09 01:00:00+03:00,0.0,0.0,0.0,24.92,1.68
2023-08-09 02:00:00+03:00,0.0,0.0,0.0,24.14,1.41
2023-08-09 03:00:00+03:00,0.0,0.0,0.0,23.42,1.3
2023-08-09 04:00:00+03:00,0.0,0.0,0.0,22.85,1.29
2023-08-09 05:00:00+03:00,0.0,0.0,0.0,22.43,1.24
2023-08-09 06:00:00+03:00,18.67,60.62,17.96,22.94,1.47
2023-08-09 07:00:00+03:00,176.93,418.44,74.16,24.58,1.78
2023-08-09 08:00:00+03:00,401.52,598.03,133.38,26.7,1.76
2023-08-09 09:00:00+03:00,612.03,665.82,186.64,29.2,1.78
2023-08-09 10:00:00+03:00,734.2,340.39,443.06,31.77,1.84
2023-08-09 11:00:00+03:00,868.47,546.15,459.74,34.21,1.99
2023-08-09 12:00:00+03:00,970.6,795.28,319.49,36.07,2.11
2023-08-09 13:00:00+03:00,968.75,689.26,328.67,37.34,2.21
2023-08-09 14:00:00+03:00,913.1,813.91,171.25,38.14,2.35
2023-08-09 15:00:00+03:00,776.97,712.93,212.12,38.39,2.58
2023-08-09 16:00:00+03:00,602.42,693.7,163.57,38.1,2.96
2023-08-09 17:00:00+03:00,390.15,556.81,133.42,37.22,3.54
2023-08-09 18:00:00+03:00,170.15,354.73,84.89,35.78,4.38
2023-08-09 19:00:00+03:00,17.02,40.41,17.54,33.09,4.75
2023-08-09 20:00:00+03:00,0.0,0.0,0.0,30.52,6.44
2023-08-09 21:00:00+03:00,0.0,0.0,0.0,28.19,6.64
2023-08-09 22:00:00+03:00,0.0,0.0,0.0,26.86,5.46
2023-08-09 23:00:00+03:00,0.0,0.0,0.0,26.19,3.85
2023-08-10 00:00:00+03:00,0.0,0.0,0.0,25.49,2.22
2023-08-10 01:00:00+03:00,0.0,0.0,0.0,24.74,1.66
2023-08-10 02:00:00+03:00,0.0,0.0,0.0,24.17,1.53
2023-08-10 03:00:00+03:00,0.0,0.0,0.0,23.78,1.43
2023-08-10 04:00:00+03:00,0.0,0.0,0.0,23.54,1.35
2023-08-10 05:00:00+03:00,0.0,0.0,0.0,23.39,1.27
2023-08-10 06:00:00+03:00,18.5,75.19,16.27,23.88,1.24
2023-08-10 07:00:00+03:00,172.93,355.22,83.81,26.09,1.89
2023-08-10 08:00:00+03:00,390.45,490.92,176.79,28.35,2.35
2023-08-10 09:00:00+03:00,595.78,600.92,254.1,30.77,2.51
2023-08-10 10:00:00+03:00,779.88,652.89,339.32,33.3,2.74
2023-08-10 11:00:00+03:00,915.42,813.33,257.98,35.66,3.02
2023-08-10 12:00:00+03:00,974.17,778.48,236.1,37.49,3.32
2023-08-10 13:00:00+03:00,978.12,807.38,191.3,38.69,3.69
2023-08-10 14:00:00+03:00,903.03,840.16,142.68,39.44,4.26
2023-08-10 15:00:00+03:00,780.05,788.48,150.93,39.53,5.09
2023-08-10 16:00:00+03:00,603.95,729.98,128.97,38.87,6.14
2023-08-10 17:00:00+03:00,400.05,680.34,90.26,37.11,7.14
2023-08-10 18:00:00+03:00,175.02,440.44,62.53,34.39,7.82
2023-08-10 19:00:00+03:00,16.83,62.55,13.88,31.29,7.73
2023-08-10 20:00:00+03:00,0.0,0.0,0.0,29.09,7.04
2023-08-10 21:00:00+03:00,0.0,0.0,0.0,27.87,5.91
2023-08-10 22:00:00+03:00,0.0,0.0,0.0,27.06,4.75
2023-08-10 23:00:00+03:00,0.0,0.0,0.0,26.35,3.85
2023-08-11 00:00:00+03:00,0.0,0.0,0.0,25.64,3.15
2023-08-11 01:00:00+03:00,0.0,0.0,0.0,24.92,2.51
2023-08-11 02:00:00+03:00,0.0,0.0,0.0,24.28,2.21
2023-08-11 03:00:00+03:00,0.0,0.0,0.0,23.8,2.18
2023-08-11 04:00:00+03:00,0.0,0.0,0.0,23.45,2.24
2023-08-11 05:00:00+03:00,0.0,0.0,0.0,23.23,2.32
2023-08-11 06:00:00+03:00,18.17,66.19,17.12,23.59,2.99
2023-08-11 07:00:00+03:00,176.2,407.81,80.95,26.23,4.34
2023-08-11 08:00:00+03:00,397.3,546.84,152.24,28.76,4.58
2023-08-11 09:00:00+03:00,600.8,651.8,207.63,31.04,4.51
2023-08-11 10:00:00+03:00,701.22,254.47,442.79,33.46,4.48
2023-08-11 11:00:00+03:00,816.4,395.15,487.5,35.83,4.59
2023-08-11 12:00:00+03:00,966.2,737.0,331.36,37.57,4.64
2023-08-11 13:00:00+03:00,962.83,689.54,291.63,38.65,4.67
2023-08-11 14:00:00+03:00,894.97,718.07,233.58,39.26,4.9
2023-08-11 15:00:00+03:00,754.88,618.5,244.24,39.26,5.35
2023-08-11 16:00:00+03:00,578.15,585.0,183.3,38.44,5.96
2023-08-11 17:00:00+03:00,363.48,458.68,144.91,36.68,6.44
2023-08-11 18:00:00+03:00,150.8,258.8,81.32,34.33,6.71
2023-08-11 19:00:00+03:00,13.93,13.73,14.59,31.79,6.48
2023-08-11 20:00:00+03:00,0.0,0.0,0.0,29.97,5.94
2023-08-11 21:00:00+03:00,0.0,0.0,0.0,28.76,5.12
2023-08-11 22:00:00+03:00,0.0,0.0,0.0,27.87,4.3
2023-08-11 23:00:00+03:00,0.0,0.0,0.0,27.13,3.36
2023-08-12 00:00:00+03:00,0.0,0.0,0.0,26.37,2.62
2023-08-12 01:00:00+03:00,0.0,0.0,0.0,25.6,2.16
2023-08-12 02:00:00+03:00,0.0,0.0,0.0,24.98,2.01
2023-08-12 03:00:00+03:00,0.0,0.0,0.0,24.54,2.1
2023-08-12 04:00:00+03:00,0.0,0.0,0.0,24.59,2.74
2023-08-12 05:00:00+03:00,0.0,0.0,0.0,24.5,3.1
2023-08-12 06:00:00+03:00,14.98,14.11,17.57,24.59,3.49
2023-08-12 07:00:00+03:00,123.72,75.58,97.29,25.92,4.32
2023-08-12 08:00:00+03:00,280.75,141.31,217.8,27.69,4.36
2023-08-12 09:00:00+03:00,447.0,224.38,277.08,29.81,4.28
2023-08-12 10:00:00+03:00,660.42,219.85,439.63,32.14,4.27
2023-08-12 11:00:00+03:00,854.3,568.9,378.06,34.34,4.32
2023-08-12 12:00:00+03:00,940.97,698.96,250.86,36.23,4.46
2023-08-12 13:00:00+03:00,946.4,763.76,204.95,37.65,4.68
2023-08-12 14:00:00+03:00,861.28,642.96,259.88,38.49,5.1
2023-08-12 15:00:00+03:00,727.05,603.74,229.74,38.49,5.68
2023-08-12 16:00:00+03:00,549.95,525.29,204.48,37.6,6.28
2023-08-12 17:00:00+03:00,341.83,390.56,158.6,35.86,6.77
2023-08-12 18:00:00+03:00,141.23,190.35,90.98,33.41,7.07
2023-08-12 19:00:00+03:00,12.77,2.91,14.72,30.6,7.05
2023-08-12 20:00:00+03:00,0.0,0.0,0.0,28.43,6.9
2023-08-12 21:00:00+03:00,0.0,0.0,0.0,27.07,6.24
2023-08-12 22:00:00+03:00,0.0,0.0,0.0,26.36,5.23
2023-08-12 23:00:00+03:00,0.0,0.0,0.0,25.91,4.17
2023-08-13 00:00:00+03:00,0.0,0.0,0.0,25.54,3.26
2023-08-13 01:00:00+03:00,0.0,0.0,0.0,25.42,2.98
2023-08-13 02:00:00+03:00,0.0,0.0,0.0,25.27,2.54
2023-08-13 03:00:00+03:00,0.0,0.0,0.0,24.99,2.08
2023-08-13 04:00:00+03:00,0.0,0.0,0.0,24.6,1.85
2023-08-13 05:00:00+03:00,0.0,0.0,0.0,24.17,1.95
2023-08-13 06:00:00+03:00,13.57,1.61,16.72,24.3,2.6
2023-08-13 07:00:00+03:00,130.1,88.12,103.33,26.35,4.05
2023-08-13 08:00:00+03:00,298.3,142.02,223.84,28.47,4.03
2023-08-13 09:00:00+03:00,477.33,219.5,333.97,30.72,3.84
2023-08-13 10:00:00+03:00,605.55,134.39,448.88,33.08,3.67
2023-08-13 11:00:00+03:00,705.83,118.41,523.24,35.35,3.55
2023-08-13 12:00:00+03:00,849.6,333.8,480.79,37.17,3.48
2023-08-13 13:00:00+03:00,823.95,385.19,395.67,38.49,3.53
2023-08-13 14:00:00+03:00,779.1,338.72,400.76,39.25,3.82
2023-08-13 15:00:00+03:00,630.75,223.5,392.08,39.45,4.37
2023-08-13 16:00:00+03:00,495.02,346.24,245.88,38.89,5.15
2023-08-13 17:00:00+03:00,301.88,222.22,192.75,37.45,6.12
2023-08-13 18:00:00+03:00,118.47,86.01,92.77,35.05,7.1
2023-08-13 19:00:00+03:00,11.0,0.85,13.54,31.87,7.61
2023-08-13 20:00:00+03:00,0.0,0.0,0.0,29.26,7.46
2023-08-13 21:00:00+03:00,0.0,0.0,0.0,27.68,6.79
2023-08-13 22:00:00+03:00,0.0,0.0,0.0,26.78,6.0
2023-08-13 23:00:00+03:00,0.0,0.0,0.0,26.14,5.21
2023-08-14 00:00:00+03:00,0.0,0.0,0.0,25.63,4.33
2023-08-14 01:00:00+03:00,0.0,0.0,0.0,25.26,3.52
2023-08-14 02:00:00+03:00,0.0,0.0,0.0,24.93,3.1
2023-08-14 03:00:00+03:00,0.0,0.0,0.0,24.57,2.92
2023-08-14 04:00:00+03:00,0.0,0.0,0.0,24.22,2.87
2023-08-14 05:00:00+03:00,0.0,0.0,0.0,23.88,2.68
2023-08-14 06:00:00+03:00,11.9,0.39,13.85,23.69,2.96
2023-08-14 07:00:00+03:00,120.05,82.91,91.72,25.22,3.69
2023-08-14 08:00:00+03:00,296.2,206.16,193.67,27.51,4.06
2023-08-14 09:00:00+03:00,481.12,298.16,254.54,29.95,4.13
2023-08-14 10:00:00+03:00,630.8,229.25,400.03,32.55,4.12
2023-08-14 11:00:00+03:00,785.12,394.29,365.59,35.04,4.11
2023-08-14 12:00:00+03:00,907.1,569.56,324.71,37.19,4.03
2023-08-14 13:00:00+03:00,908.62,600.18,296.01,38.78,3.92
2023-08-14 14:00:00+03:00,832.17,554.79,289.39,39.81,4.08
2023-08-14 15:00:00+03:00,690.83,450.28,308.32,40.18,4.65
2023-08-14 16:00:00+03:00,514.03,374.88,253.29,39.75,5.57
2023-08-14 17:00:00+03:00,312.83,270.17,179.27,38.28,6.66
2023-08-14 18:00:00+03:00,124.18,111.43,92.43,35.53,7.79
2023-08-14 19:00:00+03:00,10.6,0.94,12.44,31.87,8.19
2023-08-14 20:00:00+03:00,0.0,0.0,0.0,29.24,7.68
2023-08-14 21:00:00+03:00,0.0,0.0,0.0,27.99,6.72
2023-08-14 22:00:00+03:00,0.0,0.0,0.0,27.29,5.87
2023-08-14 23:00:00+03:00,0.0,0.0,0.0,26.63,5.22
2023-08-15 00:00:00+03:00,0.0,0.0,0.0,25.98,4.62
2023-08-15 01:00:00+03:00,0.0,0.0,0.0,25.41,3.85
2023-08-15 02:00:00+03:00,0.0,0.0,0.0,24.85,3.2
2023-08-15 03:00:00+03:00,0.0,0.0,0.0,24.34,2.98
2023-08-15 04:00:00+03:00,0.0,0.0,0.0,23.87,2.92
2023-08-15 05:00:00+03:00,0.0,0.0,0.0,23.45,2.73
2023-08-15 06:00:00+03:00,12.65,1.8,15.58,23.27,2.9
2023-08-15 07:00:00+03:00,130.35,94.86,103.42,25.11,3.9
2023-08-15 08:00:00+03:00,322.67,240.96,206.98,27.6,4.51
2023-08-15 09:00:00+03:00,514.3,285.27,294.56,30.08,4.67
2023-08-15 10:00:00+03:00,658.83,286.1,433.54,32.82,4.87
2023-08-15 11:00:00+03:00,824.58,434.79,390.56,35.37,5.1
2023-08-15 12:00:00+03:00,930.22,629.42,296.1,37.23,5.29
2023-08-15 13:00:00+03:00,927.72,599.76,321.94,38.42,5.5
2023-08-15 14:00:00+03:00,853.25,598.82,275.99,38.99,5.89
2023-08-15 15:00:00+03:00,707.85,488.83,298.51,38.69,6.47
2023-08-15 16:00:00+03:00,526.5,407.95,247.4,37.44,7.1
2023-08-15 17:00:00+03:00,318.23,290.36,177.25,35.31,7.48
2023-08-15 18:00:00+03:00,123.45,115.9,92.95,32.78,7.46
2023-08-15 19:00:00+03:00,10.1,1.02,11.44,30.3,6.87
2023-08-15 20:00:00+03:00,0.0,0.0,0.0,28.63,6.3
2023-08-15 21:00:00+03:00,0.0,0.0,0.0,27.44,5.81
2023-08-15 22:00:00+03:00,0.0,0.0,0.0,26.48,5.16
2023-08-15 23:00:00+03:00,0.0,0.0,0.0,25.7,4.47
2023-08-16 00:00:00+03:00,0.0,0.0,0.0,25.08,3.93
2023-08-16 01:00:00+03:00,0.0,0.0,0.0,24.55,3.75
2023-08-16 02:00:00+03:00,0.0,0.0,0.0,24.31,3.9
2023-08-16 03:00:00+03:00,0.0,0.0,0.0,24.23,4.02
2023-08-16 04:00:00+03:00,0.0,0.0,0.0,24.12,3.84
2023-08-16 05:00:00+03:00,0.0,0.0,0.0,24.02,3.57
2023-08-16 06:00:00+03:00,12.38,1.7,13.93,24.09,3.48
2023-08-16 07:00:00+03:00,134.65,138.26,99.15,25.41,4.3
2023-08-16 08:00:00+03:00,336.65,327.07,178.23,27.45,4.51
2023-08-16 09:00:00+03:00,533.83,420.02,236.32,29.86,4.45
2023-08-16 10:00:00+03:00,632.25,142.27,470.48,32.46,4.5
2023-08-16 11:00:00+03:00,765.38,204.33,548.58,34.91,4.61
2023-08-16 12:00:00+03:00,916.4,679.31,397.55,36.94,4.7
2023-08-16 13:00:00+03:00,917.35,607.17,353.4,38.42,4.79
2023-08-16 14:00:00+03:00,831.75,612.91,260.78,39.36,5.04
2023-08-16 15:00:00+03:00,711.45,519.05,309.71,39.55,5.52
2023-08-16 16:00:00+03:00,537.78,484.6,201.78,38.97,6.24
2023-08-16 17:00:00+03:00,329.48,348.37,169.89,37.35,6.97
2023-08-16 18:00:00+03:00,128.4,158.02,85.56,34.6,7.39
2023-08-16 19:00:00+03:00,9.77,1.23,12.61,31.39,7.17
2023-08-16 20:00:00+03:00,0.0,0.0,0.0,29.11,6.62
2023-08-16 21:00:00+03:00,0.0,0.0,0.0,27.64,5.82
2023-08-16 22:00:00+03:00,0.0,0.0,0.0,26.6,4.98
2023-08-16 23:00:00+03:00,0.0,0.0,0.0,25.72,4.36
2023-08-17 00:00:00+03:00,0.0,0.0,0.0,25.22,4.02
2023-08-17 01:00:00+03:00,0.0,0.0,0.0,24.95,3.66
2023-08-17 02:00:00+03:00,0.0,0.0,0.0,24.69,3.27
2023-08-17 03:00:00+03:00,0.0,0.0,0.0,24.35,2.81
2023-08-17 04:00:00+03:00,0.0,0.0,0.0,23.98,2.3
2023-08-17 05:00:00+03:00,0.0,0.0,0.0,23.59,1.96
2023-08-17 06:00:00+03:00,12.3,2.09,15.03,23.59,2.19
2023-08-17 07:00:00+03:00,131.52,106.16,103.03,25.38,3.27
2023-08-17 08:00:00+03:00,333.95,267.72,211.59,27.57,3.35
2023-08-17 09:00:00+03:00,542.75,369.99,289.49,30.11,3.3
2023-08-17 10:00:00+03:00,658.38,162.14,487.1,32.83,3.33
2023-08-17 11:00:00+03:00,811.3,326.38,512.06,35.46,3.36
2023-08-17 12:00:00+03:00,940.3,664.55,290.75,37.7,3.35
2023-08-17 13:00:00+03:00,933.28,738.44,211.62,39.42,3.38
2023-08-17 14:00:00+03:00,869.3,664.87,259.31,40.6,3.64
2023-08-17 15:00:00+03:00,735.9,634.82,232.59,41.2,4.22
2023-08-17 16:00:00+03:00,557.8,553.07,204.05,41.0,5.18
2023-08-17 17:00:00+03:00,345.8,440.71,148.56,39.79,6.44
2023-08-17 18:00:00+03:00,134.43,229.32,76.43,37.07,7.66
2023-08-17 19:00:00+03:00,9.57,2.63,12.22,33.29,7.95
2023-08-17 20:00:00+03:00,0.0,0.0,0.0,30.59,7.2
2023-08-17 21:00:00+03:00,0.0,0.0,0.0,29.37,5.66
2023-08-17 22:00:00+03:00,0.0,0.0,0.0,28.72,4.39
2023-08-17 23:00:00+03:00,0.0,0.0,0.0,28.09,3.81
2023-08-18 00:00:00+03:00,0.0,0.0,0.0,27.41,3.14
2023-08-18 01:00:00+03:00,0.0,0.0,0.0,26.67,2.72
2023-08-18 02:00:00+03:00,0.0,0.0,0.0,25.96,2.6
2023-08-18 03:00:00+03:00,0.0,0.0,0.0,25.29,2.47
2023-08-18 04:00:00+03:00,0.0,0.0,0.0,24.67,2.29
2023-08-18 05:00:00+03:00,0.0,0.0,0.0,24.1,2.1
2023-08-18 06:00:00+03:00,11.65,2.82,14.45,23.9,2.47
2023-08-18 07:00:00+03:00,131.6,124.95,93.4,25.83,3.05
2023-08-18 08:00:00+03:00,297.73,203.94,199.77,28.4,2.92
2023-08-18 09:00:00+03:00,479.05,227.14,284.09,30.86,2.83
2023-08-18 10:00:00+03:00,680.88,345.78,420.44,33.53,2.76
2023-08-18 11:00:00+03:00,832.67,592.71,273.7,36.09,2.67
2023-08-18 12:00:00+03:00,924.75,690.19,254.39,38.18,2.45
2023-08-18 13:00:00+03:00,950.15,787.78,190.25,39.57,2.23
2023-08-18 14:00:00+03:00,853.9,705.04,228.78,40.4,2.18
2023-08-18 15:00:00+03:00,719.9,653.47,195.32,40.74,2.3
2023-08-18 16:00:00+03:00,566.47,643.67,155.57,40.48,2.57
2023-08-18 17:00:00+03:00,329.67,508.41,113.7,39.58,2.97
2023-08-18 18:00:00+03:00,133.85,299.74,72.18,37.95,3.37
2023-08-18 19:00:00+03:00,8.77,6.35,12.49,34.09,3.38
2023-08-18 20:00:00+03:00,0.0,0.0,0.0,32.38,5.38
2023-08-18 21:00:00+03:00,0.0,0.0,0.0,29.85,6.07
2023-08-18 22:00:00+03:00,0.0,0.0,0.0,28.0,5.29
2023-08-18 23:00:00+03:00,0.0,0.0,0.0,27.17,3.82
2023-08-19 00:00:00+03:00,0.0,0.0,0.0,26.5,2.46
2023-08-19 01:00:00+03:00,0.0,0.0,0.0,25.79,1.59
2023-08-19 02:00:00+03:00,0.0,0.0,0.0,25.11,1.38
2023-08-19 03:00:00+03:00,0.0,0.0,0.0,24.47,1.32
2023-08-19 04:00:00+03:00,0.0,0.0,0.0,23.89,1.28
2023-08-19 05:00:00+03:00,0.0,0.0,0.0,23.34,1.26
2023-08-19 06:00:00+03:00,12.7,10.8,15.77,23.1,1.4
2023-08-19 07:00:00+03:00,147.7,217.9,100.74,24.93,2.28
2023-08-19 08:00:00+03:00,327.2,276.29,202.38,27.41,2.65
2023-08-19 09:00:00+03:00,511.83,296.88,301.18,29.9,2.75
2023-08-19 10:00:00+03:00,701.9,416.17,337.35,32.38,2.75
2023-08-19 11:00:00+03:00,870.45,709.06,225.98,34.85,2.86
2023-08-19 12:00:00+03:00,930.9,696.91,252.97,37.09,2.91
2023-08-19 13:00:00+03:00,952.28,775.51,193.16,38.92,2.99
2023-08-19 14:00:00+03:00,877.55,794.79,159.55,40.19,3.23
2023-08-19 15:00:00+03:00,730.55,713.96,184.32,40.8,3.71
2023-08-19 16:00:00+03:00,560.9,643.59,157.47,40.73,4.46
2023-08-19 17:00:00+03:00,352.67,547.04,124.76,39.76,5.56
2023-08-19 18:00:00+03:00,144.45,338.54,68.68,37.44,6.71
2023-08-19 19:00:00+03:00,8.88,12.29,10.53,33.34,7.24
2023-08-19 20:00:00+03:00,0.0,0.0,0.0,29.79,7.12
2023-08-19 21:00:00+03:00,0.0,0.0,0.0,27.57,6.11
2023-08-19 22:00:00+03:00,0.0,0.0,0.0,26.47,4.53
2023-08-19 23:00:00+03:00,0.0,0.0,0.0,25.68,3.08
2023-08-20 00:00:00+03:00,0.0,0.0,0.0,24.83,1.79
2023-08-20 01:00:00+03:00,0.0,0.0,0.0,24.05,1.51
2023-08-20 02:00:00+03:00,0.0,0.0,0.0,23.45,1.52
2023-08-20 03:00:00+03:00,0.0,0.0,0.0,23.03,1.45
2023-08-20 04:00:00+03:00,0.0,0.0,0.0,22.78,1.34
2023-08-20 05:00:00+03:00,0.0,0.0,0.0,22.58,1.28
2023-08-20 06:00:00+03:00,12.98,27.15,14.93,22.45,1.27
2023-08-20 07:00:00+03:00,153.65,296.15,96.61,24.58,2.34
2023-08-20 08:00:00+03:00,338.05,313.76,213.15,26.84,3.15
2023-08-20 09:00:00+03:00,525.58,343.97,316.94,29.38,3.6
2023-08-20 10:00:00+03:00,693.7,311.88,417.64,31.96,3.79
2023-08-20 11:00:00+03:00,860.7,622.17,302.38,34.37,3.78
2023-08-20 12:00:00+03:00,940.58,693.75,280.96,36.37,3.72
2023-08-20 13:00:00+03:00,943.62,739.22,253.66,37.92,3.7
2023-08-20 14:00:00+03:00,893.22,818.87,162.4,38.91,3.83
2023-08-20 15:00:00+03:00,749.17,768.71,156.5,39.3,4.14
2023-08-20 16:00:00+03:00,574.35,738.77,120.09,39.02,4.68
2023-08-20 17:00:00+03:00,362.75,616.44,97.95,37.89,5.43
2023-08-20 18:00:00+03:00,148.55,414.49,59.97,35.76,6.33
2023-08-20 19:00:00+03:00,8.5,19.92,9.2,32.5,6.84
2023-08-20 20:00:00+03:00,0.0,0.0,0.0,29.73,7.1
2023-08-20 21:00:00+03:00,0.0,0.0,0.0,28.02,6.3
2023-08-20 22:00:00+03:00,0.0,0.0,0.0,27.13,5.02
2023-08-20 23:00:00+03:00,0.0,0.0,0.0,26.46,3.88
2023-08-21 00:00:00+03:00,0.0,0.0,0.0,25.78,3.06
2023-08-21 01:00:00+03:00,0.0,0.0,0.0,24.99,2.24
2023-08-21 02:00:00+03:00,0.0,0.0,0.0,24.3,1.81
2023-08-21 03:00:00+03:00,0.0,0.0,0.0,23.89,1.68
2023-08-21 04:00:00+03:00,0.0,0.0,0.0,23.83,1.61
2023-08-21 05:00:00+03:00,0.0,0.0,0.0,23.59,1.43
2023-08-21 06:00:00+03:00,11.7,18.4,14.08,23.55,1.58
2023-08-21 07:00:00+03:00,146.8,254.5,87.59,25.4,2.53
2023-08-21 08:00:00+03:00,338.73,372.8,170.43,27.48,2.72
2023-08-21 09:00:00+03:00,530.75,389.58,260.05,29.65,2.82
2023-08-21 10:00:00+03:00,668.35,261.65,427.47,32.08,3.11
2023-08-21 11:00:00+03:00,813.3,330.78,477.54,34.5,3.48
2023-08-21 12:00:00+03:00,942.78,694.93,290.2,36.52,3.71
2023-08-21 13:00:00+03:00,949.92,725.33,257.26,37.99,3.89
2023-08-21 14:00:00+03:00,886.7,772.08,188.87,38.89,4.17
2023-08-21 15:00:00+03:00,733.67,637.95,225.6,39.04,4.65
2023-08-21 16:00:00+03:00,564.6,656.94,150.37,38.41,5.32
2023-08-21 17:00:00+03:00,349.33,562.02,109.4,36.84,6.04
2023-08-21 18:00:00+03:00,141.1,364.26,63.53,34.27,6.76
2023-08-21 19:00:00+03:00,7.6,12.85,8.68,30.99,6.81
2023-08-21 20:00:00+03:00,0.0,0.0,0.0,28.53,6.4
2023-08-21 21:00:00+03:00,0.0,0.0,0.0,27.07,5.37
2023-08-21 22:00:00+03:00,0.0,0.0,0.0,26.17,4.02
2023-08-21 23:00:00+03:00,0.0,0.0,0.0,25.44,2.74
2023-08-22 00:00:00+03:00,0.0,0.0,0.0,24.71,1.83
2023-08-22 01:00:00+03:00,0.0,0.0,0.0,24.09,1.66
2023-08-22 02:00:00+03:00,0.0,0.0,0.0,23.56,1.67
2023-08-22 03:00:00+03:00,0.0,0.0,0.0,23.18,1.65
2023-08-22 04:00:00+03:00,0.0,0.0,0.0,22.91,1.57
2023-08-22 05:00:00+03:00,0.0,0.0,0.0,22.75,1.44
2023-08-22 06:00:00+03:00,11.7,27.85,11.6,22.73,1.33
2023-08-22 07:00:00+03:00,158.23,395.92,65.5,25.09,2.31
2023-08-22 08:00:00+03:00,372.38,572.27,120.99,27.3,3.07
2023-08-22 09:00:00+03:00,580.53,671.6,152.73,29.59,3.31
2023-08-22 10:00:00+03:00,730.53,505.65,346.18,32.09,3.54
2023-08-22 11:00:00+03:00,873.67,692.65,263.0,34.57,3.83
2023-08-22 12:00:00+03:00,938.33,719.21,234.75,36.65,3.99
2023-08-22 13:00:00+03:00,942.03,790.23,189.43,38.27,4.06
2023-08-22 14:00:00+03:00,863.65,724.75,215.67,39.27,4.25
2023-08-22 15:00:00+03:00,736.4,716.04,175.99,39.54,4.64
2023-08-22 16:00:00+03:00,556.47,657.32,145.05,39.09,5.18
2023-08-22 17:00:00+03:00,342.95,523.11,121.83,37.74,5.82
2023-08-22 18:00:00+03:00,131.23,288.7,74.46,35.31,6.52
2023-08-22 19:00:00+03:00,6.68,5.54,10.04,31.92,6.65
2023-08-22 20:00:00+03:00,0.0,0.0,0.0,29.35,6.42
2023-08-22 21:00:00+03:00,0.0,0.0,0.0,27.71,5.51
2023-08-22 22:00:00+03:00,0.0,0.0,0.0,26.73,4.1
2023-08-22 23:00:00+03:00,0.0,0.0,0.0,25.97,2.63
2023-08-23 00:00:00+03:00,0.0,0.0,0.0,25.22,1.62
2023-08-23 01:00:00+03:00,0.0,0.0,0.0,24.57,1.45
2023-08-23 02:00:00+03:00,0.0,0.0,0.0,23.97,1.41
2023-08-23 03:00:00+03:00,0.0,0.0,0.0,23.43,1.37
2023-08-23 04:00:00+03:00,0.0,0.0,0.0,23.03,1.27
2023-08-23 05:00:00+03:00,0.0,0.0,0.0,22.76,1.08
2023-08-23 06:00:00+03:00,10.98,22.84,13.69,22.52,0.99
2023-08-23 07:00:00+03:00,148.02,280.85,78.55,24.35,1.58
2023-08-23 08:00:00+03:00,361.08,471.37,164.25,26.77,2.08
2023-08-23 09:00:00+03:00,575.0,562.99,238.51,29.69,2.57
2023-08-23 10:00:00+03:00,743.53,612.69,304.48,32.41,2.96
2023-08-23 11:00:00+03:00,899.83,827.06,164.64,34.75,3.16
2023-08-23 12:00:00+03:00,962.25,857.52,154.35,36.81,3.29
2023-08-23 13:00:00+03:00,959.62,878.61,131.91,38.53,3.39
2023-08-23 14:00:00+03:00,886.88,836.32,146.41,39.69,3.6
2023-08-23 15:00:00+03:00,746.5,782.52,144.44,40.21,3.94
2023-08-23 16:00:00+03:00,569.75,746.68,115.76,40.0,4.5
2023-08-23 17:00:00+03:00,352.15,604.03,100.61,38.89,5.34
2023-08-23 18:00:00+03:00,133.35,329.25,64.73,36.37,6.24
2023-08-23 19:00:00+03:00,6.35,8.69,9.35,32.44,6.59
2023-08-23 20:00:00+03:00,0.0,0.0,0.0,29.35,6.45
2023-08-23 21:00:00+03:00,0.0,0.0,0.0,27.39,5.72
2023-08-23 22:00:00+03:00,0.0,0.0,0.0,26.27,4.25
2023-08-23 23:00:00+03:00,0.0,0.0,0.0,25.31,2.75
2023-08-24 00:00:00+03:00,0.0,0.0,0.0,24.25,1.78
2023-08-24 01:00:00+03:00,0.0,0.0,0.0,23.33,1.57
2023-08-24 02:00:00+03:00,0.0,0.0,0.0,22.66,1.5
2023-08-24 03:00:00+03:00,0.0,0.0,0.0,22.14,1.41
2023-08-24 04:00:00+03:00,0.0,0.0,0.0,21.7,1.34
2023-08-24 05:00:00+03:00,0.0,0.0,0.0,21.34,1.28
2023-08-24 06:00:00+03:00,11.35,23.03,13.62,21.32,1.14
2023-08-24 07:00:00+03:00,155.02,287.09,84.32,23.49,1.58
2023-08-24 08:00:00+03:00,352.65,447.14,170.7,26.13,1.98
2023-08-24 09:00:00+03:00,548.5,446.43,277.13,29.18,2.24
2023-08-24 10:00:00+03:00,719.1,556.76,292.56,32.55,2.62
2023-08-24 11:00:00+03:00,892.88,829.51,157.53,35.99,3.23
2023-08-24 12:00:00+03:00,965.78,903.4,118.56,38.9,3.79
2023-08-24 13:00:00+03:00,960.05,885.42,130.17,40.63,4.16
2023-08-24 14:00:00+03:00,887.3,869.31,124.08,41.43,4.64
2023-08-24 15:00:00+03:00,753.22,830.92,117.75,41.43,5.38
2023-08-24 16:00:00+03:00,568.67,751.54,112.4,40.52,6.36
2023-08-24 17:00:00+03:00,350.7,616.25,97.41,38.47,7.29
2023-08-24 18:00:00+03:00,134.48,392.44,54.49,35.35,7.58
2023-08-24 19:00:00+03:00,5.82,9.78,7.98,31.97,6.57
2023-08-24 20:00:00+03:00,0.0,0.0,0.0,29.82,5.12
2023-08-24 21:00:00+03:00,0.0,0.0,0.0,28.32,3.92
2023-08-24 22:00:00+03:00,0.0,0.0,0.0,26.92,2.55
2023-08-24 23:00:00+03:00,0.0,0.0,0.0,25.67,1.72
2023-08-25 00:00:00+03:00,0.0,0.0,0.0,24.68,1.49
2023-08-25 01:00:00+03:00,0.0,0.0,0.0,23.97,1.36
2023-08-25 02:00:00+03:00,0.0,0.0,0.0,23.47,1.22
2023-08-25 03:00:00+03:00,0.0,0.0,0.0,23.0,1.19
2023-08-25 04:00:00+03:00,0.0,0.0,0.0,22.53,1.22
2023-08-25 05:00:00+03:00,0.0,0.0,0.0,22.2,1.23
2023-08-25 06:00:00+03:00,9.95,11.27,12.63,22.11,1.16
2023-08-25 07:00:00+03:00,137.1,223.52,89.34,24.23,1.6
2023-08-25 08:00:00+03:00,316.6,283.11,198.2,26.67,2.02
2023-08-25 09:00:00+03:00,499.17,263.01,312.68,29.57,2.21
2023-08-25 10:00:00+03:00,695.8,339.51,447.2,33.19,2.9
2023-08-25 11:00:00+03:00,850.28,642.13,292.12,36.72,3.93
2023-08-25 12:00:00+03:00,949.78,848.3,154.26,38.89,4.47
2023-08-25 13:00:00+03:00,943.53,845.23,158.24,40.44,5.01
2023-08-25 14:00:00+03:00,875.25,829.84,151.47,41.41,5.7
2023-08-25 15:00:00+03:00,719.9,709.85,177.07,41.6,6.5
2023-08-25 16:00:00+03:00,548.42,682.11,133.17,40.84,7.23
2023-08-25 17:00:00+03:00,335.25,572.15,100.68,38.97,7.53
2023-08-25 18:00:00+03:00,124.55,341.49,57.98,36.37,6.87
2023-08-25 19:00:00+03:00,4.9,6.61,6.9,32.84,4.85
2023-08-25 20:00:00+03:00,0.0,0.0,0.0,30.68,4.02
2023-08-25 21:00:00+03:00,0.0,0.0,0.0,28.93,3.04
2023-08-25 22:00:00+03:00,0.0,0.0,0.0,27.59,2.46
2023-08-25 23:00:00+03:00,0.0,0.0,0.0,26.49,2.15
2023-08-26 00:00:00+03:00,0.0,0.0,0.0,25.58,1.95
2023-08-26 01:00:00+03:00,0.0,0.0,0.0,24.79,1.81
2023-08-26 02:00:00+03:00,0.0,0.0,0.0,24.09,1.72
2023-08-26 03:00:00+03:00,0.0,0.0,0.0,23.48,1.65
2023-08-26 04:00:00+03:00,0.0,0.0,0.0,22.94,1.52
2023-08-26 05:00:00+03:00,0.0,0.0,0.0,22.58,1.35
2023-08-26 06:00:00+03:00,9.1,11.47,11.77,22.48,1.3
2023-08-26 07:00:00+03:00,131.9,225.97,82.41,24.66,1.9
2023-08-26 08:00:00+03:00,325.77,329.26,202.46,27.31,2.64
2023-08-26 09:00:00+03:00,508.42,247.84,339.76,30.93,3.84
2023-08-26 10:00:00+03:00,727.95,658.3,267.79,34.18,4.82
2023-08-26 11:00:00+03:00,881.05,818.25,150.85,36.94,5.81
2023-08-26 12:00:00+03:00,936.58,833.14,155.25,39.11,6.62
2023-08-26 13:00:00+03:00,937.1,852.74,135.91,40.68,7.42
2023-08-26 14:00:00+03:00,862.45,820.89,146.03,41.42,8.2
2023-08-26 15:00:00+03:00,730.7,794.62,125.11,41.08,8.69
2023-08-26 16:00:00+03:00,547.3,730.96,108.89,39.99,8.7
2023-08-26 17:00:00+03:00,334.17,598.3,93.94,38.48,8.21
2023-08-26 18:00:00+03:00,121.03,353.27,57.05,36.53,7.05
2023-08-26 19:00:00+03:00,4.32,8.41,6.18,33.57,4.66
2023-08-26 20:00:00+03:00,0.0,0.0,0.0,31.61,3.78
2023-08-26 21:00:00+03:00,0.0,0.0,0.0,30.14,3.04
2023-08-26 22:00:00+03:00,0.0,0.0,0.0,28.86,2.42
2023-08-26 23:00:00+03:00,0.0,0.0,0.0,27.84,2.06
2023-08-27 00:00:00+03:00,0.0,0.0,0.0,27.09,1.67
2023-08-27 01:00:00+03:00,0.0,0.0,0.0,26.67,1.12
2023-08-27 02:00:00+03:00,0.0,0.0,0.0,26.35,0.71
2023-08-27 03:00:00+03:00,0.0,0.0,0.0,25.7,0.88
2023-08-27 04:00:00+03:00,0.0,0.0,0.0,24.93,1.25
2023-08-27 05:00:00+03:00,0.0,0.0,0.0,24.06,1.69
2023-08-27 06:00:00+03:00,8.65,12.36,11.18,23.67,1.89
2023-08-27 07:00:00+03:00,130.38,228.35,84.11,26.06,2.68
2023-08-27 08:00:00+03:00,308.02,255.15,195.4,29.35,2.94
2023-08-27 09:00:00+03:00,488.25,225.04,330.81,32.77,3.48
2023-08-27 10:00:00+03:00,699.7,470.14,332.43,35.77,4.4
2023-08-27 11:00:00+03:00,866.38,833.76,140.19,38.11,5.29
2023-08-27 12:00:00+03:00,922.5,819.12,151.1,39.67,5.8
2023-08-27 13:00:00+03:00,916.6,813.4,149.22,40.71,6.09
2023-08-27 14:00:00+03:00,841.5,790.35,147.1,41.23,6.3
2023-08-27 15:00:00+03:00,702.67,720.93,152.99,41.13,6.49
2023-08-27 16:00:00+03:00,522.38,651.87,127.78,40.44,6.58
2023-08-27 17:00:00+03:00,310.27,506.69,107.98,39.02,6.57
2023-08-27 18:00:00+03:00,109.3,279.16,59.8,36.85,6.39
2023-08-27 19:00:00+03:00,3.58,4.71,5.23,33.89,5.86
2023-08-27 20:00:00+03:00,0.0,0.0,0.0,31.69,6.01
2023-08-27 21:00:00+03:00,0.0,0.0,0.0,29.95,5.12
2023-08-27 22:00:00+03:00,0.0,0.0,0.0,28.67,3.59
2023-08-27 23:00:00+03:00,0.0,0.0,0.0,27.65,2.11
2023-08-28 00:00:00+03:00,0.0,0.0,0.0,26.86,1.5
2023-08-28 01:00:00+03:00,0.0,0.0,0.0,26.32,1.2
2023-08-28 02:00:00+03:00,0.0,0.0,0.0,26.01,0.9
2023-08-28 03:00:00+03:00,0.0,0.0,0.0,25.65,0.82
2023-08-28 04:00:00+03:00,0.0,0.0,0.0,25.29,0.84
2023-08-28 05:00:00+03:00,0.0,0.0,0.0,24.81,1.03
2023-08-28 06:00:00+03:00,7.9,5.03,9.91,24.25,1.38
2023-08-28 07:00:00+03:00,127.32,212.99,79.49,26.22,2.37
2023-08-28 08:00:00+03:00,318.15,363.06,159.25,29.0,3.24
2023-08-28 09:00:00+03:00,512.08,451.68,225.49,31.74,3.82
2023-08-28 10:00:00+03:00,711.5,614.6,213.21,34.24,4.29
2023-08-28 11:00:00+03:00,835.7,673.0,230.96,36.41,4.76
2023-08-28 12:00:00+03:00,904.9,708.16,230.87,38.03,5.01
2023-08-28 13:00:00+03:00,902.7,748.18,195.08,39.07,5.14
2023-08-28 14:00:00+03:00,822.72,696.95,211.83,39.64,5.38
2023-08-28 15:00:00+03:00,689.25,663.63,177.6,39.64,5.84
2023-08-28 16:00:00+03:00,509.7,599.59,137.74,39.08,6.52
2023-08-28 17:00:00+03:00,298.9,441.21,119.8,37.68,7.24
2023-08-28 18:00:00+03:00,99.25,204.66,58.78,35.32,7.64
2023-08-28 19:00:00+03:00,3.08,1.71,4.5,32.49,6.89
2023-08-28 20:00:00+03:00,0.0,0.0,0.0,30.48,5.16
2023-08-28 21:00:00+03:00,0.0,0.0,0.0,28.94,3.45
2023-08-28 22:00:00+03:00,0.0,0.0,0.0,27.52,2.21
2023-08-28 23:00:00+03:00,0.0,0.0,0.0,26.34,1.74
2023-08-29 00:00:00+03:00,0.0,0.0,0.0,25.44,1.64
2023-08-29 01:00:00+03:00,0.0,0.0,0.0,24.77,1.62
2023-08-29 02:00:00+03:00,0.0,0.0,0.0,24.2,1.69
2023-08-29 03:00:00+03:00,0.0,0.0,0.0,23.69,1.82
2023-08-29 04:00:00+03:00,0.0,0.0,0.0,23.28,1.95
2023-08-29 05:00:00+03:00,0.0,0.0,0.0,23.01,2.02
2023-08-29 06:00:00+03:00,7.6,6.56,9.54,23.01,2.32
2023-08-29 07:00:00+03:00,127.38,242.54,74.95,24.9,3.75
2023-08-29 08:00:00+03:00,318.73,409.73,139.33,27.31,4.1
2023-08-29 09:00:00+03:00,515.45,512.89,187.62,29.69,4.25
2023-08-29 10:00:00+03:00,674.8,453.19,305.36,32.28,4.41
2023-08-29 11:00:00+03:00,818.62,550.21,332.25,34.72,4.47
2023-08-29 12:00:00+03:00,887.97,582.71,332.59,36.7,4.47
2023-08-29 13:00:00+03:00,911.3,756.11,207.16,38.19,4.56
2023-08-29 14:00:00+03:00,821.55,684.16,228.9,39.14,4.86
2023-08-29 15:00:00+03:00,691.33,696.82,178.95,39.39,5.39
2023-08-29 16:00:00+03:00,521.8,634.99,144.93,39.0,6.09
2023-08-29 17:00:00+03:00,308.62,503.09,118.44,37.76,6.79
2023-08-29 18:00:00+03:00,112.72,273.48,60.78,35.5,6.99
2023-08-29 19:00:00+03:00,0.0,0.0,0.0,32.52,5.8
2023-08-29 20:00:00+03:00,0.0,0.0,0.0,30.25,4.23
2023-08-29 21:00:00+03:00,0.0,0.0,0.0,28.33,2.81
2023-08-29 22:00:00+03:00,0.0,0.0,0.0,26.82,2.19
2023-08-29 23:00:00+03:00,0.0,0.0,0.0,25.58,1.95
2023-08-30 00:00:00+03:00,0.0,0.0,0.0,24.63,1.78
2023-08-30 01:00:00+03:00,0.0,0.0,0.0,23.99,1.6
2023-08-30 02:00:00+03:00,0.0,0.0,0.0,23.5,1.49
2023-08-30 03:00:00+03:00,0.0,0.0,0.0,23.04,1.39
2023-08-30 04:00:00+03:00,0.0,0.0,0.0,22.68,1.29
2023-08-30 05:00:00+03:00,0.0,0.0,0.0,22.35,1.18
2023-08-30 06:00:00+03:00,8.2,14.58,9.63,22.01,1.17
2023-08-30 07:00:00+03:00,143.9,370.71,64.17,23.88,1.33
2023-08-30 08:00:00+03:00,353.12,585.37,107.58,26.46,1.17
2023-08-30 09:00:00+03:00,576.3,744.66,119.3,29.38,1.25
2023-08-30 10:00:00+03:00,749.9,785.89,143.01,33.16,1.97
2023-08-30 11:00:00+03:00,879.95,846.2,134.49,36.67,2.34
2023-08-30 12:00:00+03:00,940.3,858.44,137.21,38.56,2.31
2023-08-30 13:00:00+03:00,932.0,845.5,144.2,39.94,2.55
2023-08-30 14:00:00+03:00,854.2,801.71,156.66,40.81,3.03
2023-08-30 15:00:00+03:00,714.75,735.94,159.5,41.08,3.74
2023-08-30 16:00:00+03:00,524.55,631.52,145.99,40.74,4.67
2023-08-30 17:00:00+03:00,296.12,454.11,116.68,39.55,5.66
2023-08-30 18:00:00+03:00,102.38,175.36,68.38,37.17,6.1
2023-08-30 19:00:00+03:00,0.0,0.0,0.0,33.7,5.92
2023-08-30 20:00:00+03:00,0.0,0.0,0.0,31.21,5.71
2023-08-30 21:00:00+03:00,0.0,0.0,0.0,29.37,4.62
2023-08-30 22:00:00+03:00,0.0,0.0,0.0,28.01,3.3
2023-08-30 23:00:00+03:00,0.0,0.0,0.0,26.81,2.23
2023-08-31 00:00:00+03:00,0.0,0.0,0.0,25.84,1.9
2023-08-31 01:00:00+03:00,0.0,0.0,0.0,25.11,1.88
2023-08-31 02:00:00+03:00,0.0,0.0,0.0,24.52,1.83
2023-08-31 03:00:00+03:00,0.0,0.0,0.0,24.09,1.77
2023-08-31 04:00:00+03:00,0.0,0.0,0.0,23.69,1.77
2023-08-31 05:00:00+03:00,0.0,0.0,0.0,23.33,1.79
2023-08-31 06:00:00+03:00,6.7,0.58,9.34,23.16,1.71
2023-08-31 07:00:00+03:00,111.25,113.62,88.89,25.42,2.16
2023-08-31 08:00:00+03:00,300.12,248.02,192.82,28.34,2.74
2023-08-31 09:00:00+03:00,518.45,358.91,277.25,31.43,3.03
2023-08-31 10:00:00+03:00,700.83,486.33,352.74,34.54,3.28
2023-08-31 11:00:00+03:00,849.58,704.41,208.34,37.35,3.55
2023-08-31 12:00:00+03:00,913.62,735.8,209.75,39.58,3.67
2023-08-31 13:00:00+03:00,908.72,692.47,241.46,40.91,3.71
2023-08-31 14:00:00+03:00,833.1,687.4,223.47,41.56,3.88
2023-08-31 15:00:00+03:00,687.88,580.45,241.05,41.55,4.25
2023-08-31 16:00:00+03:00,504.58,544.15,176.44,40.92,4.91
2023-08-31 17:00:00+03:00,289.45,350.67,142.26,39.47,5.94
2023-08-31 18:00:00+03:00,92.65,112.01,66.62,36.81,7.21
2023-08-31 19:00:00+03:00,0.0,0.0,0.0,33.21,7.66
2023-08-31 20:00:00+03:00,0.0,0.0,0.0,30.44,7.53
2023-08-31 21:00:00+03:00,0.0,0.0,0.0,28.7,6.77
2023-08-31 22:00:00+03:00,0.0,0.0,0.0,27.7,6.06
2023-08-31 23:00:00+03:00,0.0,0.0,0.0,27.02,5.4
2023-09-01 00:00:00+03:00,0.0,0.0,0.0,26.51,4.75
2023-09-01 01:00:00+03:00,0.0,0.0,0.0,26.13,4.06
2023-09-01 02:00:00+03:00,0.0,0.0,0.0,25.76,3.51
2023-09-01 03:00:00+03:00,0.0,0.0,0.0,25.38,3.11
2023-09-01 04:00:00+03:00,0.0,0.0,0.0,24.98,2.73
2023-09-01 05:00:00+03:00,0.0,0.0,0.0,24.61,2.44
2023-09-01 06:00:00+03:00,7.47,5.85,9.28,24.41,2.41
2023-09-01 07:00:00+03:00,135.73,300.27,71.79,25.85,3.81
2023-09-01 08:00:00+03:00,353.9,535.29,127.46,27.75,3.72
2023-09-01 09:00:00+03:00,566.45,649.35,161.84,30.08,3.45
2023-09-01 10:00:00+03:00,758.92,798.12,142.82,32.58,3.26
2023-09-01 11:00:00+03:00,883.6,816.3,167.15,34.99,3.09
2023-09-01 12:00:00+03:00,940.2,802.77,187.56,36.91,2.99
2023-09-01 13:00:00+03:00,933.95,802.26,186.48,38.21,3.0
2023-09-01 14:00:00+03:00,856.6,800.06,167.0,38.96,3.33
2023-09-01 15:00:00+03:00,715.0,655.96,208.95,39.1,4.04
2023-09-01 16:00:00+03:00,528.1,661.39,138.64,38.45,5.16
2023-09-01 17:00:00+03:00,304.08,449.3,125.72,36.74,6.46
2023-09-01 18:00:00+03:00,99.32,185.8,61.51,33.77,7.5
2023-09-01 19:00:00+03:00,0.0,0.0,0.0,30.24,7.78
2023-09-01 20:00:00+03:00,0.0,0.0,0.0,27.66,7.27
2023-09-01 21:00:00+03:00,0.0,0.0,0.0,26.23,5.99
2023-09-01 22:00:00+03:00,0.0,0.0,0.0,25.5,4.58
2023-09-01 23:00:00+03:00,0.0,0.0,0.0,24.81,3.34
2023-09-02 00:00:00+03:00,0.0,0.0,0.0,24.05,2.38
2023-09-02 01:00:00+03:00,0.0,0.0,0.0,23.43,2.0
2023-09-02 02:00:00+03:00,0.0,0.0,0.0,22.94,1.9
2023-09-02 03:00:00+03:00,0.0,0.0,0.0,22.55,1.91
2023-09-02 04:00:00+03:00,0.0,0.0,0.0,22.29,1.94
2023-09-02 05:00:00+03:00,0.0,0.0,0.0,22.04,1.95
2023-09-02 06:00:00+03:00,6.85,0.89,10.09,21.92,1.82
2023-09-02 07:00:00+03:00,128.27,218.5,78.61,24.19,2.37
2023-09-02 08:00:00+03:00,339.35,458.23,139.02,26.72,2.48
2023-09-02 09:00:00+03:00,549.22,591.38,168.9,29.36,2.34
2023-09-02 10:00:00+03:00,727.38,680.82,193.67,32.19,2.39
2023-09-02 11:00:00+03:00,853.03,737.22,197.2,35.11,2.88
2023-09-02 12:00:00+03:00,914.72,747.27,210.24,37.52,3.51
2023-09-02 13:00:00+03:00,907.92,750.71,205.71,39.01,3.92
2023-09-02 14:00:00+03:00,832.1,721.95,202.01,39.8,4.35
2023-09-02 15:00:00+03:00,694.9,692.66,167.76,39.88,5.02
2023-09-02 16:00:00+03:00,510.12,610.1,150.77,39.25,6.07
2023-09-02 17:00:00+03:00,297.67,474.64,117.13,37.56,7.29
2023-09-02 18:00:00+03:00,96.6,210.29,60.28,34.68,7.96
2023-09-02 19:00:00+03:00,0.0,0.0,0.0,31.63,7.42
2023-09-02 20:00:00+03:00,0.0,0.0,0.0,29.81,6.6
2023-09-02 21:00:00+03:00,0.0,0.0,0.0,28.6,5.54
2023-09-02 22:00:00+03:00,0.0,0.0,0.0,27.56,4.85
2023-09-02 23:00:00+03:00,0.0,0.0,0.0,26.55,4.25
2023-09-03 00:00:00+03:00,0.0,0.0,0.0,25.75,3.51
2023-09-03 01:00:00+03:00,0.0,0.0,0.0,25.17,2.96
2023-09-03 02:00:00+03:00,0.0,0.0,0.0,24.53,2.46
2023-09-03 03:00:00+03:00,0.0,0.0,0.0,23.86,2.24
2023-09-03 04:00:00+03:00,0.0,0.0,0.0,23.31,2.22
2023-09-03 05:00:00+03:00,0.0,0.0,0.0,22.79,2.21
2023-09-03 06:00:00+03:00,6.1,1.79,9.05,22.41,2.23
2023-09-03 07:00:00+03:00,118.25,189.71,76.09,24.38,3.5
2023-09-03 08:00:00+03:00,329.95,424.18,141.51,27.37,3.8
2023-09-03 09:00:00+03:00,545.17,566.4,185.24,29.53,3.47
2023-09-03 10:00:00+03:00,719.28,616.88,227.19,31.66,3.18
2023-09-03 11:00:00+03:00,837.7,624.1,273.53,33.69,3.05
2023-09-03 12:00:00+03:00,899.97,606.03,328.85,35.37,3.14
2023-09-03 13:00:00+03:00,865.5,541.14,332.76,36.65,3.4
2023-09-03 14:00:00+03:00,774.88,389.68,392.92,37.43,3.81
2023-09-03 15:00:00+03:00,626.35,319.16,356.3,37.61,4.43
2023-09-03 16:00:00+03:00,447.65,258.74,262.64,37.17,5.34
2023-09-03 17:00:00+03:00,228.45,293.37,127.36,35.71,6.39
2023-09-03 18:00:00+03:00,73.07,106.23,54.6,33.5,7.4
2023-09-03 19:00:00+03:00,0.0,0.0,0.0,30.69,7.59
2023-09-03 20:00:00+03:00,0.0,0.0,0.0,28.68,6.84
2023-09-03 21:00:00+03:00,0.0,0.0,0.0,27.53,5.18
2023-09-03 22:00:00+03:00,0.0,0.0,0.0,26.73,3.56
2023-09-03 23:00:00+03:00,0.0,0.0,0.0,25.89,2.35
2023-09-04 00:00:00+03:00,0.0,0.0,0.0,25.07,1.71
2023-09-04 01:00:00+03:00,0.0,0.0,0.0,24.36,1.54
2023-09-04 02:00:00+03:00,0.0,0.0,0.0,23.77,1.52
2023-09-04 03:00:00+03:00,0.0,0.0,0.0,23.25,1.46
2023-09-04 04:00:00+03:00,0.0,0.0,0.0,22.82,1.36
2023-09-04 05:00:00+03:00,0.0,0.0,0.0,22.56,1.2
2023-09-04 06:00:00+03:00,5.93,2.63,8.75,22.38,1.15
2023-09-04 07:00:00+03:00,118.57,193.32,75.9,24.22,1.5
2023-09-04 08:00:00+03:00,324.17,404.67,146.24,26.69,1.74
2023-09-04 09:00:00+03:00,535.42,553.45,180.13,28.8,1.93
2023-09-04 10:00:00+03:00,711.53,593.26,236.14,31.04,2.2
2023-09-04 11:00:00+03:00,824.4,561.36,310.85,33.16,2.59
2023-09-04 12:00:00+03:00,909.78,633.33,318.08,34.87,2.75
2023-09-04 13:00:00+03:00,892.97,617.03,308.03,36.08,2.68
2023-09-04 14:00:00+03:00,810.22,534.08,344.81,36.81,2.54
2023-09-04 15:00:00+03:00,674.08,615.28,211.68,37.0,2.34
2023-09-04 16:00:00+03:00,481.08,471.16,203.66,36.7,2.18
2023-09-04 17:00:00+03:00,260.9,380.64,123.89,35.85,2.01
2023-09-04 18:00:00+03:00,77.88,142.73,53.51,34.19,1.72
2023-09-04 19:00:00+03:00,0.0,0.0,0.0,31.15,2.18
2023-09-04 20:00:00+03:00,0.0,0.0,0.0,29.78,2.71
2023-09-04 21:00:00+03:00,0.0,0.0,0.0,28.9,3.6
2023-09-04 22:00:00+03:00,0.0,0.0,0.0,27.76,4.21
2023-09-04 23:00:00+03:00,0.0,0.0,0.0,26.82,3.74
2023-09-05 00:00:00+03:00,0.0,0.0,0.0,26.17,2.66
2023-09-05 01:00:00+03:00,0.0,0.0,0.0,25.52,1.91
2023-09-05 02:00:00+03:00,0.0,0.0,0.0,25.02,1.85
2023-09-05 03:00:00+03:00,0.0,0.0,0.0,24.61,1.97
2023-09-05 04:00:00+03:00,0.0,0.0,0.0,24.24,2.14
2023-09-05 05:00:00+03:00,0.0,0.0,0.0,23.92,2.34
2023-09-05 06:00:00+03:00,5.7,2.08,8.43,23.69,2.44
2023-09-05 07:00:00+03:00,123.1,250.48,70.29,25.81,3.66
2023-09-05 08:00:00+03:00,336.05,505.4,121.15,28.92,3.06
2023-09-05 09:00:00+03:00,550.1,659.8,141.93,32.02,1.54
2023-09-05 10:00:00+03:00,729.65,734.43,165.88,34.32,1.31
2023-09-05 11:00:00+03:00,856.3,784.66,172.23,36.03,1.55
2023-09-05 12:00:00+03:00,922.2,831.16,157.08,37.41,1.72
2023-09-05 13:00:00+03:00,913.3,826.2,156.84,38.53,1.83
2023-09-05 14:00:00+03:00,834.35,782.92,165.88,39.27,1.95
2023-09-05 15:00:00+03:00,693.12,739.37,148.9,39.42,2.06
2023-09-05 16:00:00+03:00,501.5,626.51,143.8,39.1,2.16
2023-09-05 17:00:00+03:00,283.12,468.01,109.61,38.23,2.21
2023-09-05 18:00:00+03:00,80.62,148.19,52.18,35.99,1.52
2023-09-05 19:00:00+03:00,0.0,0.0,0.0,33.25,1.2
2023-09-05 20:00:00+03:00,0.0,0.0,0.0,32.94,0.47
2023-09-05 21:00:00+03:00,0.0,0.0,0.0,31.94,1.12
2023-09-05 22:00:00+03:00,0.0,0.0,0.0,29.74,1.75
2023-09-05 23:00:00+03:00,0.0,0.0,0.0,27.61,2.14
2023-09-06 00:00:00+03:00,0.0,0.0,0.0,26.21,2.35
2023-09-06 01:00:00+03:00,0.0,0.0,0.0,25.42,2.43
2023-09-06 02:00:00+03:00,0.0,0.0,0.0,24.84,2.46
2023-09-06 03:00:00+03:00,0.0,0.0,0.0,24.39,2.51
2023-09-06 04:00:00+03:00,0.0,0.0,0.0,23.99,2.56
2023-09-06 05:00:00+03:00,0.0,0.0,0.0,23.64,2.57
2023-09-06 06:00:00+03:00,5.4,1.18,7.9,23.46,2.51
2023-09-06 07:00:00+03:00,124.82,268.21,65.15,26.22,2.55
2023-09-06 08:00:00+03:00,332.42,488.38,123.87,30.0,2.58
2023-09-06 09:00:00+03:00,546.7,634.45,153.66,34.66,1.68
2023-09-06 10:00:00+03:00,727.42,713.04,176.19,37.68,1.96
2023-09-06 11:00:00+03:00,854.08,769.75,171.97,39.49,2.28
2023-09-06 12:00:00+03:00,924.62,832.52,151.99,40.77,2.33
2023-09-06 13:00:00+03:00,916.1,824.12,156.73,41.49,2.25
2023-09-06 14:00:00+03:00,838.28,805.03,151.36,41.83,2.21
2023-09-06 15:00:00+03:00,698.08,750.97,150.45,41.66,2.12
2023-09-06 16:00:00+03:00,506.2,666.5,130.66,41.01,1.97
2023-09-06 17:00:00+03:00,287.35,509.65,99.43,39.84,1.7
2023-09-06 18:00:00+03:00,81.32,186.41,48.3,37.37,1.09
2023-09-06 19:00:00+03:00,0.0,0.0,0.0,33.94,2.33
2023-09-06 20:00:00+03:00,0.0,0.0,0.0,31.52,3.34
2023-09-06 21:00:00+03:00,0.0,0.0,0.0,30.03,3.92
2023-09-06 22:00:00+03:00,0.0,0.0,0.0,28.6,4.35
2023-09-06 23:00:00+03:00,0.0,0.0,0.0,27.38,3.64
2023-09-07 00:00:00+03:00,0.0,0.0,0.0,26.45,2.88
2023-09-07 01:00:00+03:00,0.0,0.0,0.0,25.8,2.68
2023-09-07 02:00:00+03:00,0.0,0.0,0.0,25.34,2.78
2023-09-07 03:00:00+03:00,0.0,0.0,0.0,24.99,3.0
2023-09-07 04:00:00+03:00,0.0,0.0,0.0,24.77,3.24
2023-09-07 05:00:00+03:00,0.0,0.0,0.0,24.61,3.45
2023-09-07 06:00:00+03:00,5.32,0.69,8.03,24.4,3.39
2023-09-07 07:00:00+03:00,125.45,274.66,72.1,26.51,4.54
2023-09-07 08:00:00+03:00,332.83,479.84,133.3,29.53,4.28
2023-09-07 09:00:00+03:00,544.62,618.12,159.34,34.62,3.88
2023-09-07 10:00:00+03:00,723.55,690.48,183.13,38.06,2.69
2023-09-07 11:00:00+03:00,848.95,739.37,189.08,40.28,2.45
2023-09-07 12:00:00+03:00,913.22,780.63,179.36,41.77,2.51
2023-09-07 13:00:00+03:00,903.8,771.12,185.58,42.85,2.4
2023-09-07 14:00:00+03:00,826.35,751.08,178.83,43.45,2.36
2023-09-07 15:00:00+03:00,683.5,689.72,177.22,43.56,2.56
2023-09-07 16:00:00+03:00,492.95,590.71,157.65,43.15,3.07
2023-09-07 17:00:00+03:00,274.23,424.59,117.92,42.17,3.82
2023-09-07 18:00:00+03:00,73.45,110.8,51.36,39.47,3.63
2023-09-07 19:00:00+03:00,0.0,0.0,0.0,36.2,4.73
2023-09-07 20:00:00+03:00,0.0,0.0,0.0,35.11,6.02
2023-09-07 21:00:00+03:00,0.0,0.0,0.0,33.7,5.82
2023-09-07 22:00:00+03:00,0.0,0.0,0.0,32.43,5.11
2023-09-07 23:00:00+03:00,0.0,0.0,0.0,31.14,4.13
2023-09-08 00:00:00+03:00,0.0,0.0,0.0,30.0,3.55
2023-09-08 01:00:00+03:00,0.0,0.0,0.0,29.29,3.52
2023-09-08 02:00:00+03:00,0.0,0.0,0.0,28.87,3.6
2023-09-08 03:00:00+03:00,0.0,0.0,0.0,28.43,3.4
2023-09-08 04:00:00+03:00,0.0,0.0,0.0,27.96,3.25
2023-09-08 05:00:00+03:00,0.0,0.0,0.0,27.41,3.18
2023-09-08 06:00:00+03:00,4.85,0.0,7.31,26.78,3.19
2023-09-08 07:00:00+03:00,107.82,123.0,78.92,28.18,4.55
2023-09-08 08:00:00+03:00,310.73,354.56,159.87,30.57,4.52
2023-09-08 09:00:00+03:00,533.2,460.01,236.24,34.12,4.51
2023-09-08 10:00:00+03:00,711.03,563.51,258.59,38.22,4.32
2023-09-08 11:00:00+03:00,842.53,700.99,210.28,40.79,4.06
2023-09-08 12:00:00+03:00,897.62,685.59,242.81,42.31,4.23
2023-09-08 13:00:00+03:00,887.22,683.67,244.08,43.03,4.66
2023-09-08 14:00:00+03:00,810.12,679.98,222.07,43.18,5.14
2023-09-08 15:00:00+03:00,671.75,640.1,191.16,42.84,5.56
2023-09-08 16:00:00+03:00,484.58,571.8,161.48,41.97,5.74
2023-09-08 17:00:00+03:00,269.95,408.49,120.55,40.61,5.65
2023-09-08 18:00:00+03:00,68.03,87.3,49.78,38.27,4.66
2023-09-08 19:00:00+03:00,0.0,0.0,0.0,34.9,4.88
2023-09-08 20:00:00+03:00,0.0,0.0,0.0,32.95,6.56
2023-09-08 21:00:00+03:00,0.0,0.0,0.0,30.74,5.91
2023-09-08 22:00:00+03:00,0.0,0.0,0.0,29.29,3.89
2023-09-08 23:00:00+03:00,0.0,0.0,0.0,28.1,2.16
2023-09-09 00:00:00+03:00,0.0,0.0,0.0,27.11,1.61
2023-09-09 01:00:00+03:00,0.0,0.0,0.0,26.65,1.32
2023-09-09 02:00:00+03:00,0.0,0.0,0.0,26.48,1.02
2023-09-09 03:00:00+03:00,0.0,0.0,0.0,26.22,0.86
2023-09-09 04:00:00+03:00,0.0,0.0,0.0,25.92,0.86
2023-09-09 05:00:00+03:00,0.0,0.0,0.0,25.52,1.06
2023-09-09 06:00:00+03:00,4.85,0.62,7.19,24.95,1.36
2023-09-09 07:00:00+03:00,124.5,266.73,67.76,26.53,1.51
2023-09-09 08:00:00+03:00,343.77,531.13,124.36,29.85,1.41
2023-09-09 09:00:00+03:00,555.67,653.21,155.18,34.08,2.57
2023-09-09 10:00:00+03:00,731.8,713.87,184.93,36.3,3.11
2023-09-09 11:00:00+03:00,854.28,745.61,194.91,38.03,3.45
2023-09-09 12:00:00+03:00,919.6,830.25,155.51,39.38,3.57
2023-09-09 13:00:00+03:00,909.7,773.25,202.66,40.23,3.55
2023-09-09 14:00:00+03:00,828.88,746.88,206.82,40.65,3.64
2023-09-09 15:00:00+03:00,687.62,693.66,187.66,40.54,3.78
2023-09-09 16:00:00+03:00,502.75,656.02,136.09,39.97,4.09
2023-09-09 17:00:00+03:00,282.58,499.68,101.95,38.83,4.65
2023-09-09 18:00:00+03:00,70.75,152.83,47.81,36.89,4.82
2023-09-09 19:00:00+03:00,0.0,0.0,0.0,34.24,5.56
2023-09-09 20:00:00+03:00,0.0,0.0,0.0,32.36,6.48
2023-09-09 21:00:00+03:00,0.0,0.0,0.0,30.6,5.99
2023-09-09 22:00:00+03:00,0.0,0.0,0.0,29.43,4.43
2023-09-09 23:00:00+03:00,0.0,0.0,0.0,28.39,2.45
2023-09-10 00:00:00+03:00,0.0,0.0,0.0,27.49,1.81
2023-09-10 01:00:00+03:00,0.0,0.0,0.0,27.0,1.61
2023-09-10 02:00:00+03:00,0.0,0.0,0.0,26.76,1.44
2023-09-10 03:00:00+03:00,0.0,0.0,0.0,26.49,1.38
2023-09-10 04:00:00+03:00,0.0,0.0,0.0,26.16,1.41
2023-09-10 05:00:00+03:00,0.0,0.0,0.0,25.82,1.53
2023-09-10 06:00:00+03:00,4.68,1.39,6.94,25.63,1.46
2023-09-10 07:00:00+03:00,124.65,285.37,65.0,27.1,1.4
2023-09-10 08:00:00+03:00,344.42,557.43,113.5,30.75,0.62
2023-09-10 09:00:00+03:00,556.92,688.16,139.9,34.03,2.91
2023-09-10 10:00:00+03:00,733.58,756.08,161.25,36.02,3.81
2023-09-10 11:00:00+03:00,856.65,788.96,174.93,37.6,4.05
2023-09-10 12:00:00+03:00,916.95,827.07,157.33,38.82,3.99
2023-09-10 13:00:00+03:00,903.53,822.62,157.29,39.65,4.0
2023-09-10 14:00:00+03:00,823.97,797.06,160.32,40.05,4.19
2023-09-10 15:00:00+03:00,682.1,745.04,144.15,39.92,4.52
2023-09-10 16:00:00+03:00,491.4,652.98,133.76,39.21,5.05
2023-09-10 17:00:00+03:00,272.12,490.55,99.37,37.79,5.85
2023-09-10 18:00:00+03:00,65.68,138.05,43.96,35.37,6.99
2023-09-10 19:00:00+03:00,0.0,0.0,0.0,32.63,7.76
2023-09-10 20:00:00+03:00,0.0,0.0,0.0,30.84,6.57
2023-09-10 21:00:00+03:00,0.0,0.0,0.0,29.82,4.27
2023-09-10 22:00:00+03:00,0.0,0.0,0.0,28.88,2.88
2023-09-10 23:00:00+03:00,0.0,0.0,0.0,28.12,2.61
2023-09-11 00:00:00+03:00,0.0,0.0,0.0,27.55,2.86
2023-09-11 01:00:00+03:00,0.0,0.0,0.0,27.15,3.12
2023-09-11 02:00:00+03:00,0.0,0.0,0.0,26.81,3.2
2023-09-11 03:00:00+03:00,0.0,0.0,0.0,26.5,3.2
2023-09-11 04:00:00+03:00,0.0,0.0,0.0,26.2,3.18
2023-09-11 05:00:00+03:00,0.0,0.0,0.0,26.34,3.56
2023-09-11 06:00:00+03:00,3.95,0.0,5.96,26.41,3.81
2023-09-11 07:00:00+03:00,102.38,91.92,85.62,27.2,4.32
2023-09-11 08:00:00+03:00,303.8,302.65,169.74,29.45,4.35
2023-09-11 09:00:00+03:00,512.17,473.22,206.64,32.91,4.68
2023-09-11 10:00:00+03:00,689.5,546.11,253.07,36.31,4.31
2023-09-11 11:00:00+03:00,815.45,582.0,289.78,38.84,3.93
2023-09-11 12:00:00+03:00,894.8,721.54,214.49,40.43,4.74
2023-09-11 13:00:00+03:00,881.45,699.71,234.02,40.98,6.11
2023-09-11 14:00:00+03:00,799.4,594.92,285.83,40.74,6.87
2023-09-11 15:00:00+03:00,648.12,469.21,303.96,40.17,7.0
2023-09-11 16:00:00+03:00,436.98,300.2,253.6,39.25,7.13
2023-09-11 17:00:00+03:00,210.15,171.86,152.62,37.84,7.2
2023-09-11 18:00:00+03:00,48.22,8.7,46.97,35.91,6.26
2023-09-11 19:00:00+03:00,0.0,0.0,0.0,33.59,4.71
2023-09-11 20:00:00+03:00,0.0,0.0,0.0,32.28,4.38
2023-09-11 21:00:00+03:00,0.0,0.0,0.0,31.16,4.09
2023-09-11 22:00:00+03:00,0.0,0.0,0.0,30.18,3.84
2023-09-11 23:00:00+03:00,0.0,0.0,0.0,29.38,3.73
2023-09-12 00:00:00+03:00,0.0,0.0,0.0,28.86,3.79
2023-09-12 01:00:00+03:00,0.0,0.0,0.0,28.47,3.8
2023-09-12 02:00:00+03:00,0.0,0.0,0.0,28.08,3.74
2023-09-12 03:00:00+03:00,0.0,0.0,0.0,27.71,3.64
2023-09-12 04:00:00+03:00,0.0,0.0,0.0,27.4,3.59
2023-09-12 05:00:00+03:00,0.0,0.0,0.0,27.21,3.64
2023-09-12 06:00:00+03:00,2.75,0.0,4.41,27.08,3.71
2023-09-12 07:00:00+03:00,57.75,4.31,57.1,27.9,4.61
2023-09-12 08:00:00+03:00,176.35,31.84,157.13,29.56,5.83
2023-09-12 09:00:00+03:00,290.9,57.51,212.03,31.17,5.83
2023-09-12 10:00:00+03:00,372.38,88.31,263.32,32.75,5.24
2023-09-12 11:00:00+03:00,537.62,118.49,407.58,34.21,4.59
2023-09-12 12:00:00+03:00,412.88,80.19,303.49,35.52,4.08
2023-09-12 13:00:00+03:00,489.08,99.12,341.01,36.44,3.76
2023-09-12 14:00:00+03:00,356.23,40.28,240.51,37.04,3.66
2023-09-12 15:00:00+03:00,297.35,31.32,237.52,37.1,3.8
2023-09-12 16:00:00+03:00,222.8,18.75,179.34,36.27,4.31
2023-09-12 17:00:00+03:00,122.38,9.36,113.96,35.29,5.16
2023-09-12 18:00:00+03:00,30.2,0.0,29.05,33.79,6.23
2023-09-12 19:00:00+03:00,0.0,0.0,0.0,31.75,7.29
2023-09-12 20:00:00+03:00,0.0,0.0,0.0,29.79,7.65
2023-09-12 21:00:00+03:00,0.0,0.0,0.0,28.52,6.83
2023-09-12 22:00:00+03:00,0.0,0.0,0.0,27.96,5.82
2023-09-12 23:00:00+03:00,0.0,0.0,0.0,27.6,5.11
2023-09-13 00:00:00+03:00,0.0,0.0,0.0,27.42,4.74
2023-09-13 01:00:00+03:00,0.0,0.0,0.0,27.28,4.41
2023-09-13 02:00:00+03:00,0.0,0.0,0.0,27.08,4.1
2023-09-13 03:00:00+03:00,0.0,0.0,0.0,26.79,4.09
2023-09-13 04:00:00+03:00,0.0,0.0,0.0,26.46,3.96
2023-09-13 05:00:00+03:00,0.0,0.0,0.0,26.08,3.73
2023-09-13 06:00:00+03:00,3.28,0.0,4.93,25.62,3.58
2023-09-13 07:00:00+03:00,88.6,33.74,75.97,26.15,4.06
2023-09-13 08:00:00+03:00,283.17,219.06,185.02,28.22,4.49
2023-09-13 09:00:00+03:00,495.2,386.37,241.01,30.19,4.48
2023-09-13 10:00:00+03:00,674.08,455.81,293.42,32.22,4.58
2023-09-13 11:00:00+03:00,806.9,541.02,313.91,34.01,4.87
2023-09-13 12:00:00+03:00,882.33,656.8,282.32,35.43,5.18
2023-09-13 13:00:00+03:00,870.67,682.44,251.2,36.27,5.48
2023-09-13 14:00:00+03:00,793.6,723.71,191.41,36.56,5.9
2023-09-13 15:00:00+03:00,662.67,702.16,165.59,36.35,6.34
2023-09-13 16:00:00+03:00,475.02,645.42,131.55,35.39,6.73
2023-09-13 17:00:00+03:00,263.65,540.62,85.89,34.1,6.97
2023-09-13 18:00:00+03:00,59.33,173.01,36.32,32.02,6.89
2023-09-13 19:00:00+03:00,0.0,0.0,0.0,29.8,6.11
2023-09-13 20:00:00+03:00,0.0,0.0,0.0,28.27,5.11
2023-09-13 21:00:00+03:00,0.0,0.0,0.0,27.03,4.23
2023-09-13 22:00:00+03:00,0.0,0.0,0.0,25.96,3.57
2023-09-13 23:00:00+03:00,0.0,0.0,0.0,24.97,3.07
2023-09-14 00:00:00+03:00,0.0,0.0,0.0,24.03,2.54
2023-09-14 01:00:00+03:00,0.0,0.0,0.0,23.25,2.3
2023-09-14 02:00:00+03:00,0.0,0.0,0.0,22.6,2.24
2023-09-14 03:00:00+03:00,0.0,0.0,0.0,22.08,2.17
2023-09-14 04:00:00+03:00,0.0,0.0,0.0,21.65,2.08
2023-09-14 05:00:00+03:00,0.0,0.0,0.0,21.35,1.97
2023-09-14 06:00:00+03:00,3.85,9.69,5.29,21.11,1.9
2023-09-14 07:00:00+03:00,122.88,360.35,57.02,22.83,2.63
2023-09-14 08:00:00+03:00,346.62,620.88,97.71,26.15,2.77
2023-09-14 09:00:00+03:00,559.33,742.03,127.27,28.81,2.5
2023-09-14 10:00:00+03:00,741.33,822.26,131.36,31.79,2.47
2023-09-14 11:00:00+03:00,856.62,867.81,129.9,34.29,2.63
2023-09-14 12:00:00+03:00,909.0,829.65,164.51,35.79,2.84
2023-09-14 13:00:00+03:00,886.97,785.26,190.02,36.63,3.27
2023-09-14 14:00:00+03:00,812.42,773.74,174.08,37.06,3.91
2023-09-14 15:00:00+03:00,667.8,714.08,161.34,36.96,4.77
2023-09-14 16:00:00+03:00,478.55,665.2,125.75,36.2,5.79
2023-09-14 17:00:00+03:00,262.33,549.57,81.85,34.6,6.61
2023-09-14 18:00:00+03:00,55.95,187.47,32.4,32.16,6.8
2023-09-14 19:00:00+03:00,0.0,0.0,0.0,29.55,5.88
2023-09-14 20:00:00+03:00,0.0,0.0,0.0,27.93,5.0
2023-09-14 21:00:00+03:00,0.0,0.0,0.0,26.74,4.05
2023-09-14 22:00:00+03:00,0.0,0.0,0.0,25.78,3.29
2023-09-14 23:00:00+03:00,0.0,0.0,0.0,24.97,2.87
2023-09-15 00:00:00+03:00,0.0,0.0,0.0,24.28,2.57
2023-09-15 01:00:00+03:00,0.0,0.0,0.0,23.65,2.35
2023-09-15 02:00:00+03:00,0.0,0.0,0.0,23.1,2.18
2023-09-15 03:00:00+03:00,0.0,0.0,0.0,22.64,2.06
2023-09-15 04:00:00+03:00,0.0,0.0,0.0,22.33,2.0
2023-09-15 05:00:00+03:00,0.0,0.0,0.0,22.19,1.83
2023-09-15 06:00:00+03:00,3.6,12.77,4.93,22.2,1.59
2023-09-15 07:00:00+03:00,119.35,325.77,57.93,23.94,1.56
2023-09-15 08:00:00+03:00,338.38,554.94,120.69,27.09,1.94
2023-09-15 09:00:00+03:00,546.65,649.95,169.64,29.5,1.95
2023-09-15 10:00:00+03:00,725.53,709.34,208.21,32.11,2.21
2023-09-15 11:00:00+03:00,864.8,851.82,147.09,34.36,2.76
2023-09-15 12:00:00+03:00,921.78,865.98,146.15,35.85,3.4
2023-09-15 13:00:00+03:00,907.4,877.84,134.97,36.82,4.09
2023-09-15 14:00:00+03:00,821.38,839.96,143.99,37.27,4.9
2023-09-15 15:00:00+03:00,681.33,808.76,125.88,37.12,5.89
2023-09-15 16:00:00+03:00,484.3,741.76,99.79,36.1,6.88
2023-09-15 17:00:00+03:00,266.9,615.7,70.97,34.08,7.45
2023-09-15 18:00:00+03:00,56.58,232.81,28.72,31.39,7.06
2023-09-15 19:00:00+03:00,0.0,0.0,0.0,28.58,5.43
2023-09-15 20:00:00+03:00,0.0,0.0,0.0,26.81,4.22
2023-09-15 21:00:00+03:00,0.0,0.0,0.0,25.44,3.15
2023-09-15 22:00:00+03:00,0.0,0.0,0.0,24.43,2.57
2023-09-15 23:00:00+03:00,0.0,0.0,0.0,23.6,2.28
2023-09-16 00:00:00+03:00,0.0,0.0,0.0,22.87,2.12
2023-09-16 01:00:00+03:00,0.0,0.0,0.0,22.32,1.95
2023-09-16 02:00:00+03:00,0.0,0.0,0.0,21.92,1.85
2023-09-16 03:00:00+03:00,0.0,0.0,0.0,21.59,1.79
2023-09-16 04:00:00+03:00,0.0,0.0,0.0,21.31,1.75
2023-09-16 05:00:00+03:00,0.0,0.0,0.0,21.11,1.68
2023-09-16 06:00:00+03:00,0.0,0.0,0.0,20.96,1.56
2023-09-16 07:00:00+03:00,135.15,463.95,48.45,22.53,1.44
2023-09-16 08:00:00+03:00,348.92,684.52,80.41,25.51,2.01
2023-09-16 09:00:00+03:00,564.3,827.69,86.69,28.07,2.22
2023-09-16 10:00:00+03:00,739.97,890.65,95.5,30.63,2.36
2023-09-16 11:00:00+03:00,864.28,910.87,107.37,32.82,2.3
2023-09-16 12:00:00+03:00,918.3,918.08,110.25,34.54,2.4
2023-09-16 13:00:00+03:00,902.22,925.01,102.77,35.72,2.68
2023-09-16 14:00:00+03:00,821.62,888.14,111.58,36.45,3.12
2023-09-16 15:00:00+03:00,676.42,858.13,96.07,36.54,3.81
2023-09-16 16:00:00+03:00,485.35,779.9,85.69,36.01,4.73
2023-09-16 17:00:00+03:00,264.45,638.22,66.05,34.65,5.72
2023-09-16 18:00:00+03:00,54.53,239.03,28.17,32.22,5.92
2023-09-16 19:00:00+03:00,0.0,0.0,0.0,29.29,5.95
2023-09-16 20:00:00+03:00,0.0,0.0,0.0,27.41,5.19
2023-09-16 21:00:00+03:00,0.0,0.0,0.0,25.95,3.46
2023-09-16 22:00:00+03:00,0.0,0.0,0.0,24.73,2.61
2023-09-16 23:00:00+03:00,0.0,0.0,0.0,23.83,2.4
2023-09-17 00:00:00+03:00,0.0,0.0,0.0,23.15,2.2
2023-09-17 01:00:00+03:00,0.0,0.0,0.0,22.75,1.88
2023-09-17 02:00:00+03:00,0.0,0.0,0.0,22.69,1.49
2023-09-17 03:00:00+03:00,0.0,0.0,0.0,22.69,1.09
2023-09-17 04:00:00+03:00,0.0,0.0,0.0,22.52,0.72
2023-09-17 05:00:00+03:00,0.0,0.0,0.0,22.37,0.57
2023-09-17 06:00:00+03:00,0.0,0.0,0.0,21.67,0.85
2023-09-17 07:00:00+03:00,132.77,444.08,45.85,22.57,1.51
2023-09-17 08:00:00+03:00,343.35,677.66,77.14,25.66,1.28
2023-09-17 09:00:00+03:00,555.97,806.94,90.97,29.28,0.99
2023-09-17 10:00:00+03:00,732.75,876.62,99.3,32.61,1.24
2023-09-17 11:00:00+03:00,851.7,901.51,109.14,35.9,1.73
2023-09-17 12:00:00+03:00,900.72,867.68,133.94,37.86,1.97
2023-09-17 13:00:00+03:00,885.83,865.4,135.04,39.03,2.34
2023-09-17 14:00:00+03:00,799.45,836.86,128.49,39.67,2.9
2023-09-17 15:00:00+03:00,656.25,785.14,122.02,39.7,3.73
2023-09-17 16:00:00+03:00,462.5,683.06,112.26,39.11,4.79
2023-09-17 17:00:00+03:00,242.48,497.32,84.35,37.66,5.87
2023-09-17 18:00:00+03:00,46.35,127.44,31.39,34.95,6.1
2023-09-17 19:00:00+03:00,0.0,0.0,0.0,31.65,5.89
2023-09-17 20:00:00+03:00,0.0,0.0,0.0,29.4,4.92
2023-09-17 21:00:00+03:00,0.0,0.0,0.0,27.73,3.72
2023-09-17 22:00:00+03:00,0.0,0.0,0.0,26.41,2.82
2023-09-17 23:00:00+03:00,0.0,0.0,0.0,25.32,2.28
2023-09-18 00:00:00+03:00,0.0,0.0,0.0,24.38,1.99
2023-09-18 01:00:00+03:00,0.0,0.0,0.0,23.6,1.86
2023-09-18 02:00:00+03:00,0.0,0.0,0.0,22.95,1.82
2023-09-18 03:00:00+03:00,0.0,0.0,0.0,22.47,1.81
2023-09-18 04:00:00+03:00,0.0,0.0,0.0,22.58,1.92
2023-09-18 05:00:00+03:00,0.0,0.0,0.0,22.45,2.01
2023-09-18 06:00:00+03:00,0.0,0.0,0.0,22.23,1.69
2023-09-18 07:00:00+03:00,120.22,313.05,64.86,23.4,2.47
2023-09-18 08:00:00+03:00,314.77,475.41,129.3,25.86,2.52
2023-09-18 09:00:00+03:00,501.67,570.57,186.03,28.25,2.19
2023-09-18 10:00:00+03:00,666.8,516.58,282.59,31.04,2.1
2023-09-18 11:00:00+03:00,821.42,744.2,221.76,33.94,2.29
2023-09-18 12:00:00+03:00,884.9,802.56,170.11,36.25,2.59
2023-09-18 13:00:00+03:00,866.85,801.53,166.14,37.57,3.07
2023-09-18 14:00:00+03:00,782.72,761.02,165.74,38.29,3.69
2023-09-18 15:00:00+03:00,633.55,671.9,171.05,38.34,4.4
2023-09-18 16:00:00+03:00,440.92,580.11,139.19,37.69,5.26
2023-09-18 17:00:00+03:00,224.38,387.06,101.39,36.15,6.11
2023-09-18 18:00:00+03:00,39.1,58.8,31.82,33.5,6.59
2023-09-18 19:00:00+03:00,0.0,0.0,0.0,30.52,6.54
2023-09-18 20:00:00+03:00,0.0,0.0,0.0,28.56,5.84
2023-09-18 21:00:00+03:00,0.0,0.0,0.0,27.25,4.72
2023-09-18 22:00:00+03:00,0.0,0.0,0.0,26.29,3.61
2023-09-18 23:00:00+03:00,0.0,0.0,0.0,25.4,2.72
2023-09-19 00:00:00+03:00,0.0,0.0,0.0,24.59,2.16
2023-09-19 01:00:00+03:00,0.0,0.0,0.0,23.87,1.92
2023-09-19 02:00:00+03:00,0.0,0.0,0.0,23.24,1.82
2023-09-19 03:00:00+03:00,0.0,0.0,0.0,22.67,1.75
2023-09-19 04:00:00+03:00,0.0,0.0,0.0,22.15,1.68
2023-09-19 05:00:00+03:00,0.0,0.0,0.0,21.69,1.65
2023-09-19 06:00:00+03:00,0.0,0.0,0.0,21.31,1.68
2023-09-19 07:00:00+03:00,112.75,259.27,63.83,22.52,2.6
2023-09-19 08:00:00+03:00,314.75,508.6,113.14,25.52,2.42
2023-09-19 09:00:00+03:00,520.62,651.97,139.99,27.97,2.45
2023-09-19 10:00:00+03:00,637.05,490.35,263.31,30.45,2.64
2023-09-19 11:00:00+03:00,746.15,401.09,381.98,32.79,2.85
2023-09-19 12:00:00+03:00,866.9,738.29,210.54,34.55,2.99
2023-09-19 13:00:00+03:00,820.4,645.92,251.53,35.78,3.24
2023-09-19 14:00:00+03:00,738.42,589.36,247.93,36.48,3.68
2023-09-19 15:00:00+03:00,583.95,498.2,229.49,36.58,4.37
2023-09-19 16:00:00+03:00,398.27,419.02,184.32,36.04,5.39
2023-09-19 17:00:00+03:00,203.15,288.33,114.0,34.63,6.58
2023-09-19 18:00:00+03:00,34.47,37.77,30.93,32.13,7.49
2023-09-19 19:00:00+03:00,0.0,0.0,0.0,29.29,7.54
2023-09-19 20:00:00+03:00,0.0,0.0,0.0,27.41,6.51
2023-09-19 21:00:00+03:00,0.0,0.0,0.0,26.41,4.39
2023-09-19 22:00:00+03:00,0.0,0.0,0.0,25.64,2.76
2023-09-19 23:00:00+03:00,0.0,0.0,0.0,24.84,1.98
2023-09-20 00:00:00+03:00,0.0,0.0,0.0,24.13,1.73
2023-09-20 01:00:00+03:00,0.0,0.0,0.0,23.5,1.79
2023-09-20 02:00:00+03:00,0.0,0.0,0.0,22.91,1.9
2023-09-20 03:00:00+03:00,0.0,0.0,0.0,22.36,1.93
2023-09-20 04:00:00+03:00,0.0,0.0,0.0,21.85,1.87
2023-09-20 05:00:00+03:00,0.0,0.0,0.0,21.43,1.8
2023-09-20 06:00:00+03:00,0.0,0.0,0.0,21.06,1.75
2023-09-20 07:00:00+03:00,106.43,236.21,60.82,22.49,2.43
2023-09-20 08:00:00+03:00,305.92,475.56,116.94,25.49,3.0
2023-09-20 09:00:00+03:00,512.47,611.36,153.15,27.92,3.18
2023-09-20 10:00:00+03:00,671.58,632.28,203.75,30.38,3.41
2023-09-20 11:00:00+03:00,807.5,724.84,199.6,32.74,3.72
2023-09-20 12:00:00+03:00,864.47,717.63,244.66,34.51,3.95
2023-09-20 13:00:00+03:00,839.6,717.27,214.5,35.65,4.1
2023-09-20 14:00:00+03:00,763.33,747.29,178.53,36.23,4.35
2023-09-20 15:00:00+03:00,625.92,688.36,161.08,36.22,4.78
2023-09-20 16:00:00+03:00,439.55,621.17,129.99,35.55,5.36
2023-09-20 17:00:00+03:00,227.48,492.73,83.38,34.09,5.96
2023-09-20 18:00:00+03:00,37.85,123.72,26.59,31.83,6.13
2023-09-20 19:00:00+03:00,0.0,0.0,0.0,29.39,5.89
2023-09-20 20:00:00+03:00,0.0,0.0,0.0,27.79,5.06
2023-09-20 21:00:00+03:00,0.0,0.0,0.0,26.65,3.87
2023-09-20 22:00:00+03:00,0.0,0.0,0.0,25.77,2.84
2023-09-20 23:00:00+03:00,0.0,0.0,0.0,25.02,2.29
2023-09-21 00:00:00+03:00,0.0,0.0,0.0,24.32,2.0
2023-09-21 01:00:00+03:00,0.0,0.0,0.0,23.66,1.86
2023-09-21 02:00:00+03:00,0.0,0.0,0.0,23.06,1.82
2023-09-21 03:00:00+03:00,0.0,0.0,0.0,22.55,1.77
2023-09-21 04:00:00+03:00,0.0,0.0,0.0,22.16,1.75
2023-09-21 05:00:00+03:00,0.0,0.0,0.0,21.84,1.68
2023-09-21 06:00:00+03:00,0.0,0.0,0.0,21.58,1.64
2023-09-21 07:00:00+03:00,117.12,376.61,49.14,23.1,1.91
2023-09-21 08:00:00+03:00,326.77,631.22,83.51,26.14,2.46
2023-09-21 09:00:00+03:00,536.5,758.31,101.39,28.93,2.62
2023-09-21 10:00:00+03:00,688.9,757.43,157.09,31.62,2.89
2023-09-21 11:00:00+03:00,823.22,794.41,169.39,33.95,3.22
2023-09-21 12:00:00+03:00,869.85,758.28,211.89,35.67,3.52
2023-09-21 13:00:00+03:00,852.03,774.54,189.89,36.78,3.84
2023-09-21 14:00:00+03:00,752.22,731.37,177.11,37.35,4.31
2023-09-21 15:00:00+03:00,595.97,598.52,206.1,37.28,4.98
2023-09-21 16:00:00+03:00,415.58,556.3,145.69,36.54,5.81
2023-09-21 17:00:00+03:00,212.73,427.38,88.95,35.01,6.5
2023-09-21 18:00:00+03:00,33.8,82.01,27.51,32.66,6.82
2023-09-21 19:00:00+03:00,0.0,0.0,0.0,30.22,6.3
2023-09-21 20:00:00+03:00,0.0,0.0,0.0,28.65,5.56
2023-09-21 21:00:00+03:00,0.0,0.0,0.0,27.53,4.63
2023-09-21 22:00:00+03:00,0.0,0.0,0.0,26.74,3.61
2023-09-21 23:00:00+03:00,0.0,0.0,0.0,26.03,2.83
2023-09-22 00:00:00+03:00,0.0,0.0,0.0,25.36,2.4
2023-09-22 01:00:00+03:00,0.0,0.0,0.0,24.68,2.11
2023-09-22 02:00:00+03:00,0.0,0.0,0.0,24.04,1.89
2023-09-22 03:00:00+03:00,0.0,0.0,0.0,23.48,1.7
2023-09-22 04:00:00+03:00,0.0,0.0,0.0,23.14,1.4
2023-09-22 05:00:00+03:00,0.0,0.0,0.0,23.15,0.95
2023-09-22 06:00:00+03:00,0.0,0.0,0.0,22.97,0.62
2023-09-22 07:00:00+03:00,102.53,212.27,60.44,23.64,0.62
2023-09-22 08:00:00+03:00,298.95,450.1,128.59,26.51,1.15
2023-09-22 09:00:00+03:00,495.5,540.48,180.35,29.11,1.62
2023-09-22 10:00:00+03:00,632.62,417.56,290.97,31.8,1.89
2023-09-22 11:00:00+03:00,820.25,802.46,156.41,34.21,2.17
2023-09-22 12:00:00+03:00,882.8,869.42,127.11,36.01,2.58
2023-09-22 13:00:00+03:00,866.1,846.03,141.99,37.18,3.0
2023-09-22 14:00:00+03:00,780.35,833.35,130.41,37.77,3.42
2023-09-22 15:00:00+03:00,634.12,784.02,118.89,37.79,3.95
2023-09-22 16:00:00+03:00,440.8,685.27,104.18,37.17,4.65
2023-09-22 17:00:00+03:00,222.43,494.44,77.37,35.8,5.44
2023-09-22 18:00:00+03:00,33.28,93.88,24.87,33.34,5.7
2023-09-22 19:00:00+03:00,0.0,0.0,0.0,30.52,5.87
2023-09-22 20:00:00+03:00,0.0,0.0,0.0,28.54,5.3
2023-09-22 21:00:00+03:00,0.0,0.0,0.0,26.94,4.27
2023-09-22 22:00:00+03:00,0.0,0.0,0.0,25.55,3.04
2023-09-22 23:00:00+03:00,0.0,0.0,0.0,24.33,2.21
2023-09-23 00:00:00+03:00,0.0,0.0,0.0,23.39,2.01
2023-09-23 01:00:00+03:00,0.0,0.0,0.0,22.66,1.94
2023-09-23 02:00:00+03:00,0.0,0.0,0.0,22.07,1.9
2023-09-23 03:00:00+03:00,0.0,0.0,0.0,21.63,1.88
2023-09-23 04:00:00+03:00,0.0,0.0,0.0,21.29,1.9
2023-09-23 05:00:00+03:00,0.0,0.0,0.0,21.06,1.97
2023-09-23 06:00:00+03:00,0.0,0.0,0.0,20.88,1.93
2023-09-23 07:00:00+03:00,112.2,300.61,54.83,22.47,1.96
2023-09-23 08:00:00+03:00,321.35,593.38,93.66,25.32,2.74
2023-09-23 09:00:00+03:00,533.15,735.91,114.02,28.03,2.89
2023-09-23 10:00:00+03:00,708.78,805.74,130.12,30.83,2.92
2023-09-23 11:00:00+03:00,828.22,854.57,128.54,33.68,2.88
2023-09-23 12:00:00+03:00,882.53,869.55,133.14,35.83,2.72
2023-09-23 13:00:00+03:00,865.67,848.12,142.77,37.22,2.75
2023-09-23 14:00:00+03:00,781.03,837.98,127.6,38.05,3.07
2023-09-23 15:00:00+03:00,632.85,792.71,117.88,38.24,3.63
2023-09-23 16:00:00+03:00,437.9,679.7,107.96,37.79,4.46
2023-09-23 17:00:00+03:00,219.82,499.39,73.79,36.51,5.31
2023-09-23 18:00:00+03:00,31.3,84.74,23.99,33.83,5.07
2023-09-23 19:00:00+03:00,0.0,0.0,0.0,30.88,5.16
2023-09-23 20:00:00+03:00,0.0,0.0,0.0,28.95,4.33
2023-09-23 21:00:00+03:00,0.0,0.0,0.0,27.31,2.62
2023-09-23 22:00:00+03:00,0.0,0.0,0.0,26.16,1.81
2023-09-23 23:00:00+03:00,0.0,0.0,0.0,25.4,1.66
2023-09-24 00:00:00+03:00,0.0,0.0,0.0,24.83,1.74
2023-09-24 01:00:00+03:00,0.0,0.0,0.0,24.32,1.88
2023-09-24 02:00:00+03:00,0.0,0.0,0.0,23.81,1.97
2023-09-24 03:00:00+03:00,0.0,0.0,0.0,23.26,2.0
2023-09-24 04:00:00+03:00,0.0,0.0,0.0,22.69,1.99
2023-09-24 05:00:00+03:00,0.0,0.0,0.0,22.12,1.93
2023-09-24 06:00:00+03:00,0.0,0.0,0.0,21.59,1.93
2023-09-24 07:00:00+03:00,100.0,240.27,54.67,22.82,2.64
2023-09-24 08:00:00+03:00,300.3,511.59,104.23,25.76,2.71
2023-09-24 09:00:00+03:00,517.55,676.36,132.44,28.8,2.39
2023-09-24 10:00:00+03:00,693.67,760.91,146.12,31.88,2.29
2023-09-24 11:00:00+03:00,811.05,783.35,167.37,35.43,2.21
2023-09-24 12:00:00+03:00,865.12,805.16,159.46,37.66,2.36
2023-09-24 13:00:00+03:00,836.83,741.87,188.47,39.03,2.77
2023-09-24 14:00:00+03:00,731.47,623.68,224.72,39.82,3.35
2023-09-24 15:00:00+03:00,595.1,613.41,181.57,39.99,4.07
2023-09-24 16:00:00+03:00,410.45,545.82,141.26,39.48,4.99
2023-09-24 17:00:00+03:00,209.98,451.59,78.63,38.08,5.89
2023-09-24 18:00:00+03:00,28.27,65.06,22.95,35.09,5.64
2023-09-24 19:00:00+03:00,0.0,0.0,0.0,31.9,5.75
2023-09-24 20:00:00+03:00,0.0,0.0,0.0,29.62,4.64
2023-09-24 21:00:00+03:00,0.0,0.0,0.0,27.57,3.01
2023-09-24 22:00:00+03:00,0.0,0.0,0.0,26.09,2.33
2023-09-24 23:00:00+03:00,0.0,0.0,0.0,25.04,2.06
2023-09-25 00:00:00+03:00,0.0,0.0,0.0,24.34,1.71
2023-09-25 01:00:00+03:00,0.0,0.0,0.0,23.91,1.36
2023-09-25 02:00:00+03:00,0.0,0.0,0.0,23.5,1.03
2023-09-25 03:00:00+03:00,0.0,0.0,0.0,22.95,0.74
2023-09-25 04:00:00+03:00,0.0,0.0,0.0,22.61,0.49
2023-09-25 05:00:00+03:00,0.0,0.0,0.0,22.13,0.26
2023-09-25 06:00:00+03:00,0.0,0.0,0.0,21.74,0.24
2023-09-25 07:00:00+03:00,88.88,201.61,55.0,22.24,0.49
2023-09-25 08:00:00+03:00,241.62,280.9,135.55,24.72,0.57
2023-09-25 09:00:00+03:00,411.83,319.32,244.69,29.15,1.27
2023-09-25 10:00:00+03:00,609.53,577.92,193.06,33.45,2.02
2023-09-25 11:00:00+03:00,776.67,680.71,215.74,36.09,2.37
2023-09-25 12:00:00+03:00,861.83,795.35,178.68,37.73,2.43
2023-09-25 13:00:00+03:00,864.58,879.63,123.09,38.64,2.48
2023-09-25 14:00:00+03:00,775.28,836.25,130.59,39.08,2.63
2023-09-25 15:00:00+03:00,621.1,779.35,119.88,38.98,2.87
2023-09-25 16:00:00+03:00,420.23,644.7,116.88,38.28,3.26
2023-09-25 17:00:00+03:00,211.02,511.49,73.43,36.92,3.84
2023-09-25 18:00:00+03:00,27.15,71.09,23.0,33.53,3.24
2023-09-25 19:00:00+03:00,0.0,0.0,0.0,30.94,4.16
2023-09-25 20:00:00+03:00,0.0,0.0,0.0,29.73,4.93
2023-09-25 21:00:00+03:00,0.0,0.0,0.0,27.94,3.82
2023-09-25 22:00:00+03:00,0.0,0.0,0.0,26.35,2.56
2023-09-25 23:00:00+03:00,0.0,0.0,0.0,25.27,2.05
2023-09-26 00:00:00+03:00,0.0,0.0,0.0,24.45,1.87
2023-09-26 01:00:00+03:00,0.0,0.0,0.0,23.81,1.74
2023-09-26 02:00:00+03:00,0.0,0.0,0.0,23.26,1.61
2023-09-26 03:00:00+03:00,0.0,0.0,0.0,22.79,1.53
2023-09-26 04:00:00+03:00,0.0,0.0,0.0,22.27,1.5
2023-09-26 05:00:00+03:00,0.0,0.0,0.0,21.74,1.5
2023-09-26 06:00:00+03:00,0.0,0.0,0.0,21.23,1.51
2023-09-26 07:00:00+03:00,79.72,138.02,53.45,22.25,1.58
2023-09-26 08:00:00+03:00,237.68,165.96,173.74,24.87,1.98
2023-09-26 09:00:00+03:00,420.85,199.1,300.45,28.51,2.38
2023-09-26 10:00:00+03:00,599.92,378.86,307.01,32.41,3.02
2023-09-26 11:00:00+03:00,833.25,856.85,139.34,35.08,3.43
2023-09-26 12:00:00+03:00,878.55,830.58,164.37,36.63,3.57
2023-09-26 13:00:00+03:00,861.6,835.77,151.81,37.6,3.64
2023-09-26 14:00:00+03:00,769.9,790.89,157.17,38.18,3.82
2023-09-26 15:00:00+03:00,619.2,713.27,154.65,38.15,4.17
2023-09-26 16:00:00+03:00,420.75,610.53,127.05,37.43,4.66
2023-09-26 17:00:00+03:00,204.9,424.68,85.92,35.99,5.15
2023-09-26 18:00:00+03:00,24.85,37.33,22.55,33.07,4.19
2023-09-26 19:00:00+03:00,0.0,0.0,0.0,30.66,4.55
2023-09-26 20:00:00+03:00,0.0,0.0,0.0,29.17,4.45
2023-09-26 21:00:00+03:00,0.0,0.0,0.0,27.54,3.41
2023-09-26 22:00:00+03:00,0.0,0.0,0.0,25.73,2.47
2023-09-26 23:00:00+03:00,0.0,0.0,0.0,24.32,2.23
2023-09-27 00:00:00+03:00,0.0,0.0,0.0,23.46,2.09
2023-09-27 01:00:00+03:00,0.0,0.0,0.0,22.91,1.9
2023-09-27 02:00:00+03:00,0.0,0.0,0.0,22.47,1.8
2023-09-27 03:00:00+03:00,0.0,0.0,0.0,22.0,1.81
2023-09-27 04:00:00+03:00,0.0,0.0,0.0,21.53,1.9
2023-09-27 05:00:00+03:00,0.0,0.0,0.0,21.03,2.03
2023-09-27 06:00:00+03:00,0.0,0.0,0.0,20.58,2.09
2023-09-27 07:00:00+03:00,89.0,220.81,52.72,21.85,2.07
2023-09-27 08:00:00+03:00,270.95,427.35,122.5,24.87,2.45
2023-09-27 09:00:00+03:00,462.6,480.27,188.53,28.44,2.22
2023-09-27 10:00:00+03:00,651.08,668.99,178.52,32.06,2.45
2023-09-27 11:00:00+03:00,790.33,760.66,189.05,36.07,3.67
2023-09-27 12:00:00+03:00,855.08,777.19,188.85,37.79,4.12
2023-09-27 13:00:00+03:00,848.83,822.92,163.74,38.75,4.39
2023-09-27 14:00:00+03:00,773.05,831.97,135.51,39.14,4.67
2023-09-27 15:00:00+03:00,622.92,769.01,128.54,38.96,5.07
2023-09-27 16:00:00+03:00,423.48,665.35,110.58,38.18,5.64
2023-09-27 17:00:00+03:00,203.25,448.33,80.26,36.66,6.05
2023-09-27 18:00:00+03:00,23.4,40.66,20.33,33.4,4.82
2023-09-27 19:00:00+03:00,0.0,0.0,0.0,30.22,4.64
2023-09-27 20:00:00+03:00,0.0,0.0,0.0,28.29,4.5
2023-09-27 21:00:00+03:00,0.0,0.0,0.0,26.33,3.95
2023-09-27 22:00:00+03:00,0.0,0.0,0.0,24.81,3.31
2023-09-27 23:00:00+03:00,0.0,0.0,0.0,23.69,2.78
2023-09-28 00:00:00+03:00,0.0,0.0,0.0,22.85,2.41
2023-09-28 01:00:00+03:00,0.0,0.0,0.0,22.2,2.26
2023-09-28 02:00:00+03:00,0.0,0.0,0.0,21.66,2.23
2023-09-28 03:00:00+03:00,0.0,0.0,0.0,21.2,2.26
2023-09-28 04:00:00+03:00,0.0,0.0,0.0,20.88,2.39
2023-09-28 05:00:00+03:00,0.0,0.0,0.0,20.59,2.51
2023-09-28 06:00:00+03:00,0.0,0.0,0.0,20.28,2.56
2023-09-28 07:00:00+03:00,98.6,267.04,53.61,21.77,2.99
2023-09-28 08:00:00+03:00,303.98,540.38,104.53,24.7,3.7
2023-09-28 09:00:00+03:00,514.97,685.62,132.38,28.72,3.69
2023-09-28 10:00:00+03:00,689.25,767.23,141.28,33.07,4.47
2023-09-28 11:00:00+03:00,807.78,799.83,156.12,37.07,5.59
2023-09-28 12:00:00+03:00,864.47,844.02,143.92,38.91,5.83
2023-09-28 13:00:00+03:00,843.47,826.88,149.12,39.8,6.2
2023-09-28 14:00:00+03:00,752.5,785.41,149.75,39.95,6.6
2023-09-28 15:00:00+03:00,601.03,711.26,144.09,39.36,6.85
2023-09-28 16:00:00+03:00,402.75,590.84,122.53,38.2,6.87
2023-09-28 17:00:00+03:00,188.25,389.12,82.08,36.51,6.57
2023-09-28 18:00:00+03:00,19.88,13.82,20.21,33.32,4.72
2023-09-28 19:00:00+03:00,0.0,0.0,0.0,30.13,4.16
2023-09-28 20:00:00+03:00,0.0,0.0,0.0,28.52,4.6
2023-09-28 21:00:00+03:00,0.0,0.0,0.0,26.87,4.38
2023-09-28 22:00:00+03:00,0.0,0.0,0.0,25.59,3.66
2023-09-28 23:00:00+03:00,0.0,0.0,0.0,24.62,3.03
2023-09-29 00:00:00+03:00,0.0,0.0,0.0,23.81,2.41
2023-09-29 01:00:00+03:00,0.0,0.0,0.0,23.25,2.2
2023-09-29 02:00:00+03:00,0.0,0.0,0.0,22.87,2.19
2023-09-29 03:00:00+03:00,0.0,0.0,0.0,22.5,2.17
2023-09-29 04:00:00+03:00,0.0,0.0,0.0,22.24,2.19
2023-09-29 05:00:00+03:00,0.0,0.0,0.0,22.06,2.15
2023-09-29 06:00:00+03:00,0.0,0.0,0.0,21.89,2.16
2023-09-29 07:00:00+03:00,83.4,115.64,59.58,23.3,2.27
2023-09-29 08:00:00+03:00,275.62,374.74,131.63,26.19,3.21
2023-09-29 09:00:00+03:00,474.92,497.97,189.29,29.34,3.73
2023-09-29 10:00:00+03:00,663.75,657.95,185.41,32.91,4.44
2023-09-29 11:00:00+03:00,781.65,684.59,213.08,36.37,5.03
2023-09-29 12:00:00+03:00,846.72,772.7,188.12,37.96,5.0
2023-09-29 13:00:00+03:00,825.85,767.48,181.83,38.59,5.06
2023-09-29 14:00:00+03:00,737.88,732.97,170.31,38.64,5.35
2023-09-29 15:00:00+03:00,587.3,663.92,159.63,38.02,5.64
2023-09-29 16:00:00+03:00,391.52,544.21,131.54,36.82,5.95
2023-09-29 17:00:00+03:00,178.98,336.36,85.56,34.87,6.07
2023-09-29 18:00:00+03:00,18.33,10.96,18.18,32.27,5.22
2023-09-29 19:00:00+03:00,0.0,0.0,0.0,29.94,4.74
2023-09-29 20:00:00+03:00,0.0,0.0,0.0,28.37,4.6
2023-09-29 21:00:00+03:00,0.0,0.0,0.0,26.94,4.02
2023-09-29 22:00:00+03:00,0.0,0.0,0.0,26.04,3.36
2023-09-29 23:00:00+03:00,0.0,0.0,0.0,25.42,2.63
2023-09-30 00:00:00+03:00,0.0,0.0,0.0,24.7,1.94
2023-09-30 01:00:00+03:00,0.0,0.0,0.0,23.98,1.85
2023-09-30 02:00:00+03:00,0.0,0.0,0.0,23.47,1.92
2023-09-30 03:00:00+03:00,0.0,0.0,0.0,23.05,2.0
2023-09-30 04:00:00+03:00,0.0,0.0,0.0,22.71,2.11
2023-09-30 05:00:00+03:00,0.0,0.0,0.0,22.46,2.22
2023-09-30 06:00:00+03:00,0.0,0.0,0.0,22.21,2.26
2023-09-30 07:00:00+03:00,81.2,104.83,62.45,23.35,2.7
2023-09-30 08:00:00+03:00,271.0,336.36,153.12,26.3,3.78
2023-09-30 09:00:00+03:00,474.45,468.56,204.42,29.68,4.29
2023-09-30 10:00:00+03:00,634.47,549.49,232.0,32.63,4.1
2023-09-30 11:00:00+03:00,750.53,573.63,271.35,34.8,3.68
2023-09-30 12:00:00+03:00,779.8,547.86,306.85,36.17,3.39
2023-09-30 13:00:00+03:00,753.25,505.44,322.81,36.97,3.31
2023-09-30 14:00:00+03:00,623.53,422.81,319.12,37.31,3.37
2023-09-30 15:00:00+03:00,437.27,209.62,306.86,37.08,3.54
2023-09-30 16:00:00+03:00,293.77,160.11,222.56,36.33,3.92
2023-09-30 17:00:00+03:00,127.5,80.02,103.58,34.93,4.52
2023-09-30 18:00:00+03:00,11.82,2.24,12.14,32.44,4.29
2023-09-30 19:00:00+03:00,0.0,0.0,0.0,30.27,4.81
2023-09-30 20:00:00+03:00,0.0,0.0,0.0,28.94,4.54
2023-09-30 21:00:00+03:00,0.0,0.0,0.0,27.9,3.32
2023-09-30 22:00:00+03:00,0.0,0.0,0.0,27.16,2.75
2023-09-30 23:00:00+03:00,0.0,0.0,0.0,26.55,2.39
2023-10-01 00:00:00+03:00,0.0,0.0,0.0,25.96,2.1
2023-10-01 01:00:00+03:00,0.0,0.0,0.0,25.36,1.95
2023-10-01 02:00:00+03:00,0.0,0.0,0.0,24.82,1.9
2023-10-01 03:00:00+03:00,0.0,0.0,0.0,24.62,1.93
2023-10-01 04:00:00+03:00,0.0,0.0,0.0,24.59,2.24
2023-10-01 05:00:00+03:00,0.0,0.0,0.0,24.37,2.22
2023-10-01 06:00:00+03:00,0.0,0.0,0.0,23.62,2.08
2023-10-01 07:00:00+03:00,65.65,15.5,58.16,24.11,3.42
2023-10-01 08:00:00+03:00,197.1,24.74,165.3,26.25,4.04
2023-10-01 09:00:00+03:00,355.5,37.95,294.28,27.91,4.01
2023-10-01 10:00:00+03:00,541.47,257.09,327.87,29.18,4.34
2023-10-01 11:00:00+03:00,728.53,483.4,339.83,30.0,4.14
2023-10-01 12:00:00+03:00,651.3,205.47,406.53,30.67,4.23
2023-10-01 13:00:00+03:00,570.22,64.58,437.75,31.18,4.46
2023-10-01 14:00:00+03:00,367.95,26.49,297.0,31.38,4.46
2023-10-01 15:00:00+03:00,340.08,25.71,275.71,31.82,4.39
2023-10-01 16:00:00+03:00,212.95,15.53,182.08,31.52,4.54
2023-10-01 17:00:00+03:00,95.82,9.07,85.76,30.99,4.86
2023-10-01 18:00:00+03:00,9.4,0.0,9.67,29.38,4.45
2023-10-01 19:00:00+03:00,0.0,0.0,0.0,27.83,4.84
2023-10-01 20:00:00+03:00,0.0,0.0,0.0,26.59,4.95
2023-10-01 21:00:00+03:00,0.0,0.0,0.0,25.62,4.24
2023-10-01 22:00:00+03:00,0.0,0.0,0.0,24.91,3.17
2023-10-01 23:00:00+03:00,0.0,0.0,0.0,24.13,2.36
2023-10-02 00:00:00+03:00,0.0,0.0,0.0,23.27,2.18
2023-10-02 01:00:00+03:00,0.0,0.0,0.0,23.28,2.41
2023-10-02 02:00:00+03:00,0.0,0.0,0.0,23.0,2.27
2023-10-02 03:00:00+03:00,0.0,0.0,0.0,22.69,2.13
2023-10-02 04:00:00+03:00,0.0,0.0,0.0,22.43,2.06
2023-10-02 05:00:00+03:00,0.0,0.0,0.0,22.24,2.0
2023-10-02 06:00:00+03:00,0.0,0.0,0.0,22.09,2.03
2023-10-02 07:00:00+03:00,72.32,61.61,61.73,22.46,2.56
2023-10-02 08:00:00+03:00,244.0,259.48,153.94,23.56,3.04
2023-10-02 09:00:00+03:00,439.05,354.15,237.39,25.72,3.9
2023-10-02 10:00:00+03:00,527.55,236.55,368.06,27.35,4.02
2023-10-02 11:00:00+03:00,525.72,187.57,402.1,28.4,3.79
2023-10-02 12:00:00+03:00,413.3,70.91,295.39,28.98,3.7
2023-10-02 13:00:00+03:00,534.33,116.1,401.34,29.19,4.02
2023-10-02 14:00:00+03:00,350.4,11.02,285.99,29.18,4.35
2023-10-02 15:00:00+03:00,318.48,18.93,270.56,28.88,4.42
2023-10-02 16:00:00+03:00,186.9,26.38,154.92,28.49,4.53
2023-10-02 17:00:00+03:00,82.35,14.66,70.59,27.96,4.4
2023-10-02 18:00:00+03:00,6.93,0.0,7.27,27.15,3.3
2023-10-02 19:00:00+03:00,0.0,0.0,0.0,26.24,2.54
2023-10-02 20:00:00+03:00,0.0,0.0,0.0,25.57,2.62
2023-10-02 21:00:00+03:00,0.0,0.0,0.0,24.55,2.56
2023-10-02 22:00:00+03:00,0.0,0.0,0.0,23.32,2.59
2023-10-02 23:00:00+03:00,0.0,0.0,0.0,22.45,2.49
2023-10-03 00:00:00+03:00,0.0,0.0,0.0,21.7,2.33
2023-10-03 01:00:00+03:00,0.0,0.0,0.0,21.04,2.21
2023-10-03 02:00:00+03:00,0.0,0.0,0.0,20.48,2.07
2023-10-03 03:00:00+03:00,0.0,0.0,0.0,20.14,1.86
2023-10-03 04:00:00+03:00,0.0,0.0,0.0,20.0,1.66
2023-10-03 05:00:00+03:00,0.0,0.0,0.0,19.86,1.52
2023-10-03 06:00:00+03:00,0.0,0.0,0.0,19.52,1.57
2023-10-03 07:00:00+03:00,70.62,76.09,57.59,20.23,1.67
2023-10-03 08:00:00+03:00,245.43,238.72,160.29,23.16,2.25
2023-10-03 09:00:00+03:00,435.6,374.37,220.42,26.76,3.19
2023-10-03 10:00:00+03:00,590.75,429.35,288.45,28.69,3.29
2023-10-03 11:00:00+03:00,701.38,476.59,320.22,30.34,3.34
2023-10-03 12:00:00+03:00,732.55,405.69,402.48,31.75,3.27
2023-10-03 13:00:00+03:00,713.42,390.09,367.51,32.81,3.26
2023-10-03 14:00:00+03:00,598.75,286.05,377.77,33.41,3.44
2023-10-03 15:00:00+03:00,416.67,93.77,343.71,33.46,3.74
2023-10-03 16:00:00+03:00,273.1,51.78,222.76,32.96,4.17
2023-10-03 17:00:00+03:00,121.35,46.09,99.86,31.77,4.53
2023-10-03 18:00:00+03:00,11.6,5.85,14.09,30.02,4.32
2023-10-03 19:00:00+03:00,0.0,0.0,0.0,28.37,5.15
2023-10-03 20:00:00+03:00,0.0,0.0,0.0,26.66,5.33
2023-10-03 21:00:00+03:00,0.0,0.0,0.0,25.28,4.59
2023-10-03 22:00:00+03:00,0.0,0.0,0.0,24.46,3.24
2023-10-03 23:00:00+03:00,0.0,0.0,0.0,23.76,1.97
2023-10-04 00:00:00+03:00,0.0,0.0,0.0,23.25,1.47
2023-10-04 01:00:00+03:00,0.0,0.0,0.0,23.08,1.1
2023-10-04 02:00:00+03:00,0.0,0.0,0.0,22.99,0.88
2023-10-04 03:00:00+03:00,0.0,0.0,0.0,22.53,1.11
2023-10-04 04:00:00+03:00,0.0,0.0,0.0,22.09,1.27
2023-10-04 05:00:00+03:00,0.0,0.0,0.0,21.7,1.48
2023-10-04 06:00:00+03:00,0.0,0.0,0.0,21.12,1.56
2023-10-04 07:00:00+03:00,75.85,107.31,56.86,21.93,1.99
2023-10-04 08:00:00+03:00,265.77,365.56,154.98,24.63,2.48
2023-10-04 09:00:00+03:00,469.05,570.91,194.29,27.18,2.57
2023-10-04 10:00:00+03:00,612.5,509.01,278.95,29.18,2.61
2023-10-04 11:00:00+03:00,752.2,576.35,284.37,30.88,2.75
2023-10-04 12:00:00+03:00,684.7,244.09,452.11,32.33,2.64
2023-10-04 13:00:00+03:00,655.25,308.13,377.14,33.09,2.53
2023-10-04 14:00:00+03:00,505.67,67.54,381.17,33.33,2.72
2023-10-04 15:00:00+03:00,356.9,29.53,291.87,33.15,3.54
2023-10-04 16:00:00+03:00,215.62,22.97,180.24,31.93,4.51
2023-10-04 17:00:00+03:00,95.1,13.41,79.44,30.44,5.58
2023-10-04 18:00:00+03:00,7.65,0.0,9.11,28.68,6.0
2023-10-04 19:00:00+03:00,0.0,0.0,0.0,26.88,5.49
2023-10-04 20:00:00+03:00,0.0,0.0,0.0,25.89,4.89
2023-10-04 21:00:00+03:00,0.0,0.0,0.0,25.12,3.95
2023-10-04 22:00:00+03:00,0.0,0.0,0.0,24.37,3.21
2023-10-04 23:00:00+03:00,0.0,0.0,0.0,23.8,3.0
2023-10-05 00:00:00+03:00,0.0,0.0,0.0,23.52,2.84
2023-10-05 01:00:00+03:00,0.0,0.0,0.0,23.11,2.55
2023-10-05 02:00:00+03:00,0.0,0.0,0.0,22.68,2.46
2023-10-05 03:00:00+03:00,0.0,0.0,0.0,22.36,2.44
2023-10-05 04:00:00+03:00,0.0,0.0,0.0,22.16,2.43
2023-10-05 05:00:00+03:00,0.0,0.0,0.0,22.06,2.44
2023-10-05 06:00:00+03:00,0.0,0.0,0.0,21.96,2.43
2023-10-05 07:00:00+03:00,72.35,134.74,52.44,23.06,2.46
2023-10-05 08:00:00+03:00,256.0,386.81,124.01,26.29,4.27
2023-10-05 09:00:00+03:00,453.92,525.89,161.91,28.9,5.04
2023-10-05 10:00:00+03:00,568.7,380.48,278.11,31.01,4.84
2023-10-05 11:00:00+03:00,678.72,273.74,416.82,32.85,4.49
2023-10-05 12:00:00+03:00,706.03,297.05,414.53,34.23,4.37
2023-10-05 13:00:00+03:00,678.83,355.44,347.46,34.99,4.5
2023-10-05 14:00:00+03:00,545.25,157.31,356.8,35.2,4.78
2023-10-05 15:00:00+03:00,483.55,349.07,243.19,34.82,5.24
2023-10-05 16:00:00+03:00,296.75,322.4,152.9,33.76,5.89
2023-10-05 17:00:00+03:00,119.25,177.32,78.77,31.97,6.61
2023-10-05 18:00:00+03:00,9.27,2.6,10.79,29.61,6.88
2023-10-05 19:00:00+03:00,0.0,0.0,0.0,27.59,6.44
2023-10-05 20:00:00+03:00,0.0,0.0,0.0,26.42,5.7
2023-10-05 21:00:00+03:00,0.0,0.0,0.0,25.65,4.75
2023-10-05 22:00:00+03:00,0.0,0.0,0.0,24.91,3.88
2023-10-05 23:00:00+03:00,0.0,0.0,0.0,24.12,3.27
2023-10-06 00:00:00+03:00,0.0,0.0,0.0,23.4,2.85
2023-10-06 01:00:00+03:00,0.0,0.0,0.0,22.82,2.66
2023-10-06 02:00:00+03:00,0.0,0.0,0.0,22.37,2.55
2023-10-06 03:00:00+03:00,0.0,0.0,0.0,22.01,2.5
2023-10-06 04:00:00+03:00,0.0,0.0,0.0,21.76,2.52
2023-10-06 05:00:00+03:00,0.0,0.0,0.0,21.59,2.58
2023-10-06 06:00:00+03:00,0.0,0.0,0.0,21.44,2.6
2023-10-06 07:00:00+03:00,71.82,136.02,45.55,22.55,2.72
2023-10-06 08:00:00+03:00,269.38,457.76,107.0,26.02,4.51
2023-10-06 09:00:00+03:00,476.42,624.74,137.85,28.49,4.84
2023-10-06 10:00:00+03:00,645.45,706.53,157.58,30.4,4.52
2023-10-06 11:00:00+03:00,762.53,759.16,165.17,32.05,4.31
2023-10-06 12:00:00+03:00,823.08,795.6,170.88,33.29,4.3
2023-10-06 13:00:00+03:00,776.78,705.38,218.82,34.06,4.48
2023-10-06 14:00:00+03:00,583.65,666.9,157.38,34.32,4.88
2023-10-06 15:00:00+03:00,506.88,576.42,188.43,33.99,5.52
2023-10-06 16:00:00+03:00,332.52,449.81,164.4,33.01,6.18
2023-10-06 17:00:00+03:00,137.27,238.84,90.47,31.28,6.81
2023-10-06 18:00:00+03:00,10.4,10.91,14.35,28.95,6.72
2023-10-06 19:00:00+03:00,0.0,0.0,0.0,27.05,5.87
2023-10-06 20:00:00+03:00,0.0,0.0,0.0,25.91,4.92
2023-10-06 21:00:00+03:00,0.0,0.0,0.0,25.0,3.8
2023-10-06 22:00:00+03:00,0.0,0.0,0.0,24.11,2.82
2023-10-06 23:00:00+03:00,0.0,0.0,0.0,23.52,2.43
2023-10-07 00:00:00+03:00,0.0,0.0,0.0,22.65,2.27
2023-10-07 01:00:00+03:00,0.0,0.0,0.0,21.98,2.28
2023-10-07 02:00:00+03:00,0.0,0.0,0.0,21.44,2.31
2023-10-07 03:00:00+03:00,0.0,0.0,0.0,20.98,2.34
2023-10-07 04:00:00+03:00,0.0,0.0,0.0,20.61,2.4
2023-10-07 05:00:00+03:00,0.0,0.0,0.0,20.33,2.47
2023-10-07 06:00:00+03:00,0.0,0.0,0.0,20.1,2.47
2023-10-07 07:00:00+03:00,81.93,275.76,38.29,21.14,2.59
2023-10-07 08:00:00+03:00,289.67,606.32,83.36,24.55,4.07
2023-10-07 09:00:00+03:00,495.58,730.81,110.58,27.13,4.35
2023-10-07 10:00:00+03:00,659.1,767.55,139.07,29.22,4.1
2023-10-07 11:00:00+03:00,745.75,685.77,224.86,30.96,3.79
2023-10-07 12:00:00+03:00,775.03,593.85,274.81,32.08,3.51
2023-10-07 13:00:00+03:00,760.88,592.41,266.02,32.76,3.35
2023-10-07 14:00:00+03:00,557.0,235.94,356.86,32.98,3.48
2023-10-07 15:00:00+03:00,420.67,116.2,318.88,32.93,3.99
2023-10-07 16:00:00+03:00,253.05,53.87,206.62,32.47,4.93
2023-10-07 17:00:00+03:00,104.3,22.17,89.52,31.17,5.87
2023-10-07 18:00:00+03:00,6.4,0.0,8.16,28.71,6.17
2023-10-07 19:00:00+03:00,0.0,0.0,0.0,26.8,6.42
2023-10-07 20:00:00+03:00,0.0,0.0,0.0,25.7,5.78
2023-10-07 21:00:00+03:00,0.0,0.0,0.0,25.11,4.47
2023-10-07 22:00:00+03:00,0.0,0.0,0.0,24.58,3.26
2023-10-07 23:00:00+03:00,0.0,0.0,0.0,23.54,2.36
2023-10-08 00:00:00+03:00,0.0,0.0,0.0,22.77,2.18
2023-10-08 01:00:00+03:00,0.0,0.0,0.0,22.16,2.18
2023-10-08 02:00:00+03:00,0.0,0.0,0.0,21.67,2.2
2023-10-08 03:00:00+03:00,0.0,0.0,0.0,21.37,2.21
2023-10-08 04:00:00+03:00,0.0,0.0,0.0,20.95,2.26
2023-10-08 05:00:00+03:00,0.0,0.0,0.0,20.63,2.3
2023-10-08 06:00:00+03:00,0.0,0.0,0.0,20.65,2.19
2023-10-08 07:00:00+03:00,65.0,103.78,48.5,21.56,1.93
2023-10-08 08:00:00+03:00,257.98,406.98,114.06,24.53,2.79
2023-10-08 09:00:00+03:00,465.45,614.24,139.52,26.95,2.48
2023-10-08 10:00:00+03:00,628.92,665.2,170.56,28.9,2.06
2023-10-08 11:00:00+03:00,731.33,686.92,200.06,30.71,2.16
2023-10-08 12:00:00+03:00,770.22,638.02,236.26,32.34,2.57
2023-10-08 13:00:00+03:00,702.8,485.03,297.57,33.53,3.07
2023-10-08 14:00:00+03:00,518.3,264.7,303.77,34.21,3.62
2023-10-08 15:00:00+03:00,378.75,121.52,276.56,34.27,3.96
2023-10-08 16:00:00+03:00,247.68,76.53,205.81,33.91,4.4
2023-10-08 17:00:00+03:00,95.8,32.43,83.49,32.75,4.93
2023-10-08 18:00:00+03:00,7.4,0.84,10.02,30.49,4.52
2023-10-08 19:00:00+03:00,0.0,0.0,0.0,28.57,5.4
2023-10-08 20:00:00+03:00,0.0,0.0,0.0,26.9,5.32
2023-10-08 21:00:00+03:00,0.0,0.0,0.0,25.88,4.65
2023-10-08 22:00:00+03:00,0.0,0.0,0.0,25.37,3.7
2023-10-08 23:00:00+03:00,0.0,0.0,0.0,24.86,2.29
2023-10-09 00:00:00+03:00,0.0,0.0,0.0,24.24,1.48
2023-10-09 01:00:00+03:00,0.0,0.0,0.0,23.74,1.67
2023-10-09 02:00:00+03:00,0.0,0.0,0.0,23.24,2.06
2023-10-09 03:00:00+03:00,0.0,0.0,0.0,22.93,2.57
2023-10-09 04:00:00+03:00,0.0,0.0,0.0,22.57,2.88
2023-10-09 05:00:00+03:00,0.0,0.0,0.0,22.1,2.7
2023-10-09 06:00:00+03:00,0.0,0.0,0.0,21.58,2.43
2023-10-09 07:00:00+03:00,59.03,67.07,46.23,21.95,2.8
2023-10-09 08:00:00+03:00,235.18,317.17,118.28,24.46,3.73
2023-10-09 09:00:00+03:00,428.67,464.11,171.02,27.26,4.2
2023-10-09 10:00:00+03:00,598.17,561.45,197.57,29.61,4.32
2023-10-09 11:00:00+03:00,684.55,516.33,268.33,31.64,4.45
2023-10-09 12:00:00+03:00,735.75,535.28,290.94,33.07,4.37
2023-10-09 13:00:00+03:00,643.25,570.21,217.82,33.99,4.11
2023-10-09 14:00:00+03:00,602.15,275.1,361.53,34.44,3.84
2023-10-09 15:00:00+03:00,483.08,413.68,233.36,34.39,3.84
2023-10-09 16:00:00+03:00,282.1,269.13,170.46,33.66,4.35
2023-10-09 17:00:00+03:00,108.4,111.14,85.79,32.04,5.17
2023-10-09 18:00:00+03:00,6.93,1.54,9.78,29.9,6.23
2023-10-09 19:00:00+03:00,0.0,0.0,0.0,27.59,6.76
2023-10-09 20:00:00+03:00,0.0,0.0,0.0,25.86,6.74
2023-10-09 21:00:00+03:00,0.0,0.0,0.0,24.78,6.06
2023-10-09 22:00:00+03:00,0.0,0.0,0.0,24.09,5.08
2023-10-09 23:00:00+03:00,0.0,0.0,0.0,23.56,4.28
2023-10-10 00:00:00+03:00,0.0,0.0,0.0,23.13,3.68
2023-10-10 01:00:00+03:00,0.0,0.0,0.0,22.67,3.11
2023-10-10 02:00:00+03:00,0.0,0.0,0.0,22.16,2.7
2023-10-10 03:00:00+03:00,0.0,0.0,0.0,21.65,2.54
2023-10-10 04:00:00+03:00,0.0,0.0,0.0,21.18,2.5
2023-10-10 05:00:00+03:00,0.0,0.0,0.0,20.74,2.46
2023-10-10 06:00:00+03:00,0.0,0.0,0.0,20.3,2.56
2023-10-10 07:00:00+03:00,67.45,156.58,42.04,20.61,3.48
2023-10-10 08:00:00+03:00,260.75,453.27,103.4,23.21,4.21
2023-10-10 09:00:00+03:00,460.67,574.23,154.91,26.01,4.31
2023-10-10 10:00:00+03:00,634.62,695.53,162.71,28.07,4.28
2023-10-10 11:00:00+03:00,744.38,716.28,193.74,29.96,4.46
2023-10-10 12:00:00+03:00,784.33,696.38,213.28,31.38,4.59
2023-10-10 13:00:00+03:00,730.97,620.58,220.42,32.34,4.65
2023-10-10 14:00:00+03:00,653.2,557.58,244.3,32.86,4.81
2023-10-10 15:00:00+03:00,514.03,553.85,182.68,32.85,5.11
2023-10-10 16:00:00+03:00,319.75,467.38,131.93,32.24,5.6
2023-10-10 17:00:00+03:00,124.43,256.83,71.54,30.82,6.13
2023-10-10 18:00:00+03:00,6.6,5.54,9.79,28.27,5.89
2023-10-10 19:00:00+03:00,0.0,0.0,0.0,26.05,6.1
2023-10-10 20:00:00+03:00,0.0,0.0,0.0,24.58,4.87
2023-10-10 21:00:00+03:00,0.0,0.0,0.0,23.49,3.17
2023-10-10 22:00:00+03:00,0.0,0.0,0.0,22.58,2.25
2023-10-10 23:00:00+03:00,0.0,0.0,0.0,21.94,2.05
2023-10-11 00:00:00+03:00,0.0,0.0,0.0,21.67,2.03
2023-10-11 01:00:00+03:00,0.0,0.0,0.0,21.35,2.07
2023-10-11 02:00:00+03:00,0.0,0.0,0.0,20.9,2.14
2023-10-11 03:00:00+03:00,0.0,0.0,0.0,20.35,2.21
2023-10-11 04:00:00+03:00,0.0,0.0,0.0,19.86,2.28
2023-10-11 05:00:00+03:00,0.0,0.0,0.0,19.54,2.32
2023-10-11 06:00:00+03:00,0.0,0.0,0.0,19.26,2.38
2023-10-11 07:00:00+03:00,59.95,75.59,49.43,19.88,3.05
2023-10-11 08:00:00+03:00,251.62,377.66,123.34,22.71,4.2
2023-10-11 09:00:00+03:00,458.48,599.57,141.0,25.91,4.59
2023-10-11 10:00:00+03:00,623.17,665.37,166.94,27.95,4.34
2023-10-11 11:00:00+03:00,740.12,701.69,194.02,29.78,4.15
2023-10-11 12:00:00+03:00,793.95,714.97,228.14,31.32,4.0
2023-10-11 13:00:00+03:00,755.65,685.09,214.25,32.53,3.96
2023-10-11 14:00:00+03:00,634.85,394.84,331.31,33.25,4.05
2023-10-11 15:00:00+03:00,534.17,695.33,133.51,33.48,4.2
2023-10-11 16:00:00+03:00,329.88,566.29,106.97,33.14,4.42
2023-10-11 17:00:00+03:00,124.3,298.81,66.75,32.15,4.63
2023-10-11 18:00:00+03:00,5.85,5.96,8.74,28.77,3.56
2023-10-11 19:00:00+03:00,0.0,0.0,0.0,27.16,5.01
2023-10-11 20:00:00+03:00,0.0,0.0,0.0,25.78,5.36
2023-10-11 21:00:00+03:00,0.0,0.0,0.0,24.46,4.12
2023-10-11 22:00:00+03:00,0.0,0.0,0.0,23.32,2.55
2023-10-11 23:00:00+03:00,0.0,0.0,0.0,22.48,2.01
2023-10-12 00:00:00+03:00,0.0,0.0,0.0,21.83,1.85
2023-10-12 01:00:00+03:00,0.0,0.0,0.0,21.24,1.8
2023-10-12 02:00:00+03:00,0.0,0.0,0.0,20.69,1.82
2023-10-12 03:00:00+03:00,0.0,0.0,0.0,20.15,1.87
2023-10-12 04:00:00+03:00,0.0,0.0,0.0,19.66,1.93
2023-10-12 05:00:00+03:00,0.0,0.0,0.0,19.22,1.97
2023-10-12 06:00:00+03:00,0.0,0.0,0.0,18.85,2.04
2023-10-12 07:00:00+03:00,63.55,152.83,41.04,19.56,2.17
2023-10-12 08:00:00+03:00,259.25,476.35,99.63,22.63,2.78
2023-10-12 09:00:00+03:00,461.27,626.08,134.72,25.81,2.57
2023-10-12 10:00:00+03:00,626.3,696.75,158.1,27.9,2.48
2023-10-12 11:00:00+03:00,728.72,651.69,219.28,29.8,2.54
2023-10-12 12:00:00+03:00,777.8,690.85,223.5,31.42,2.6
2023-10-12 13:00:00+03:00,745.83,641.51,257.46,32.64,2.72
2023-10-12 14:00:00+03:00,637.0,607.19,206.13,33.41,2.94
2023-10-12 15:00:00+03:00,527.45,692.45,131.63,33.63,3.27
2023-10-12 16:00:00+03:00,336.33,585.81,104.17,33.31,3.78
2023-10-12 17:00:00+03:00,128.82,352.29,56.39,32.19,4.37
2023-10-12 18:00:00+03:00,5.68,9.31,7.82,30.07,4.41
2023-10-12 19:00:00+03:00,0.0,0.0,0.0,28.68,6.19
2023-10-12 20:00:00+03:00,0.0,0.0,0.0,27.03,6.18
2023-10-12 21:00:00+03:00,0.0,0.0,0.0,25.6,4.69
2023-10-12 22:00:00+03:00,0.0,0.0,0.0,24.55,2.86
2023-10-12 23:00:00+03:00,0.0,0.0,0.0,23.78,2.12
2023-10-13 00:00:00+03:00,0.0,0.0,0.0,23.18,2.04
2023-10-13 01:00:00+03:00,0.0,0.0,0.0,22.6,2.16
2023-10-13 02:00:00+03:00,0.0,0.0,0.0,22.04,2.37
2023-10-13 03:00:00+03:00,0.0,0.0,0.0,21.46,2.41
2023-10-13 04:00:00+03:00,0.0,0.0,0.0,20.91,2.23
2023-10-13 05:00:00+03:00,0.0,0.0,0.0,20.46,1.98
2023-10-13 06:00:00+03:00,0.0,0.0,0.0,20.13,1.94
2023-10-13 07:00:00+03:00,58.42,107.94,41.88,20.61,2.49
2023-10-13 08:00:00+03:00,250.6,433.54,104.42,23.28,2.64
2023-10-13 09:00:00+03:00,456.02,614.99,136.68,27.03,2.15
2023-10-13 10:00:00+03:00,615.83,646.93,183.79,29.18,2.16
2023-10-13 11:00:00+03:00,709.62,608.96,248.48,30.93,2.21
2023-10-13 12:00:00+03:00,771.85,657.99,240.55,32.25,2.27
2023-10-13 13:00:00+03:00,752.05,725.53,197.16,33.08,2.47
2023-10-13 14:00:00+03:00,572.3,699.46,128.57,33.37,2.82
2023-10-13 15:00:00+03:00,497.27,653.2,137.96,33.21,3.34
2023-10-13 16:00:00+03:00,314.33,528.78,112.2,32.45,4.07
2023-10-13 17:00:00+03:00,117.72,329.0,56.15,31.06,4.86
2023-10-13 18:00:00+03:00,4.95,9.09,7.17,29.32,5.08
2023-10-13 19:00:00+03:00,0.0,0.0,0.0,27.93,5.79
2023-10-13 20:00:00+03:00,0.0,0.0,0.0,26.63,5.71
2023-10-13 21:00:00+03:00,0.0,0.0,0.0,25.33,4.82
2023-10-13 22:00:00+03:00,0.0,0.0,0.0,24.35,3.61
2023-10-13 23:00:00+03:00,0.0,0.0,0.0,23.52,2.5
2023-10-14 00:00:00+03:00,0.0,0.0,0.0,22.79,1.94
2023-10-14 01:00:00+03:00,0.0,0.0,0.0,22.16,1.79
2023-10-14 02:00:00+03:00,0.0,0.0,0.0,21.64,1.78
2023-10-14 03:00:00+03:00,0.0,0.0,0.0,21.32,1.66
2023-10-14 04:00:00+03:00,0.0,0.0,0.0,20.96,1.61
2023-10-14 05:00:00+03:00,0.0,0.0,0.0,20.6,1.59
2023-10-14 06:00:00+03:00,0.0,0.0,0.0,20.23,1.6
2023-10-14 07:00:00+03:00,64.95,211.4,36.56,20.57,2.03
2023-10-14 08:00:00+03:00,265.4,578.86,79.16,22.81,2.73
2023-10-14 09:00:00+03:00,472.58,713.73,111.21,25.26,2.93
2023-10-14 10:00:00+03:00,638.25,780.36,130.99,27.31,3.0
2023-10-14 11:00:00+03:00,747.78,816.29,137.7,29.12,2.97
2023-10-14 12:00:00+03:00,782.85,747.02,187.51,30.53,2.74
2023-10-14 13:00:00+03:00,746.65,678.52,214.6,31.58,2.6
2023-10-14 14:00:00+03:00,599.05,603.0,176.6,32.17,2.69
2023-10-14 15:00:00+03:00,429.12,338.7,223.99,32.31,2.93
2023-10-14 16:00:00+03:00,248.48,316.75,131.05,31.85,3.41
2023-10-14 17:00:00+03:00,91.97,156.87,63.2,30.83,3.85
2023-10-14 18:00:00+03:00,3.88,0.74,6.17,28.82,2.79
2023-10-14 19:00:00+03:00,0.0,0.0,0.0,27.74,3.07
2023-10-14 20:00:00+03:00,0.0,0.0,0.0,26.91,3.69
2023-10-14 21:00:00+03:00,0.0,0.0,0.0,25.75,3.82
2023-10-14 22:00:00+03:00,0.0,0.0,0.0,24.63,3.69
2023-10-14 23:00:00+03:00,0.0,0.0,0.0,23.27,2.74
2023-10-15 00:00:00+03:00,0.0,0.0,0.0,22.68,2.17
2023-10-15 01:00:00+03:00,0.0,0.0,0.0,22.03,1.81
2023-10-15 02:00:00+03:00,0.0,0.0,0.0,21.37,1.71
2023-10-15 03:00:00+03:00,0.0,0.0,0.0,20.93,1.55
2023-10-15 04:00:00+03:00,0.0,0.0,0.0,20.65,1.34
2023-10-15 05:00:00+03:00,0.0,0.0,0.0,20.46,1.12
2023-10-15 06:00:00+03:00,0.0,0.0,0.0,20.24,0.97
2023-10-15 07:00:00+03:00,56.9,96.6,40.25,20.3,1.13
2023-10-15 08:00:00+03:00,248.9,416.05,108.88,22.88,1.48
2023-10-15 09:00:00+03:00,452.55,601.87,142.47,25.55,2.61
2023-10-15 10:00:00+03:00,620.25,686.56,168.63,27.58,3.8
2023-10-15 11:00:00+03:00,728.47,693.58,204.77,29.21,4.55
2023-10-15 12:00:00+03:00,767.28,651.9,264.82,30.45,4.93
2023-10-15 13:00:00+03:00,729.58,671.42,215.29,31.28,5.12
2023-10-15 14:00:00+03:00,667.38,727.37,162.36,31.68,5.23
2023-10-15 15:00:00+03:00,523.25,714.7,125.0,31.54,5.25
2023-10-15 16:00:00+03:00,325.45,579.33,99.86,30.93,5.27
2023-10-15 17:00:00+03:00,121.07,340.74,58.29,29.75,5.27
2023-10-15 18:00:00+03:00,4.15,6.07,5.89,27.18,3.97
2023-10-15 19:00:00+03:00,0.0,0.0,0.0,26.04,5.08
2023-10-15 20:00:00+03:00,0.0,0.0,0.0,24.54,4.93
2023-10-15 21:00:00+03:00,0.0,0.0,0.0,23.1,3.4
2023-10-15 22:00:00+03:00,0.0,0.0,0.0,21.99,2.24
2023-10-15 23:00:00+03:00,0.0,0.0,0.0,21.17,1.87
2023-10-16 00:00:00+03:00,0.0,0.0,0.0,20.49,1.82
2023-10-16 01:00:00+03:00,0.0,0.0,0.0,19.87,1.91
2023-10-16 02:00:00+03:00,0.0,0.0,0.0,19.28,2.05
2023-10-16 03:00:00+03:00,0.0,0.0,0.0,18.76,2.17
2023-10-16 04:00:00+03:00,0.0,0.0,0.0,18.33,2.28
2023-10-16 05:00:00+03:00,0.0,0.0,0.0,17.99,2.38
2023-10-16 06:00:00+03:00,0.0,0.0,0.0,17.73,2.49
2023-10-16 07:00:00+03:00,52.78,53.95,42.28,18.32,3.13
2023-10-16 08:00:00+03:00,237.12,332.95,120.44,20.93,4.07
2023-10-16 09:00:00+03:00,433.23,475.45,180.6,24.75,4.26
2023-10-16 10:00:00+03:00,599.1,561.37,214.81,26.86,4.28
2023-10-16 11:00:00+03:00,708.83,605.25,236.23,28.7,4.36
2023-10-16 12:00:00+03:00,765.6,646.46,241.03,30.13,4.38
2023-10-16 13:00:00+03:00,735.12,665.89,212.72,31.13,4.41
2023-10-16 14:00:00+03:00,584.75,494.42,245.6,31.63,4.59
2023-10-16 15:00:00+03:00,426.83,369.27,209.17,31.53,4.93
2023-10-16 16:00:00+03:00,248.5,386.23,116.23,30.65,5.35
2023-10-16 17:00:00+03:00,90.15,178.14,55.94,29.47,5.75
2023-10-16 18:00:00+03:00,3.17,1.88,5.15,27.65,5.49
2023-10-16 19:00:00+03:00,0.0,0.0,0.0,26.04,5.56
2023-10-16 20:00:00+03:00,0.0,0.0,0.0,24.46,4.63
2023-10-16 21:00:00+03:00,0.0,0.0,0.0,23.16,3.15
2023-10-16 22:00:00+03:00,0.0,0.0,0.0,22.13,2.15
2023-10-16 23:00:00+03:00,0.0,0.0,0.0,21.33,1.87
2023-10-17 00:00:00+03:00,0.0,0.0,0.0,20.67,1.83
2023-10-17 01:00:00+03:00,0.0,0.0,0.0,20.17,1.8
2023-10-17 02:00:00+03:00,0.0,0.0,0.0,19.74,1.78
2023-10-17 03:00:00+03:00,0.0,0.0,0.0,19.34,1.79
2023-10-17 04:00:00+03:00,0.0,0.0,0.0,18.96,1.81
2023-10-17 05:00:00+03:00,0.0,0.0,0.0,18.66,1.85
2023-10-17 06:00:00+03:00,0.0,0.0,0.0,18.29,1.96
2023-10-17 07:00:00+03:00,63.67,236.74,33.3,18.71,2.13
2023-10-17 08:00:00+03:00,270.65,625.54,72.54,21.44,3.04
2023-10-17 09:00:00+03:00,470.83,749.22,101.0,25.02,3.04
2023-10-17 10:00:00+03:00,636.1,816.07,115.33,26.95,2.88
2023-10-17 11:00:00+03:00,744.0,815.6,151.22,28.63,2.71
2023-10-17 12:00:00+03:00,766.85,697.25,238.12,30.0,2.5
2023-10-17 13:00:00+03:00,691.22,732.48,155.54,30.99,2.42
2023-10-17 14:00:00+03:00,543.0,660.08,145.61,31.53,2.5
2023-10-17 15:00:00+03:00,469.85,476.77,199.2,31.6,2.75
2023-10-17 16:00:00+03:00,254.82,445.17,106.28,31.09,3.21
2023-10-17 17:00:00+03:00,94.75,233.58,55.85,29.94,3.81
2023-10-17 18:00:00+03:00,0.0,0.0,0.0,27.33,3.21
2023-10-17 19:00:00+03:00,0.0,0.0,0.0,26.59,5.21
2023-10-17 20:00:00+03:00,0.0,0.0,0.0,25.08,5.89
2023-10-17 21:00:00+03:00,0.0,0.0,0.0,23.41,4.42
2023-10-17 22:00:00+03:00,0.0,0.0,0.0,22.29,2.61
2023-10-17 23:00:00+03:00,0.0,0.0,0.0,21.42,1.89
2023-10-18 00:00:00+03:00,0.0,0.0,0.0,20.88,1.65
2023-10-18 01:00:00+03:00,0.0,0.0,0.0,20.55,1.53
2023-10-18 02:00:00+03:00,0.0,0.0,0.0,20.02,1.61
2023-10-18 03:00:00+03:00,0.0,0.0,0.0,19.34,1.83
2023-10-18 04:00:00+03:00,0.0,0.0,0.0,18.77,2.02
2023-10-18 05:00:00+03:00,0.0,0.0,0.0,18.33,2.15
2023-10-18 06:00:00+03:00,0.0,0.0,0.0,17.95,2.21
2023-10-18 07:00:00+03:00,55.9,157.24,34.56,18.33,2.14
2023-10-18 08:00:00+03:00,248.9,493.15,94.84,21.06,2.9
2023-10-18 09:00:00+03:00,441.98,628.73,131.02,24.7,3.31
2023-10-18 10:00:00+03:00,603.62,669.03,176.0,26.95,3.44
2023-10-18 11:00:00+03:00,716.35,710.25,187.34,28.82,3.56
2023-10-18 12:00:00+03:00,741.15,663.0,223.38,30.29,3.82
2023-10-18 13:00:00+03:00,696.97,550.18,264.85,31.28,4.32
2023-10-18 14:00:00+03:00,455.52,579.75,128.73,31.74,5.05
2023-10-18 15:00:00+03:00,397.33,247.68,253.38,31.63,5.95
2023-10-18 16:00:00+03:00,250.35,356.92,126.65,30.79,6.82
2023-10-18 17:00:00+03:00,102.4,247.07,57.9,29.03,7.31
2023-10-18 18:00:00+03:00,0.0,0.0,0.0,26.53,6.59
2023-10-18 19:00:00+03:00,0.0,0.0,0.0,24.57,5.31
2023-10-18 20:00:00+03:00,0.0,0.0,0.0,23.17,3.6
2023-10-18 21:00:00+03:00,0.0,0.0,0.0,21.97,2.46
2023-10-18 22:00:00+03:00,0.0,0.0,0.0,21.24,2.19
2023-10-18 23:00:00+03:00,0.0,0.0,0.0,20.74,2.06
2023-10-19 00:00:00+03:00,0.0,0.0,0.0,20.33,1.96
2023-10-19 01:00:00+03:00,0.0,0.0,0.0,19.97,1.81
2023-10-19 02:00:00+03:00,0.0,0.0,0.0,19.72,1.68
2023-10-19 03:00:00+03:00,0.0,0.0,0.0,19.5,1.53
2023-10-19 04:00:00+03:00,0.0,0.0,0.0,19.33,1.35
2023-10-19 05:00:00+03:00,0.0,0.0,0.0,19.17,1.18
2023-10-19 06:00:00+03:00,0.0,0.0,0.0,18.99,1.08
2023-10-19 07:00:00+03:00,56.38,185.47,31.57,19.03,1.14
2023-10-19 08:00:00+03:00,255.1,536.01,87.18,21.33,1.4
2023-10-19 09:00:00+03:00,458.08,702.71,115.08,25.3,1.26
2023-10-19 10:00:00+03:00,624.33,790.43,123.79,28.51,2.78
2023-10-19 11:00:00+03:00,736.12,813.38,147.4,30.54,3.39
2023-10-19 12:00:00+03:00,772.22,783.13,172.25,31.77,3.58
2023-10-19 13:00:00+03:00,748.8,815.6,140.76,32.45,3.78
2023-10-19 14:00:00+03:00,652.8,772.94,132.96,32.71,4.15
2023-10-19 15:00:00+03:00,488.65,632.52,147.6,32.52,4.75
2023-10-19 16:00:00+03:00,303.12,537.1,108.7,31.63,5.52
2023-10-19 17:00:00+03:00,109.95,264.42,60.25,30.11,6.23
2023-10-19 18:00:00+03:00,0.0,0.0,0.0,27.66,5.93
2023-10-19 19:00:00+03:00,0.0,0.0,0.0,25.34,5.31
2023-10-19 20:00:00+03:00,0.0,0.0,0.0,23.7,3.81
2023-10-19 21:00:00+03:00,0.0,0.0,0.0,22.37,2.58
2023-10-19 22:00:00+03:00,0.0,0.0,0.0,21.5,2.22
2023-10-19 23:00:00+03:00,0.0,0.0,0.0,20.99,1.89
2023-10-20 00:00:00+03:00,0.0,0.0,0.0,20.89,1.45
2023-10-20 01:00:00+03:00,0.0,0.0,0.0,20.68,1.2
2023-10-20 02:00:00+03:00,0.0,0.0,0.0,20.08,1.31
2023-10-20 03:00:00+03:00,0.0,0.0,0.0,19.2,1.67
2023-10-20 04:00:00+03:00,0.0,0.0,0.0,18.32,2.1
2023-10-20 05:00:00+03:00,0.0,0.0,0.0,17.78,2.46
2023-10-20 06:00:00+03:00,0.0,0.0,0.0,17.45,2.62
2023-10-20 07:00:00+03:00,55.85,206.3,31.76,17.77,2.55
2023-10-20 08:00:00+03:00,253.7,571.35,77.39,20.73,3.61
2023-10-20 09:00:00+03:00,454.6,727.82,103.33,24.43,2.49
2023-10-20 10:00:00+03:00,620.22,809.45,112.27,28.16,1.06
2023-10-20 11:00:00+03:00,729.53,856.96,114.33,30.75,0.61
2023-10-20 12:00:00+03:00,773.33,870.1,118.39,31.97,1.16
2023-10-20 13:00:00+03:00,749.47,865.45,118.02,32.69,1.64
2023-10-20 14:00:00+03:00,657.17,831.55,110.59,32.97,2.0
2023-10-20 15:00:00+03:00,506.5,758.77,103.08,32.8,2.35
2023-10-20 16:00:00+03:00,313.27,639.71,81.68,32.18,2.78
2023-10-20 17:00:00+03:00,113.3,356.34,47.57,30.89,3.22
2023-10-20 18:00:00+03:00,0.0,0.0,0.0,27.18,3.06
2023-10-20 19:00:00+03:00,0.0,0.0,0.0,25.67,4.49
2023-10-20 20:00:00+03:00,0.0,0.0,0.0,24.16,5.21
2023-10-20 21:00:00+03:00,0.0,0.0,0.0,22.78,4.38
2023-10-20 22:00:00+03:00,0.0,0.0,0.0,21.75,3.15
2023-10-20 23:00:00+03:00,0.0,0.0,0.0,20.84,2.34
2023-10-21 00:00:00+03:00,0.0,0.0,0.0,20.14,2.14
2023-10-21 01:00:00+03:00,0.0,0.0,0.0,19.61,2.19
2023-10-21 02:00:00+03:00,0.0,0.0,0.0,19.1,2.27
2023-10-21 03:00:00+03:00,0.0,0.0,0.0,18.59,2.29
2023-10-21 04:00:00+03:00,0.0,0.0,0.0,18.27,2.32
2023-10-21 05:00:00+03:00,0.0,0.0,0.0,18.07,2.23
2023-10-21 06:00:00+03:00,0.0,0.0,0.0,17.77,2.08
2023-10-21 07:00:00+03:00,53.4,210.53,31.02,17.99,1.92
2023-10-21 08:00:00+03:00,249.12,588.04,74.82,20.2,2.51
2023-10-21 09:00:00+03:00,442.48,713.32,102.93,23.29,3.22
2023-10-21 10:00:00+03:00,604.22,779.47,129.59,25.92,3.22
2023-10-21 11:00:00+03:00,719.9,796.04,150.99,28.28,3.09
2023-10-21 12:00:00+03:00,764.65,812.45,146.37,30.1,3.08
2023-10-21 13:00:00+03:00,722.9,745.05,171.63,31.21,3.25
2023-10-21 14:00:00+03:00,641.2,781.47,124.11,31.74,3.56
2023-10-21 15:00:00+03:00,494.02,722.27,114.68,31.65,4.07
2023-10-21 16:00:00+03:00,302.85,594.24,88.39,30.88,4.75
2023-10-21 17:00:00+03:00,103.5,281.47,50.07,29.32,5.44
2023-10-21 18:00:00+03:00,0.0,0.0,0.0,26.75,5.45
2023-10-21 19:00:00+03:00,0.0,0.0,0.0,24.83,5.99
2023-10-21 20:00:00+03:00,0.0,0.0,0.0,23.45,5.36
2023-10-21 21:00:00+03:00,0.0,0.0,0.0,22.61,4.38
2023-10-21 22:00:00+03:00,0.0,0.0,0.0,21.94,3.41
2023-10-21 23:00:00+03:00,0.0,0.0,0.0,21.24,2.69
2023-10-22 00:00:00+03:00,0.0,0.0,0.0,20.64,2.29
2023-10-22 01:00:00+03:00,0.0,0.0,0.0,20.16,2.13
2023-10-22 02:00:00+03:00,0.0,0.0,0.0,19.78,2.14
2023-10-22 03:00:00+03:00,0.0,0.0,0.0,19.48,2.15
2023-10-22 04:00:00+03:00,0.0,0.0,0.0,19.21,2.2
2023-10-22 05:00:00+03:00,0.0,0.0,0.0,19.0,2.25
2023-10-22 06:00:00+03:00,0.0,0.0,0.0,18.8,2.28
2023-10-22 07:00:00+03:00,44.42,80.32,33.03,19.21,2.16
2023-10-22 08:00:00+03:00,223.0,386.79,98.27,22.57,3.23
2023-10-22 09:00:00+03:00,413.88,536.46,147.88,25.35,3.7
2023-10-22 10:00:00+03:00,574.4,622.52,174.19,27.58,3.7
2023-10-22 11:00:00+03:00,673.0,618.04,203.15,29.64,3.79
2023-10-22 12:00:00+03:00,727.2,635.36,234.07,31.25,3.87
2023-10-22 13:00:00+03:00,639.6,591.32,201.32,32.36,4.03
2023-10-22 14:00:00+03:00,580.97,519.61,225.5,32.93,4.33
2023-10-22 15:00:00+03:00,437.95,428.5,197.99,32.82,4.8
2023-10-22 16:00:00+03:00,253.23,296.2,137.4,32.02,5.37
2023-10-22 17:00:00+03:00,85.22,120.81,61.43,30.39,5.74
2023-10-22 18:00:00+03:00,0.0,0.0,0.0,27.57,4.91
2023-10-22 19:00:00+03:00,0.0,0.0,0.0,25.54,5.0
2023-10-22 20:00:00+03:00,0.0,0.0,0.0,23.98,4.24
2023-10-22 21:00:00+03:00,0.0,0.0,0.0,22.83,3.27
2023-10-22 22:00:00+03:00,0.0,0.0,0.0,21.89,2.52
2023-10-22 23:00:00+03:00,0.0,0.0,0.0,21.16,2.29
2023-10-23 00:00:00+03:00,0.0,0.0,0.0,20.65,2.32
2023-10-23 01:00:00+03:00,0.0,0.0,0.0,20.24,2.4
2023-10-23 02:00:00+03:00,0.0,0.0,0.0,19.96,2.45
2023-10-23 03:00:00+03:00,0.0,0.0,0.0,20.08,2.45
2023-10-23 04:00:00+03:00,0.0,0.0,0.0,19.81,2.45
2023-10-23 05:00:00+03:00,0.0,0.0,0.0,19.94,2.39
2023-10-23 06:00:00+03:00,0.0,0.0,0.0,19.94,2.26
2023-10-23 07:00:00+03:00,39.92,31.31,35.85,20.3,2.3
2023-10-23 08:00:00+03:00,202.77,279.98,115.64,22.73,3.53
2023-10-23 09:00:00+03:00,366.38,439.32,150.86,25.35,3.75
2023-10-23 10:00:00+03:00,529.38,492.62,203.06,27.59,3.6
2023-10-23 11:00:00+03:00,644.08,582.6,215.84,29.95,3.63
2023-10-23 12:00:00+03:00,738.62,718.56,188.68,31.87,3.67
2023-10-23 13:00:00+03:00,713.85,731.96,169.61,33.16,3.74
2023-10-23 14:00:00+03:00,618.08,688.34,162.06,33.82,4.01
2023-10-23 15:00:00+03:00,465.48,593.49,147.82,33.83,4.43
2023-10-23 16:00:00+03:00,273.73,439.35,113.81,33.06,4.97
2023-10-23 17:00:00+03:00,88.1,161.75,55.71,31.42,5.41
2023-10-23 18:00:00+03:00,0.0,0.0,0.0,28.47,4.91
2023-10-23 19:00:00+03:00,0.0,0.0,0.0,26.51,5.55
2023-10-23 20:00:00+03:00,0.0,0.0,0.0,24.83,4.96
2023-10-23 21:00:00+03:00,0.0,0.0,0.0,23.53,3.93
2023-10-23 22:00:00+03:00,0.0,0.0,0.0,22.52,3.19
2023-10-23 23:00:00+03:00,0.0,0.0,0.0,21.74,2.93
2023-10-24 00:00:00+03:00,0.0,0.0,0.0,21.11,2.6
2023-10-24 01:00:00+03:00,0.0,0.0,0.0,21.09,2.77
2023-10-24 02:00:00+03:00,0.0,0.0,0.0,20.88,2.5
2023-10-24 03:00:00+03:00,0.0,0.0,0.0,20.55,2.37
2023-10-24 04:00:00+03:00,0.0,0.0,0.0,20.27,2.4
2023-10-24 05:00:00+03:00,0.0,0.0,0.0,19.97,2.47
2023-10-24 06:00:00+03:00,0.0,0.0,0.0,19.71,2.57
2023-10-24 07:00:00+03:00,38.12,32.82,34.06,20.04,2.73
2023-10-24 08:00:00+03:00,204.9,312.61,110.79,22.79,4.28
2023-10-24 09:00:00+03:00,379.12,466.44,153.03,25.74,4.83
2023-10-24 10:00:00+03:00,533.67,546.71,184.23,28.33,5.04
2023-10-24 11:00:00+03:00,674.8,662.54,192.25,30.82,5.5
2023-10-24 12:00:00+03:00,717.47,665.93,204.73,32.62,5.96
2023-10-24 13:00:00+03:00,692.1,663.71,192.95,33.62,6.38
2023-10-24 14:00:00+03:00,599.22,623.51,180.71,33.87,6.81
2023-10-24 15:00:00+03:00,449.35,541.26,158.33,33.3,7.16
2023-10-24 16:00:00+03:00,263.05,402.93,116.35,32.02,7.27
2023-10-24 17:00:00+03:00,82.4,140.65,55.14,30.03,6.91
2023-10-24 18:00:00+03:00,0.0,0.0,0.0,27.35,5.34
2023-10-24 19:00:00+03:00,0.0,0.0,0.0,25.46,4.57
2023-10-24 20:00:00+03:00,0.0,0.0,0.0,24.07,3.8
2023-10-24 21:00:00+03:00,0.0,0.0,0.0,22.88,2.94
2023-10-24 22:00:00+03:00,0.0,0.0,0.0,21.92,2.42
2023-10-24 23:00:00+03:00,0.0,0.0,0.0,21.16,2.17
2023-10-25 00:00:00+03:00,0.0,0.0,0.0,20.54,2.11
2023-10-25 01:00:00+03:00,0.0,0.0,0.0,20.03,2.13
2023-10-25 02:00:00+03:00,0.0,0.0,0.0,19.66,2.23
2023-10-25 03:00:00+03:00,0.0,0.0,0.0,19.36,2.33
2023-10-25 04:00:00+03:00,0.0,0.0,0.0,19.11,2.47
2023-10-25 05:00:00+03:00,0.0,0.0,0.0,19.02,2.68
2023-10-25 06:00:00+03:00,0.0,0.0,0.0,19.08,2.85
2023-10-25 07:00:00+03:00,34.47,38.89,32.78,19.64,2.87
2023-10-25 08:00:00+03:00,187.75,255.3,116.42,23.33,4.28
2023-10-25 09:00:00+03:00,351.35,392.48,168.28,26.22,5.04
2023-10-25 10:00:00+03:00,507.33,492.98,210.45,29.2,5.34
2023-10-25 11:00:00+03:00,688.17,721.21,172.68,31.92,5.48
2023-10-25 12:00:00+03:00,739.47,763.99,167.34,33.77,5.5
2023-10-25 13:00:00+03:00,716.25,765.98,159.83,34.75,5.4
2023-10-25 14:00:00+03:00,623.03,734.09,147.32,35.04,5.31
2023-10-25 15:00:00+03:00,470.95,652.53,131.64,34.67,5.37
2023-10-25 16:00:00+03:00,279.05,511.21,101.19,33.58,5.42
2023-10-25 17:00:00+03:00,86.68,202.4,51.16,31.79,5.11
2023-10-25 18:00:00+03:00,0.0,0.0,0.0,28.27,3.84
2023-10-25 19:00:00+03:00,0.0,0.0,0.0,26.79,4.37
2023-10-25 20:00:00+03:00,0.0,0.0,0.0,25.42,4.02
2023-10-25 21:00:00+03:00,0.0,0.0,0.0,24.11,3.42
2023-10-25 22:00:00+03:00,0.0,0.0,0.0,23.14,2.91
2023-10-25 23:00:00+03:00,0.0,0.0,0.0,22.44,2.54
2023-10-26 00:00:00+03:00,0.0,0.0,0.0,21.87,2.24
2023-10-26 01:00:00+03:00,0.0,0.0,0.0,21.39,1.98
2023-10-26 02:00:00+03:00,0.0,0.0,0.0,21.05,1.76
2023-10-26 03:00:00+03:00,0.0,0.0,0.0,20.81,1.63
2023-10-26 04:00:00+03:00,0.0,0.0,0.0,20.44,1.68
2023-10-26 05:00:00+03:00,0.0,0.0,0.0,19.89,1.93
2023-10-26 06:00:00+03:00,0.0,0.0,0.0,19.48,2.17
2023-10-26 07:00:00+03:00,32.2,22.37,32.02,19.66,2.3
2023-10-26 08:00:00+03:00,179.05,221.91,116.3,23.34,2.95
2023-10-26 09:00:00+03:00,355.7,385.39,169.61,26.8,2.61
2023-10-26 10:00:00+03:00,506.23,462.01,213.85,31.32,2.34
2023-10-26 11:00:00+03:00,664.33,624.26,205.91,34.98,2.71
2023-10-26 12:00:00+03:00,732.38,724.35,192.66,36.76,2.86
2023-10-26 13:00:00+03:00,696.45,697.4,210.05,37.75,3.39
2023-10-26 14:00:00+03:00,605.1,652.27,181.51,38.09,4.22
2023-10-26 15:00:00+03:00,433.85,453.39,203.87,37.56,5.03
2023-10-26 16:00:00+03:00,242.55,247.06,163.06,36.39,5.42
2023-10-26 17:00:00+03:00,72.65,46.74,59.48,34.31,3.92
2023-10-26 18:00:00+03:00,0.0,0.0,0.0,30.14,2.91
2023-10-26 19:00:00+03:00,0.0,0.0,0.0,28.64,2.96
2023-10-26 20:00:00+03:00,0.0,0.0,0.0,27.54,3.08
2023-10-26 21:00:00+03:00,0.0,0.0,0.0,26.32,3.35
2023-10-26 22:00:00+03:00,0.0,0.0,0.0,25.09,3.52
2023-10-26 23:00:00+03:00,0.0,0.0,0.0,23.92,3.03
2023-10-26 23:00:00+02:00,0.0,0.0,0.0,23.01,2.3
2023-10-27 00:00:00+02:00,0.0,0.0,0.0,22.38,1.88
2023-10-27 01:00:00+02:00,0.0,0.0,0.0,21.95,1.68
2023-10-27 02:00:00+02:00,0.0,0.0,0.0,21.72,1.48
2023-10-27 03:00:00+02:00,0.0,0.0,0.0,21.54,1.4
2023-10-27 04:00:00+02:00,0.0,0.0,0.0,21.31,1.45
2023-10-27 05:00:00+02:00,0.0,0.0,0.0,21.07,1.57
2023-10-27 06:00:00+02:00,27.62,4.16,27.64,21.18,1.54
2023-10-27 07:00:00+02:00,137.38,37.7,111.97,23.33,2.06
2023-10-27 08:00:00+02:00,275.23,107.34,216.63,25.6,2.22
2023-10-27 09:00:00+02:00,403.65,189.07,319.79,28.33,2.66
2023-10-27 10:00:00+02:00,510.38,124.78,358.9,31.43,3.37
2023-10-27 11:00:00+02:00,560.47,206.47,353.02,33.24,3.47
2023-10-27 12:00:00+02:00,502.95,178.41,317.58,34.29,3.3
2023-10-27 13:00:00+02:00,510.75,414.41,226.54,34.6,3.09
2023-10-27 14:00:00+02:00,392.1,311.04,219.41,34.31,2.87
2023-10-27 15:00:00+02:00,209.1,224.46,127.7,33.9,2.63
2023-10-27 16:00:00+02:00,59.53,37.83,53.63,32.22,1.91
2023-10-27 17:00:00+02:00,0.0,0.0,0.0,29.06,2.64
2023-10-27 18:00:00+02:00,0.0,0.0,0.0,27.29,3.17
2023-10-27 19:00:00+02:00,0.0,0.0,0.0,25.82,3.19
2023-10-27 20:00:00+02:00,0.0,0.0,0.0,24.48,2.95
2023-10-27 21:00:00+02:00,0.0,0.0,0.0,23.41,2.42
2023-10-27 22:00:00+02:00,0.0,0.0,0.0,22.58,2.01
2023-10-27 23:00:00+02:00,0.0,0.0,0.0,21.94,1.91
2023-10-28 00:00:00+02:00,0.0,0.0,0.0,21.42,1.88
2023-10-28 01:00:00+02:00,0.0,0.0,0.0,21.06,1.89
2023-10-28 02:00:00+02:00,0.0,0.0,0.0,20.8,1.9
2023-10-28 03:00:00+02:00,0.0,0.0,0.0,20.59,1.9
2023-10-28 04:00:00+02:00,0.0,0.0,0.0,20.38,1.87
2023-10-28 05:00:00+02:00,0.0,0.0,0.0,20.34,1.71
2023-10-28 06:00:00+02:00,32.62,23.29,29.44,20.56,1.5
2023-10-28 07:00:00+02:00,196.5,305.28,101.75,22.72,1.88
2023-10-28 08:00:00+02:00,380.52,455.68,153.68,25.11,2.4
2023-10-28 09:00:00+02:00,544.58,555.9,197.47,28.26,2.67
2023-10-28 10:00:00+02:00,654.62,631.59,198.02,30.47,2.55
2023-10-28 11:00:00+02:00,698.42,649.34,208.03,32.11,2.39
2023-10-28 12:00:00+02:00,670.88,645.73,193.14,33.46,2.12
2023-10-28 13:00:00+02:00,578.15,593.57,193.38,34.2,1.85
2023-10-28 14:00:00+02:00,427.92,495.22,173.93,34.25,1.85
2023-10-28 15:00:00+02:00,241.9,345.92,119.75,33.69,2.23
2023-10-28 16:00:00+02:00,64.8,65.49,50.92,32.1,2.34
2023-10-28 17:00:00+02:00,0.0,0.0,0.0,28.82,2.62
2023-10-28 18:00:00+02:00,0.0,0.0,0.0,27.67,3.03
2023-10-28 19:00:00+02:00,0.0,0.0,0.0,26.71,3.32
2023-10-28 20:00:00+02:00,0.0,0.0,0.0,25.62,3.6
2023-10-28 21:00:00+02:00,0.0,0.0,0.0,24.59,3.18
2023-10-28 22:00:00+02:00,0.0,0.0,0.0,23.86,2.55
2023-10-28 23:00:00+02:00,0.0,0.0,0.0,23.34,2.08
2023-10-29 00:00:00+02:00,0.0,0.0,0.0,22.91,1.92
2023-10-29 01:00:00+02:00,0.0,0.0,0.0,22.54,1.93
2023-10-29 02:00:00+02:00,0.0,0.0,0.0,22.14,2.02
2023-10-29 03:00:00+02:00,0.0,0.0,0.0,21.77,2.1
2023-10-29 04:00:00+02:00,0.0,0.0,0.0,21.46,2.17
2023-10-29 05:00:00+02:00,0.0,0.0,0.0,21.24,2.26
2023-10-29 06:00:00+02:00,26.98,6.2,27.88,21.38,2.3
2023-10-29 07:00:00+02:00,159.55,158.01,111.29,23.38,3.41
2023-10-29 08:00:00+02:00,310.62,321.05,155.95,25.49,3.6
2023-10-29 09:00:00+02:00,461.88,406.41,202.42,28.32,3.69
2023-10-29 10:00:00+02:00,593.45,468.13,243.69,30.95,3.66
2023-10-29 11:00:00+02:00,669.28,596.24,220.47,32.83,3.53
2023-10-29 12:00:00+02:00,652.1,607.95,204.15,33.99,3.36
2023-10-29 13:00:00+02:00,565.05,581.54,186.31,34.53,3.14
2023-10-29 14:00:00+02:00,416.4,490.29,159.77,34.49,3.01
2023-10-29 15:00:00+02:00,234.77,338.76,116.31,33.91,2.98
2023-10-29 16:00:00+02:00,63.83,87.76,47.62,32.37,2.58
2023-10-29 17:00:00+02:00,0.0,0.0,0.0,28.81,2.66
2023-10-29 18:00:00+02:00,0.0,0.0,0.0,27.71,3.32
2023-10-29 19:00:00+02:00,0.0,0.0,0.0,26.84,3.95
2023-10-29 20:00:00+02:00,0.0,0.0,0.0,25.66,4.44
2023-10-29 21:00:00+02:00,0.0,0.0,0.0,24.65,4.12
2023-10-29 22:00:00+02:00,0.0,0.0,0.0,24.01,3.57
2023-10-29 23:00:00+02:00,0.0,0.0,0.0,23.48,3.04
2023-10-30 00:00:00+02:00,0.0,0.0,0.0,22.99,2.56
2023-10-30 01:00:00+02:00,0.0,0.0,0.0,22.63,2.19
2023-10-30 02:00:00+02:00,0.0,0.0,0.0,22.31,2.11
2023-10-30 03:00:00+02:00,0.0,0.0,0.0,22.07,2.17
2023-10-30 04:00:00+02:00,0.0,0.0,0.0,21.9,2.2
2023-10-30 05:00:00+02:00,0.0,0.0,0.0,21.74,2.15
2023-10-30 06:00:00+02:00,28.9,15.92,28.59,21.85,1.97
2023-10-30 07:00:00+02:00,179.95,250.03,106.84,23.9,2.24
2023-10-30 08:00:00+02:00,342.83,420.94,148.53,26.07,1.58
2023-10-30 09:00:00+02:00,498.75,499.76,196.99,29.38,1.48
2023-10-30 10:00:00+02:00,596.38,547.69,205.71,32.13,1.98
2023-10-30 11:00:00+02:00,638.0,605.19,205.92,33.23,2.0
2023-10-30 12:00:00+02:00,593.83,544.36,207.02,33.98,2.03
2023-10-30 13:00:00+02:00,500.85,467.89,212.83,34.54,2.36
2023-10-30 14:00:00+02:00,389.48,454.6,171.81,34.54,3.0
2023-10-30 15:00:00+02:00,225.02,327.24,121.58,33.78,3.8
2023-10-30 16:00:00+02:00,61.72,89.2,46.64,32.03,4.24
2023-10-30 17:00:00+02:00,0.0,0.0,0.0,28.46,3.76
2023-10-30 18:00:00+02:00,0.0,0.0,0.0,26.73,4.57
2023-10-30 19:00:00+02:00,0.0,0.0,0.0,25.06,3.89
2023-10-30 20:00:00+02:00,0.0,0.0,0.0,23.8,2.93
2023-10-30 21:00:00+02:00,0.0,0.0,0.0,22.9,2.37
2023-10-30 22:00:00+02:00,0.0,0.0,0.0,22.3,2.17
2023-10-30 23:00:00+02:00,0.0,0.0,0.0,21.81,2.19
2023-10-31 00:00:00+02:00,0.0,0.0,0.0,21.47,2.26
2023-10-31 01:00:00+02:00,0.0,0.0,0.0,21.53,2.39
2023-10-31 02:00:00+02:00,0.0,0.0,0.0,21.56,2.5
2023-10-31 03:00:00+02:00,0.0,0.0,0.0,21.3,2.43
2023-10-31 04:00:00+02:00,0.0,0.0,0.0,20.79,2.23
2023-10-31 05:00:00+02:00,0.0,0.0,0.0,20.37,2.17
2023-10-31 06:00:00+02:00,25.25,2.08,26.88,20.44,2.02
2023-10-31 07:00:00+02:00,152.68,77.96,127.98,22.92,2.58
2023-10-31 08:00:00+02:00,296.02,195.84,205.15,25.61,2.25
2023-10-31 09:00:00+02:00,434.42,295.87,237.91,28.79,2.12
2023-10-31 10:00:00+02:00,552.62,403.37,250.07,30.53,1.92
2023-10-31 11:00:00+02:00,646.88,679.16,183.26,31.65,1.72
2023-10-31 12:00:00+02:00,604.72,566.83,213.35,32.73,1.55
2023-10-31 13:00:00+02:00,524.08,516.39,217.54,33.21,1.62
2023-10-31 14:00:00+02:00,374.45,479.34,151.66,33.02,1.9
2023-10-31 15:00:00+02:00,218.82,346.88,111.89,32.31,2.32
2023-10-31 16:00:00+02:00,60.22,106.02,45.84,31.06,2.54
2023-10-31 17:00:00+02:00,0.0,0.0,0.0,28.81,2.17
2023-10-31 18:00:00+02:00,0.0,0.0,0.0,27.66,3.11
2023-10-31 19:00:00+02:00,0.0,0.0,0.0,26.31,3.86
2023-10-31 20:00:00+02:00,0.0,0.0,0.0,24.99,3.67
2023-10-31 21:00:00+02:00,0.0,0.0,0.0,24.0,3.15
2023-10-31 22:00:00+02:00,0.0,0.0,0.0,23.19,2.54
2023-10-31 23:00:00+02:00,0.0,0.0,0.0,22.52,2.07
2023-11-01 00:00:00+02:00,0.0,0.0,0.0,21.97,1.8
2023-11-01 01:00:00+02:00,0.0,0.0,0.0,21.51,1.73
2023-11-01 02:00:00+02:00,0.0,0.0,0.0,21.11,1.81
2023-11-01 03:00:00+02:00,0.0,0.0,0.0,20.71,1.95
2023-11-01 04:00:00+02:00,0.0,0.0,0.0,20.35,2.03
2023-11-01 05:00:00+02:00,0.0,0.0,0.0,20.0,2.04
2023-11-01 06:00:00+02:00,28.7,33.19,26.21,19.97,1.89
2023-11-01 07:00:00+02:00,188.48,332.63,93.29,22.39,2.43
2023-11-01 08:00:00+02:00,360.62,481.48,142.37,25.36,2.5
2023-11-01 09:00:00+02:00,513.38,576.5,165.43,27.89,2.4
2023-11-01 10:00:00+02:00,599.75,579.64,196.59,29.94,2.38
2023-11-01 11:00:00+02:00,680.67,666.49,188.51,31.51,2.55
2023-11-01 12:00:00+02:00,616.67,557.69,230.87,32.52,2.99
2023-11-01 13:00:00+02:00,518.88,547.29,181.74,32.95,3.56
2023-11-01 14:00:00+02:00,391.65,472.17,161.15,32.83,4.22
2023-11-01 15:00:00+02:00,226.12,368.22,106.55,32.01,5.05
2023-11-01 16:00:00+02:00,59.6,99.92,42.51,30.46,5.62
2023-11-01 17:00:00+02:00,0.0,0.0,0.0,28.06,5.32
2023-11-01 18:00:00+02:00,0.0,0.0,0.0,26.24,5.67
2023-11-01 19:00:00+02:00,0.0,0.0,0.0,24.8,5.21
2023-11-01 20:00:00+02:00,0.0,0.0,0.0,23.87,4.45
2023-11-01 21:00:00+02:00,0.0,0.0,0.0,23.15,3.88
2023-11-01 22:00:00+02:00,0.0,0.0,0.0,22.48,3.59
2023-11-01 23:00:00+02:00,0.0,0.0,0.0,21.89,3.5
2023-11-02 00:00:00+02:00,0.0,0.0,0.0,21.38,3.35
2023-11-02 01:00:00+02:00,0.0,0.0,0.0,20.94,3.36
2023-11-02 02:00:00+02:00,0.0,0.0,0.0,20.6,3.36
2023-11-02 03:00:00+02:00,0.0,0.0,0.0,20.26,3.05
2023-11-02 04:00:00+02:00,0.0,0.0,0.0,19.99,2.8
2023-11-02 05:00:00+02:00,0.0,0.0,0.0,19.72,2.52
2023-11-02 06:00:00+02:00,29.12,50.29,25.38,19.68,2.31
2023-11-02 07:00:00+02:00,194.32,390.3,86.31,21.68,3.31
2023-11-02 08:00:00+02:00,369.65,529.47,132.52,24.63,3.4
2023-11-02 09:00:00+02:00,520.78,624.03,154.37,27.16,2.98
2023-11-02 10:00:00+02:00,620.75,653.63,173.01,29.34,2.59
2023-11-02 11:00:00+02:00,688.62,745.68,157.6,30.81,2.35
2023-11-02 12:00:00+02:00,660.65,693.14,172.1,31.83,2.22
2023-11-02 13:00:00+02:00,581.62,721.35,137.12,32.42,2.23
2023-11-02 14:00:00+02:00,435.65,667.83,111.49,32.47,2.38
2023-11-02 15:00:00+02:00,251.05,518.53,86.45,32.0,2.76
2023-11-02 16:00:00+02:00,64.95,198.38,37.15,30.53,2.72
2023-11-02 17:00:00+02:00,0.0,0.0,0.0,26.94,2.97
2023-11-02 18:00:00+02:00,0.0,0.0,0.0,25.71,3.77
2023-11-02 19:00:00+02:00,0.0,0.0,0.0,24.36,4.65
2023-11-02 20:00:00+02:00,0.0,0.0,0.0,22.74,4.1
2023-11-02 21:00:00+02:00,0.0,0.0,0.0,21.7,2.95
2023-11-02 22:00:00+02:00,0.0,0.0,0.0,20.92,2.1
2023-11-02 23:00:00+02:00,0.0,0.0,0.0,20.4,1.8
2023-11-03 00:00:00+02:00,0.0,0.0,0.0,19.98,1.77
2023-11-03 01:00:00+02:00,0.0,0.0,0.0,19.6,1.71
2023-11-03 02:00:00+02:00,0.0,0.0,0.0,19.39,1.63
2023-11-03 03:00:00+02:00,0.0,0.0,0.0,19.08,1.67
2023-11-03 04:00:00+02:00,0.0,0.0,0.0,19.13,1.69
2023-11-03 05:00:00+02:00,0.0,0.0,0.0,18.96,1.74
2023-11-03 06:00:00+02:00,30.55,69.82,26.14,18.58,1.82
2023-11-03 07:00:00+02:00,206.12,494.65,76.64,20.56,2.68
2023-11-03 08:00:00+02:00,401.02,675.5,107.68,23.35,3.24
2023-11-03 09:00:00+02:00,561.88,772.33,118.33,26.0,3.19
2023-11-03 10:00:00+02:00,670.17,832.11,114.51,28.42,2.94
2023-11-03 11:00:00+02:00,706.5,810.89,136.29,30.55,2.76
2023-11-03 12:00:00+02:00,682.83,794.97,136.69,32.78,3.02
2023-11-03 13:00:00+02:00,592.28,761.17,128.39,33.5,3.05
2023-11-03 14:00:00+02:00,442.12,662.2,121.09,33.47,3.13
2023-11-03 15:00:00+02:00,260.17,507.84,97.44,32.75,3.34
2023-11-03 16:00:00+02:00,62.35,160.42,39.81,30.26,2.48
2023-11-03 17:00:00+02:00,0.0,0.0,0.0,26.01,3.0
2023-11-03 18:00:00+02:00,0.0,0.0,0.0,24.62,3.31
2023-11-03 19:00:00+02:00,0.0,0.0,0.0,23.33,3.43
2023-11-03 20:00:00+02:00,0.0,0.0,0.0,21.9,3.33
2023-11-03 21:00:00+02:00,0.0,0.0,0.0,20.69,3.03
2023-11-03 22:00:00+02:00,0.0,0.0,0.0,19.76,2.68
2023-11-03 23:00:00+02:00,0.0,0.0,0.0,19.01,2.45
2023-11-04 00:00:00+02:00,0.0,0.0,0.0,18.43,2.35
2023-11-04 01:00:00+02:00,0.0,0.0,0.0,17.9,2.31
2023-11-04 02:00:00+02:00,0.0,0.0,0.0,17.45,2.3
2023-11-04 03:00:00+02:00,0.0,0.0,0.0,17.11,2.3
2023-11-04 04:00:00+02:00,0.0,0.0,0.0,16.84,2.29
2023-11-04 05:00:00+02:00,0.0,0.0,0.0,16.56,2.28
2023-11-04 06:00:00+02:00,29.25,61.91,24.29,16.46,2.26
2023-11-04 07:00:00+02:00,204.75,484.41,76.0,19.31,2.81
2023-11-04 08:00:00+02:00,399.62,656.15,112.85,22.14,2.42
2023-11-04 09:00:00+02:00,562.92,765.83,121.73,26.55,2.5
2023-11-04 10:00:00+02:00,672.9,819.29,126.05,30.97,3.04
2023-11-04 11:00:00+02:00,716.22,834.87,128.28,32.81,2.88
2023-11-04 12:00:00+02:00,689.8,829.31,123.86,33.72,2.69
2023-11-04 13:00:00+02:00,595.72,780.67,124.16,34.08,2.51
2023-11-04 14:00:00+02:00,443.42,681.17,117.8,33.91,2.38
2023-11-04 15:00:00+02:00,251.7,519.72,89.52,33.2,2.38
2023-11-04 16:00:00+02:00,61.08,162.62,37.93,30.52,1.91
2023-11-04 17:00:00+02:00,0.0,0.0,0.0,26.61,2.7
2023-11-04 18:00:00+02:00,0.0,0.0,0.0,24.77,3.38
2023-11-04 19:00:00+02:00,0.0,0.0,0.0,23.28,3.39
2023-11-04 20:00:00+02:00,0.0,0.0,0.0,21.86,3.25
2023-11-04 21:00:00+02:00,0.0,0.0,0.0,20.72,2.83
2023-11-04 22:00:00+02:00,0.0,0.0,0.0,19.83,2.43
2023-11-04 23:00:00+02:00,0.0,0.0,0.0,19.22,2.22
2023-11-05 00:00:00+02:00,0.0,0.0,0.0,18.89,1.99
2023-11-05 01:00:00+02:00,0.0,0.0,0.0,18.86,1.75
2023-11-05 02:00:00+02:00,0.0,0.0,0.0,18.98,1.46
2023-11-05 03:00:00+02:00,0.0,0.0,0.0,19.17,1.11
2023-11-05 04:00:00+02:00,0.0,0.0,0.0,19.17,0.75
2023-11-05 05:00:00+02:00,0.0,0.0,0.0,18.95,0.63
2023-11-05 06:00:00+02:00,20.67,27.67,23.14,18.82,0.73
2023-11-05 07:00:00+02:00,130.75,152.95,93.17,20.43,0.91
2023-11-05 08:00:00+02:00,242.32,167.82,177.78,23.5,1.08
2023-11-05 09:00:00+02:00,353.12,134.24,250.84,26.79,1.44
2023-11-05 10:00:00+02:00,542.53,493.25,227.46,30.76,2.44
2023-11-05 11:00:00+02:00,684.83,718.82,179.23,32.6,2.65
2023-11-05 12:00:00+02:00,692.62,844.08,121.91,33.55,2.82
2023-11-05 13:00:00+02:00,598.22,794.46,121.82,33.95,3.13
2023-11-05 14:00:00+02:00,445.85,713.28,108.82,33.76,3.71
2023-11-05 15:00:00+02:00,255.43,553.51,85.37,32.88,4.54
2023-11-05 16:00:00+02:00,60.97,175.33,38.42,30.52,4.14
2023-11-05 17:00:00+02:00,0.0,0.0,0.0,26.52,4.03
2023-11-05 18:00:00+02:00,0.0,0.0,0.0,24.87,4.67
2023-11-05 19:00:00+02:00,0.0,0.0,0.0,23.0,3.91
2023-11-05 20:00:00+02:00,0.0,0.0,0.0,21.45,2.98
2023-11-05 21:00:00+02:00,0.0,0.0,0.0,20.3,2.52
2023-11-05 22:00:00+02:00,0.0,0.0,0.0,19.39,2.29
2023-11-05 23:00:00+02:00,0.0,0.0,0.0,18.72,2.12
2023-11-06 00:00:00+02:00,0.0,0.0,0.0,18.42,1.89
2023-11-06 01:00:00+02:00,0.0,0.0,0.0,18.28,1.71
2023-11-06 02:00:00+02:00,0.0,0.0,0.0,18.03,1.71
2023-11-06 03:00:00+02:00,0.0,0.0,0.0,17.64,1.8
2023-11-06 04:00:00+02:00,0.0,0.0,0.0,17.18,1.93
2023-11-06 05:00:00+02:00,0.0,0.0,0.0,16.72,2.11
2023-11-06 06:00:00+02:00,25.92,60.41,23.66,16.46,2.25
2023-11-06 07:00:00+02:00,194.6,466.16,76.08,19.3,2.76
2023-11-06 08:00:00+02:00,386.35,661.09,106.65,22.32,2.47
2023-11-06 09:00:00+02:00,547.83,742.59,126.13,25.43,1.91
2023-11-06 10:00:00+02:00,660.6,811.54,125.16,28.43,1.65
2023-11-06 11:00:00+02:00,708.88,843.67,128.62,31.69,2.1
2023-11-06 12:00:00+02:00,686.2,857.32,112.1,33.1,2.42
2023-11-06 13:00:00+02:00,588.7,793.18,117.23,33.65,2.57
2023-11-06 14:00:00+02:00,434.02,708.68,106.46,33.62,2.8
2023-11-06 15:00:00+02:00,245.25,527.39,87.56,32.94,3.16
2023-11-06 16:00:00+02:00,55.85,156.0,37.26,30.21,2.61
2023-11-06 17:00:00+02:00,0.0,0.0,0.0,25.99,3.33
2023-11-06 18:00:00+02:00,0.0,0.0,0.0,24.61,3.79
2023-11-06 19:00:00+02:00,0.0,0.0,0.0,23.22,4.05
2023-11-06 20:00:00+02:00,0.0,0.0,0.0,21.79,3.36
2023-11-06 21:00:00+02:00,0.0,0.0,0.0,20.6,2.71
2023-11-06 22:00:00+02:00,0.0,0.0,0.0,19.6,2.34
2023-11-06 23:00:00+02:00,0.0,0.0,0.0,18.76,2.14
2023-11-07 00:00:00+02:00,0.0,0.0,0.0,18.19,1.98
2023-11-07 01:00:00+02:00,0.0,0.0,0.0,17.92,1.82
2023-11-07 02:00:00+02:00,0.0,0.0,0.0,17.8,1.67
2023-11-07 03:00:00+02:00,0.0,0.0,0.0,17.69,1.6
2023-11-07 04:00:00+02:00,0.0,0.0,0.0,17.53,1.59
2023-11-07 05:00:00+02:00,0.0,0.0,0.0,17.31,1.63
2023-11-07 06:00:00+02:00,17.75,29.57,19.18,17.14,1.69
2023-11-07 07:00:00+02:00,148.48,235.05,92.36,19.43,1.96
2023-11-07 08:00:00+02:00,328.15,435.28,142.06,22.35,2.63
2023-11-07 09:00:00+02:00,502.85,615.01,162.28,25.44,3.08
2023-11-07 10:00:00+02:00,658.03,814.72,126.71,28.56,3.28
2023-11-07 11:00:00+02:00,704.03,856.02,120.03,30.59,3.34
2023-11-07 12:00:00+02:00,677.9,835.52,121.03,31.78,3.34
2023-11-07 13:00:00+02:00,584.58,798.29,115.74,32.31,3.4
2023-11-07 14:00:00+02:00,433.23,702.71,103.44,32.19,3.59
2023-11-07 15:00:00+02:00,244.6,536.83,81.0,31.42,3.93
2023-11-07 16:00:00+02:00,54.85,155.77,34.83,29.21,3.44
2023-11-07 17:00:00+02:00,0.0,0.0,0.0,25.51,3.76
2023-11-07 18:00:00+02:00,0.0,0.0,0.0,24.42,5.19
2023-11-07 19:00:00+02:00,0.0,0.0,0.0,22.82,4.97
2023-11-07 20:00:00+02:00,0.0,0.0,0.0,21.56,3.99
2023-11-07 21:00:00+02:00,0.0,0.0,0.0,20.56,2.95
2023-11-07 22:00:00+02:00,0.0,0.0,0.0,19.73,2.37
2023-11-07 23:00:00+02:00,0.0,0.0,0.0,19.08,2.19
2023-11-08 00:00:00+02:00,0.0,0.0,0.0,18.6,2.16
2023-11-08 01:00:00+02:00,0.0,0.0,0.0,18.19,2.18
2023-11-08 02:00:00+02:00,0.0,0.0,0.0,17.84,2.18
2023-11-08 03:00:00+02:00,0.0,0.0,0.0,17.54,2.2
2023-11-08 04:00:00+02:00,0.0,0.0,0.0,17.27,2.26
2023-11-08 05:00:00+02:00,0.0,0.0,0.0,17.04,2.28
2023-11-08 06:00:00+02:00,23.3,44.74,23.56,17.0,2.26
2023-11-08 07:00:00+02:00,185.88,403.18,82.68,19.92,2.7
2023-11-08 08:00:00+02:00,374.7,608.64,116.97,22.73,3.52
2023-11-08 09:00:00+02:00,538.62,753.6,124.66,25.24,3.52
2023-11-08 10:00:00+02:00,574.35,507.51,246.86,27.44,3.32
2023-11-08 11:00:00+02:00,685.75,766.99,156.73,29.12,3.15
2023-11-08 12:00:00+02:00,668.22,814.64,128.34,30.22,2.99
2023-11-08 13:00:00+02:00,576.8,780.03,117.72,30.79,2.89
2023-11-08 14:00:00+02:00,428.6,703.35,102.93,30.75,3.01
2023-11-08 15:00:00+02:00,243.23,567.34,75.35,30.03,3.37
2023-11-08 16:00:00+02:00,54.3,181.95,32.72,28.32,3.35
2023-11-08 17:00:00+02:00,0.0,0.0,0.0,24.92,3.22
2023-11-08 18:00:00+02:00,0.0,0.0,0.0,23.76,4.52
2023-11-08 19:00:00+02:00,0.0,0.0,0.0,22.17,4.87
2023-11-08 20:00:00+02:00,0.0,0.0,0.0,20.93,4.19
2023-11-08 21:00:00+02:00,0.0,0.0,0.0,20.11,3.3
2023-11-08 22:00:00+02:00,0.0,0.0,0.0,19.42,2.49
2023-11-08 23:00:00+02:00,0.0,0.0,0.0,19.05,2.11
2023-11-09 00:00:00+02:00,0.0,0.0,0.0,18.64,2.04
2023-11-09 01:00:00+02:00,0.0,0.0,0.0,18.26,2.1
2023-11-09 02:00:00+02:00,0.0,0.0,0.0,17.96,2.18
2023-11-09 03:00:00+02:00,0.0,0.0,0.0,17.67,2.22
2023-11-09 04:00:00+02:00,0.0,0.0,0.0,17.4,2.24
2023-11-09 05:00:00+02:00,0.0,0.0,0.0,17.14,2.26
2023-11-09 06:00:00+02:00,22.38,50.5,20.49,17.07,2.2
2023-11-09 07:00:00+02:00,182.0,420.57,76.02,19.78,2.76
2023-11-09 08:00:00+02:00,371.58,606.13,115.08,22.67,3.56
2023-11-09 09:00:00+02:00,540.78,779.32,110.34,24.94,3.28
2023-11-09 10:00:00+02:00,618.95,726.1,157.29,26.96,2.68
2023-11-09 11:00:00+02:00,674.12,757.59,164.06,28.67,2.24
2023-11-09 12:00:00+02:00,654.15,761.61,148.55,29.94,2.35
2023-11-09 13:00:00+02:00,552.3,735.77,126.21,30.74,2.78
2023-11-09 14:00:00+02:00,402.33,636.49,126.49,30.88,3.39
2023-11-09 15:00:00+02:00,225.75,429.42,106.36,30.23,4.36
2023-11-09 16:00:00+02:00,47.47,60.27,42.66,28.38,5.17
2023-11-09 17:00:00+02:00,0.0,0.0,0.0,25.24,5.73
2023-11-09 18:00:00+02:00,0.0,0.0,0.0,22.8,6.27
2023-11-09 19:00:00+02:00,0.0,0.0,0.0,21.15,5.18
2023-11-09 20:00:00+02:00,0.0,0.0,0.0,20.34,4.14
2023-11-09 21:00:00+02:00,0.0,0.0,0.0,19.72,3.32
2023-11-09 22:00:00+02:00,0.0,0.0,0.0,19.34,3.14
2023-11-09 23:00:00+02:00,0.0,0.0,0.0,19.16,2.76
2023-11-10 00:00:00+02:00,0.0,0.0,0.0,19.16,2.4
2023-11-10 01:00:00+02:00,0.0,0.0,0.0,19.02,2.19
2023-11-10 02:00:00+02:00,0.0,0.0,0.0,18.85,2.15
2023-11-10 03:00:00+02:00,0.0,0.0,0.0,18.32,2.3
2023-11-10 04:00:00+02:00,0.0,0.0,0.0,18.03,2.42
2023-11-10 05:00:00+02:00,0.0,0.0,0.0,18.23,2.38
2023-11-10 06:00:00+02:00,20.83,29.88,21.94,18.32,2.33
2023-11-10 07:00:00+02:00,172.68,289.46,94.92,20.33,2.72
2023-11-10 08:00:00+02:00,346.2,455.43,166.3,22.62,3.9
2023-11-10 09:00:00+02:00,492.25,524.49,214.01,24.94,4.23
2023-11-10 10:00:00+02:00,603.8,609.85,216.28,26.86,4.07
2023-11-10 11:00:00+02:00,672.85,759.96,149.87,28.38,4.01
2023-11-10 12:00:00+02:00,648.1,769.76,138.95,29.54,4.1
2023-11-10 13:00:00+02:00,553.08,725.72,141.35,30.22,4.33
2023-11-10 14:00:00+02:00,402.55,593.2,142.79,30.26,4.69
2023-11-10 15:00:00+02:00,219.6,389.89,117.52,29.28,5.14
2023-11-10 16:00:00+02:00,42.1,26.04,38.83,27.57,5.25
2023-11-10 17:00:00+02:00,0.0,0.0,0.0,24.77,4.76
2023-11-10 18:00:00+02:00,0.0,0.0,0.0,22.83,5.01
2023-11-10 19:00:00+02:00,0.0,0.0,0.0,21.5,4.6
2023-11-10 20:00:00+02:00,0.0,0.0,0.0,20.7,3.98
2023-11-10 21:00:00+02:00,0.0,0.0,0.0,19.98,3.49
2023-11-10 22:00:00+02:00,0.0,0.0,0.0,19.52,3.42
2023-11-10 23:00:00+02:00,0.0,0.0,0.0,19.53,3.61
2023-11-11 00:00:00+02:00,0.0,0.0,0.0,19.28,3.12
2023-11-11 01:00:00+02:00,0.0,0.0,0.0,18.72,2.78
2023-11-11 02:00:00+02:00,0.0,0.0,0.0,18.53,2.77
2023-11-11 03:00:00+02:00,0.0,0.0,0.0,18.35,2.62
2023-11-11 04:00:00+02:00,0.0,0.0,0.0,18.25,2.6
2023-11-11 05:00:00+02:00,0.0,0.0,0.0,18.26,2.61
2023-11-11 06:00:00+02:00,15.55,0.0,16.0,18.37,2.64
2023-11-11 07:00:00+02:00,114.2,4.63,99.83,19.8,3.62
2023-11-11 08:00:00+02:00,228.65,7.82,198.2,21.68,4.28
2023-11-11 09:00:00+02:00,341.52,30.55,291.76,23.76,5.0
2023-11-11 10:00:00+02:00,449.58,108.54,332.49,25.24,4.87
2023-11-11 11:00:00+02:00,586.08,457.76,280.45,26.32,4.51
2023-11-11 12:00:00+02:00,589.8,539.28,236.67,27.02,4.03
2023-11-11 13:00:00+02:00,468.77,407.09,228.47,27.38,3.57
2023-11-11 14:00:00+02:00,327.52,285.44,205.82,27.42,3.27
2023-11-11 15:00:00+02:00,174.23,144.88,132.78,26.99,3.07
2023-11-11 16:00:00+02:00,35.55,16.96,33.93,25.52,2.06
2023-11-11 17:00:00+02:00,0.0,0.0,0.0,24.0,1.98
2023-11-11 18:00:00+02:00,0.0,0.0,0.0,23.56,1.8
2023-11-11 19:00:00+02:00,0.0,0.0,0.0,23.17,1.77
2023-11-11 20:00:00+02:00,0.0,0.0,0.0,22.64,2.15
2023-11-11 21:00:00+02:00,0.0,0.0,0.0,22.12,3.34
2023-11-11 22:00:00+02:00,0.0,0.0,0.0,21.83,4.21
2023-11-11 23:00:00+02:00,0.0,0.0,0.0,21.26,2.74
2023-11-12 00:00:00+02:00,0.0,0.0,0.0,21.2,1.68
2023-11-12 01:00:00+02:00,0.0,0.0,0.0,20.97,1.6
2023-11-12 02:00:00+02:00,0.0,0.0,0.0,20.57,1.43
2023-11-12 03:00:00+02:00,0.0,0.0,0.0,20.35,1.27
2023-11-12 04:00:00+02:00,0.0,0.0,0.0,20.22,1.07
2023-11-12 05:00:00+02:00,0.0,0.0,0.0,19.34,1.98
2023-11-12 06:00:00+02:00,13.85,2.91,16.77,19.3,2.56
2023-11-12 07:00:00+02:00,106.03,58.94,88.91,21.04,3.85
2023-11-12 08:00:00+02:00,230.7,139.38,177.24,23.28,3.17
2023-11-12 09:00:00+02:00,350.33,199.29,209.73,26.1,2.16
2023-11-12 10:00:00+02:00,319.52,91.5,228.9,27.85,1.79
2023-11-12 11:00:00+02:00,253.45,41.62,194.44,29.94,1.63
2023-11-12 12:00:00+02:00,281.1,0.85,239.27,31.16,1.17
2023-11-12 13:00:00+02:00,234.4,5.31,202.81,31.4,0.65
2023-11-12 14:00:00+02:00,199.88,27.7,163.99,31.28,0.04
2023-11-12 15:00:00+02:00,109.9,24.05,89.32,30.82,1.0
2023-11-12 16:00:00+02:00,26.25,8.89,26.64,28.95,1.45
2023-11-12 17:00:00+02:00,0.0,0.0,0.0,27.02,1.97
2023-11-12 18:00:00+02:00,0.0,0.0,0.0,26.24,2.16
2023-11-12 19:00:00+02:00,0.0,0.0,0.0,24.93,2.53
2023-11-12 20:00:00+02:00,0.0,0.0,0.0,24.07,2.74
2023-11-12 21:00:00+02:00,0.0,0.0,0.0,23.35,2.78
2023-11-12 22:00:00+02:00,0.0,0.0,0.0,22.62,2.76
2023-11-12 23:00:00+02:00,0.0,0.0,0.0,21.93,2.62
2023-11-13 00:00:00+02:00,0.0,0.0,0.0,21.22,2.41
2023-11-13 01:00:00+02:00,0.0,0.0,0.0,20.64,2.22
2023-11-13 02:00:00+02:00,0.0,0.0,0.0,20.25,1.96
2023-11-13 03:00:00+02:00,0.0,0.0,0.0,20.21,1.54
2023-11-13 04:00:00+02:00,0.0,0.0,0.0,20.42,1.07
2023-11-13 05:00:00+02:00,0.0,0.0,0.0,20.46,0.72
2023-11-13 06:00:00+02:00,15.57,17.06,16.09,20.48,0.54
2023-11-13 07:00:00+02:00,146.65,287.09,76.55,21.48,0.73
2023-11-13 08:00:00+02:00,308.27,458.34,123.32,23.94,1.68
2023-11-13 09:00:00+02:00,454.27,535.22,161.11,26.74,1.94
2023-11-13 10:00:00+02:00,489.98,327.82,275.48,28.96,1.39
2023-11-13 11:00:00+02:00,533.33,210.34,336.24,30.59,0.85
2023-11-13 12:00:00+02:00,514.6,228.56,322.96,31.68,0.8
2023-11-13 13:00:00+02:00,465.17,511.06,170.6,32.23,0.82
2023-11-13 14:00:00+02:00,338.2,396.03,150.73,32.29,1.01
2023-11-13 15:00:00+02:00,182.9,261.96,108.8,31.79,1.54
2023-11-13 16:00:00+02:00,34.88,27.36,33.63,30.16,1.55
2023-11-13 17:00:00+02:00,0.0,0.0,0.0,27.82,2.07
2023-11-13 18:00:00+02:00,0.0,0.0,0.0,27.15,2.67
2023-11-13 19:00:00+02:00,0.0,0.0,0.0,26.18,3.54
2023-11-13 20:00:00+02:00,0.0,0.0,0.0,24.64,3.53
2023-11-13 21:00:00+02:00,0.0,0.0,0.0,23.55,3.19
2023-11-13 22:00:00+02:00,0.0,0.0,0.0,22.8,3.03
2023-11-13 23:00:00+02:00,0.0,0.0,0.0,22.19,3.17
2023-11-14 00:00:00+02:00,0.0,0.0,0.0,21.56,3.73
2023-11-14 01:00:00+02:00,0.0,0.0,0.0,20.94,4.23
2023-11-14 02:00:00+02:00,0.0,0.0,0.0,20.3,4.45
2023-11-14 03:00:00+02:00,0.0,0.0,0.0,19.74,4.43
2023-11-14 04:00:00+02:00,0.0,0.0,0.0,19.33,4.38
2023-11-14 05:00:00+02:00,0.0,0.0,0.0,18.95,4.32
2023-11-14 06:00:00+02:00,14.65,0.4,16.51,18.74,4.27
2023-11-14 07:00:00+02:00,134.88,111.59,101.5,20.04,5.21
2023-11-14 08:00:00+02:00,303.95,295.69,178.6,22.98,6.08
2023-11-14 09:00:00+02:00,470.25,448.81,211.79,25.06,6.54
2023-11-14 10:00:00+02:00,588.6,578.39,203.11,26.27,6.54
2023-11-14 11:00:00+02:00,646.38,699.06,184.41,27.03,6.69
2023-11-14 12:00:00+02:00,493.98,327.94,278.2,27.49,6.79
2023-11-14 13:00:00+02:00,370.23,547.81,115.35,27.73,6.84
2023-11-14 14:00:00+02:00,274.38,433.36,103.09,27.57,6.98
2023-11-14 15:00:00+02:00,152.43,303.52,72.8,26.79,7.13
2023-11-14 16:00:00+02:00,32.05,100.77,26.6,25.39,6.92
2023-11-14 17:00:00+02:00,0.0,0.0,0.0,23.81,6.37
2023-11-14 18:00:00+02:00,0.0,0.0,0.0,22.85,5.79
2023-11-14 19:00:00+02:00,0.0,0.0,0.0,21.3,3.89
2023-11-14 20:00:00+02:00,0.0,0.0,0.0,20.05,2.97
2023-11-14 21:00:00+02:00,0.0,0.0,0.0,19.25,2.8
2023-11-14 22:00:00+02:00,0.0,0.0,0.0,18.87,2.82
2023-11-14 23:00:00+02:00,0.0,0.0,0.0,18.57,2.9
2023-11-15 00:00:00+02:00,0.0,0.0,0.0,17.98,2.83
2023-11-15 01:00:00+02:00,0.0,0.0,0.0,17.39,2.66
2023-11-15 02:00:00+02:00,0.0,0.0,0.0,16.84,2.57
2023-11-15 03:00:00+02:00,0.0,0.0,0.0,16.62,2.51
2023-11-15 04:00:00+02:00,0.0,0.0,0.0,16.12,2.56
2023-11-15 05:00:00+02:00,0.0,0.0,0.0,15.8,2.54
2023-11-15 06:00:00+02:00,13.25,34.25,14.98,15.66,2.45
2023-11-15 07:00:00+02:00,140.65,326.88,69.91,18.43,2.5
2023-11-15 08:00:00+02:00,305.92,481.86,123.46,21.86,3.01
2023-11-15 09:00:00+02:00,452.6,574.91,162.8,24.28,3.36
2023-11-15 10:00:00+02:00,553.1,619.58,165.8,25.89,3.43
2023-11-15 11:00:00+02:00,591.3,584.94,215.07,27.08,3.5
2023-11-15 12:00:00+02:00,573.3,567.34,227.35,27.8,3.54
2023-11-15 13:00:00+02:00,456.92,628.24,111.16,28.06,3.65
2023-11-15 14:00:00+02:00,346.67,617.06,85.72,28.06,3.78
2023-11-15 15:00:00+02:00,195.02,488.09,65.65,27.47,4.02
2023-11-15 16:00:00+02:00,39.25,144.65,26.79,26.09,3.72
2023-11-15 17:00:00+02:00,0.0,0.0,0.0,23.86,3.0
2023-11-15 18:00:00+02:00,0.0,0.0,0.0,22.69,3.85
2023-11-15 19:00:00+02:00,0.0,0.0,0.0,21.01,3.39
2023-11-15 20:00:00+02:00,0.0,0.0,0.0,19.81,2.68
2023-11-15 21:00:00+02:00,0.0,0.0,0.0,18.96,2.13
2023-11-15 22:00:00+02:00,0.0,0.0,0.0,18.34,1.84
2023-11-15 23:00:00+02:00,0.0,0.0,0.0,18.04,1.52
2023-11-16 00:00:00+02:00,0.0,0.0,0.0,18.06,1.1
2023-11-16 01:00:00+02:00,0.0,0.0,0.0,18.08,0.6
2023-11-16 02:00:00+02:00,0.0,0.0,0.0,18.02,0.13
2023-11-16 03:00:00+02:00,0.0,0.0,0.0,17.7,0.42
2023-11-16 04:00:00+02:00,0.0,0.0,0.0,17.4,0.82
2023-11-16 05:00:00+02:00,0.0,0.0,0.0,17.06,1.11
2023-11-16 06:00:00+02:00,15.43,40.06,15.25,16.78,1.33
2023-11-16 07:00:00+02:00,165.1,419.61,72.71,18.37,1.93
2023-11-16 08:00:00+02:00,353.17,633.73,102.18,20.92,1.15
2023-11-16 09:00:00+02:00,512.1,748.67,114.56,23.04,1.09
2023-11-16 10:00:00+02:00,609.42,747.82,141.77,25.21,1.34
2023-11-16 11:00:00+02:00,655.95,785.1,143.59,26.76,1.49
2023-11-16 12:00:00+02:00,619.55,759.85,142.77,27.76,1.54
2023-11-16 13:00:00+02:00,531.0,658.35,161.17,28.38,1.72
2023-11-16 14:00:00+02:00,387.42,633.2,117.4,28.52,1.95
2023-11-16 15:00:00+02:00,213.95,507.77,73.95,28.13,2.15
2023-11-16 16:00:00+02:00,40.45,126.47,28.79,26.44,1.58
2023-11-16 17:00:00+02:00,0.0,0.0,0.0,24.52,1.42
2023-11-16 18:00:00+02:00,0.0,0.0,0.0,23.67,1.47
2023-11-16 19:00:00+02:00,0.0,0.0,0.0,22.58,1.54
2023-11-16 20:00:00+02:00,0.0,0.0,0.0,21.56,1.5
2023-11-16 21:00:00+02:00,0.0,0.0,0.0,20.76,1.45
2023-11-16 22:00:00+02:00,0.0,0.0,0.0,20.1,1.49
2023-11-16 23:00:00+02:00,0.0,0.0,0.0,19.41,1.7
2023-11-17 00:00:00+02:00,0.0,0.0,0.0,18.8,1.93
2023-11-17 01:00:00+02:00,0.0,0.0,0.0,18.34,2.02
2023-11-17 02:00:00+02:00,0.0,0.0,0.0,17.94,2.0
2023-11-17 03:00:00+02:00,0.0,0.0,0.0,17.59,1.91
2023-11-17 04:00:00+02:00,0.0,0.0,0.0,17.3,1.81
2023-11-17 05:00:00+02:00,0.0,0.0,0.0,17.14,1.74
2023-11-17 06:00:00+02:00,13.75,32.09,14.2,17.25,1.67
2023-11-17 07:00:00+02:00,154.2,376.98,69.66,19.3,1.68
2023-11-17 08:00:00+02:00,329.33,555.69,111.04,22.25,1.78
2023-11-17 09:00:00+02:00,483.1,633.62,155.19,24.42,1.74
2023-11-17 10:00:00+02:00,601.7,725.82,147.02,26.06,1.48
2023-11-17 11:00:00+02:00,583.2,490.86,280.15,27.34,1.28
2023-11-17 12:00:00+02:00,563.33,582.69,191.54,28.41,1.18
2023-11-17 13:00:00+02:00,460.08,446.69,218.0,29.01,1.19
2023-11-17 14:00:00+02:00,315.8,523.57,99.56,29.13,1.21
2023-11-17 15:00:00+02:00,183.48,466.52,66.51,28.7,1.24
2023-11-17 16:00:00+02:00,37.65,136.24,25.7,27.38,1.04
2023-11-17 17:00:00+02:00,0.0,0.0,0.0,25.57,1.33
2023-11-17 18:00:00+02:00,0.0,0.0,0.0,24.1,1.99
2023-11-17 19:00:00+02:00,0.0,0.0,0.0,22.62,2.32
2023-11-17 20:00:00+02:00,0.0,0.0,0.0,21.36,2.37
2023-11-17 21:00:00+02:00,0.0,0.0,0.0,20.4,2.28
2023-11-17 22:00:00+02:00,0.0,0.0,0.0,19.67,2.17
2023-11-17 23:00:00+02:00,0.0,0.0,0.0,19.1,2.04
2023-11-18 00:00:00+02:00,0.0,0.0,0.0,18.72,1.87
2023-11-18 01:00:00+02:00,0.0,0.0,0.0,18.51,1.61
2023-11-18 02:00:00+02:00,0.0,0.0,0.0,18.53,1.25
2023-11-18 03:00:00+02:00,0.0,0.0,0.0,18.69,0.82
2023-11-18 04:00:00+02:00,0.0,0.0,0.0,18.52,0.63
2023-11-18 05:00:00+02:00,0.0,0.0,0.0,18.18,0.93
2023-11-18 06:00:00+02:00,13.0,49.66,13.89,17.49,1.36
2023-11-18 07:00:00+02:00,146.9,377.64,67.76,18.9,2.11
2023-11-18 08:00:00+02:00,314.83,532.45,117.35,21.97,2.39
2023-11-18 09:00:00+02:00,462.6,608.45,154.87,24.69,2.95
2023-11-18 10:00:00+02:00,588.05,715.29,156.31,26.32,3.67
2023-11-18 11:00:00+02:00,637.15,739.1,154.82,27.53,4.34
2023-11-18 12:00:00+02:00,601.53,691.98,164.17,28.37,4.87
2023-11-18 13:00:00+02:00,484.65,561.9,172.92,28.77,5.24
2023-11-18 14:00:00+02:00,340.42,502.04,128.58,28.65,5.45
2023-11-18 15:00:00+02:00,188.93,376.74,87.77,27.96,5.46
2023-11-18 16:00:00+02:00,34.33,55.98,31.48,26.22,4.22
2023-11-18 17:00:00+02:00,0.0,0.0,0.0,23.05,3.38
2023-11-18 18:00:00+02:00,0.0,0.0,0.0,22.28,3.89
2023-11-18 19:00:00+02:00,0.0,0.0,0.0,21.46,4.07
2023-11-18 20:00:00+02:00,0.0,0.0,0.0,20.52,3.95
2023-11-18 21:00:00+02:00,0.0,0.0,0.0,19.81,4.19
2023-11-18 22:00:00+02:00,0.0,0.0,0.0,19.27,4.85
2023-11-18 23:00:00+02:00,0.0,0.0,0.0,18.75,5.5
2023-11-19 00:00:00+02:00,0.0,0.0,0.0,18.35,5.94
2023-11-19 01:00:00+02:00,0.0,0.0,0.0,18.05,6.29
2023-11-19 02:00:00+02:00,0.0,0.0,0.0,18.02,6.63
2023-11-19 03:00:00+02:00,0.0,0.0,0.0,18.14,6.84
2023-11-19 04:00:00+02:00,0.0,0.0,0.0,17.78,6.65
2023-11-19 05:00:00+02:00,0.0,0.0,0.0,17.5,6.82
2023-11-19 06:00:00+02:00,6.38,0.0,8.16,17.0,6.55
2023-11-19 07:00:00+02:00,64.62,0.26,60.72,17.63,6.95
2023-11-19 08:00:00+02:00,159.65,7.65,144.95,19.97,7.64
2023-11-19 09:00:00+02:00,223.27,33.15,166.23,21.48,8.77
2023-11-19 10:00:00+02:00,286.1,46.64,215.95,22.72,9.49
2023-11-19 11:00:00+02:00,426.9,304.7,225.48,23.85,9.97
2023-11-19 12:00:00+02:00,429.62,251.87,255.04,24.21,10.44
2023-11-19 13:00:00+02:00,312.45,296.49,153.89,24.5,10.91
2023-11-19 14:00:00+02:00,230.4,225.66,137.45,23.96,11.25
2023-11-19 15:00:00+02:00,130.77,145.46,94.69,22.68,10.95
2023-11-19 16:00:00+02:00,26.02,18.89,27.38,21.33,9.85
2023-11-19 17:00:00+02:00,0.0,0.0,0.0,19.92,8.37
2023-11-19 18:00:00+02:00,0.0,0.0,0.0,19.13,7.17
2023-11-19 19:00:00+02:00,0.0,0.0,0.0,18.7,6.2
2023-11-19 20:00:00+02:00,0.0,0.0,0.0,18.02,6.05
2023-11-19 21:00:00+02:00,0.0,0.0,0.0,17.26,5.89
2023-11-19 22:00:00+02:00,0.0,0.0,0.0,16.9,5.47
2023-11-19 23:00:00+02:00,0.0,0.0,0.0,16.58,5.02
2023-11-20 00:00:00+02:00,0.0,0.0,0.0,16.24,4.69
2023-11-20 01:00:00+02:00,0.0,0.0,0.0,16.11,4.59
2023-11-20 02:00:00+02:00,0.0,0.0,0.0,15.85,4.23
2023-11-20 03:00:00+02:00,0.0,0.0,0.0,15.36,3.79
2023-11-20 04:00:00+02:00,0.0,0.0,0.0,15.8,4.31
2023-11-20 05:00:00+02:00,0.0,0.0,0.0,16.09,4.6
2023-11-20 06:00:00+02:00,11.4,22.79,13.34,16.41,4.93
2023-11-20 07:00:00+02:00,118.5,264.79,63.5,17.39,5.73
2023-11-20 08:00:00+02:00,231.62,344.61,109.27,19.01,7.03
2023-11-20 09:00:00+02:00,337.15,338.74,172.93,19.93,7.68
2023-11-20 10:00:00+02:00,372.92,264.89,212.33,20.7,7.42
2023-11-20 11:00:00+02:00,398.25,233.9,253.77,21.49,7.09
2023-11-20 12:00:00+02:00,468.23,395.17,237.28,22.1,6.83
2023-11-20 13:00:00+02:00,412.17,576.39,123.57,22.35,6.69
2023-11-20 14:00:00+02:00,305.02,492.22,108.07,22.09,6.63
2023-11-20 15:00:00+02:00,167.45,397.47,72.33,21.21,6.52
2023-11-20 16:00:00+02:00,29.98,87.43,24.75,19.99,5.89
2023-11-20 17:00:00+02:00,0.0,0.0,0.0,18.94,4.27
2023-11-20 18:00:00+02:00,0.0,0.0,0.0,17.81,2.95
2023-11-20 19:00:00+02:00,0.0,0.0,0.0,15.99,2.6
2023-11-20 20:00:00+02:00,0.0,0.0,0.0,15.17,2.48
2023-11-20 21:00:00+02:00,0.0,0.0,0.0,14.68,2.31
2023-11-20 22:00:00+02:00,0.0,0.0,0.0,14.35,2.16
2023-11-20 23:00:00+02:00,0.0,0.0,0.0,14.18,2.04
2023-11-21 00:00:00+02:00,0.0,0.0,0.0,13.98,2.08
2023-11-21 01:00:00+02:00,0.0,0.0,0.0,14.26,2.08
2023-11-21 02:00:00+02:00,0.0,0.0,0.0,14.41,2.05
2023-11-21 03:00:00+02:00,0.0,0.0,0.0,14.31,2.0
2023-11-21 04:00:00+02:00,0.0,0.0,0.0,14.29,1.82
2023-11-21 05:00:00+02:00,0.0,0.0,0.0,14.55,1.39
2023-11-21 06:00:00+02:00,12.95,64.7,11.97,14.82,0.81
2023-11-21 07:00:00+02:00,162.88,565.88,47.36,15.94,0.61
2023-11-21 08:00:00+02:00,352.65,761.64,66.65,18.61,0.11
2023-11-21 09:00:00+02:00,502.17,819.21,87.32,20.99,0.7
2023-11-21 10:00:00+02:00,605.12,864.68,93.1,22.35,0.63
2023-11-21 11:00:00+02:00,645.78,865.42,105.96,23.63,0.89
2023-11-21 12:00:00+02:00,621.17,845.59,105.61,24.73,1.41
2023-11-21 13:00:00+02:00,528.15,730.57,151.79,25.4,1.88
2023-11-21 14:00:00+02:00,375.73,673.32,99.32,25.46,2.22
2023-11-21 15:00:00+02:00,206.3,565.32,65.18,25.0,2.52
2023-11-21 16:00:00+02:00,38.85,216.1,24.32,22.98,2.09
2023-11-21 17:00:00+02:00,0.0,0.0,0.0,19.78,2.58
2023-11-21 18:00:00+02:00,0.0,0.0,0.0,18.81,2.94
2023-11-21 19:00:00+02:00,0.0,0.0,0.0,18.03,3.22
2023-11-21 20:00:00+02:00,0.0,0.0,0.0,17.34,3.51
2023-11-21 21:00:00+02:00,0.0,0.0,0.0,16.7,3.78
2023-11-21 22:00:00+02:00,0.0,0.0,0.0,16.06,3.92
2023-11-21 23:00:00+02:00,0.0,0.0,0.0,15.43,3.77
2023-11-22 00:00:00+02:00,0.0,0.0,0.0,14.92,3.61
2023-11-22 01:00:00+02:00,0.0,0.0,0.0,14.55,3.58
2023-11-22 02:00:00+02:00,0.0,0.0,0.0,14.36,3.63
2023-11-22 03:00:00+02:00,0.0,0.0,0.0,14.21,3.53
2023-11-22 04:00:00+02:00,0.0,0.0,0.0,14.06,3.35
2023-11-22 05:00:00+02:00,0.0,0.0,0.0,13.86,3.18
2023-11-22 06:00:00+02:00,9.18,6.23,11.61,13.63,3.04
2023-11-22 07:00:00+02:00,128.25,92.27,104.96,14.55,3.92
2023-11-22 08:00:00+02:00,282.17,143.52,226.89,15.3,2.96
2023-11-22 09:00:00+02:00,410.85,226.84,274.54,16.13,2.94
2023-11-22 10:00:00+02:00,505.05,380.6,314.58,17.73,2.91
2023-11-22 11:00:00+02:00,517.58,386.59,280.77,20.07,2.12
2023-11-22 12:00:00+02:00,590.1,698.83,168.65,22.9,1.6
2023-11-22 13:00:00+02:00,534.2,782.59,110.27,25.2,1.07
2023-11-22 14:00:00+02:00,390.9,739.27,86.39,25.79,0.95
2023-11-22 15:00:00+02:00,216.73,575.19,68.18,25.33,1.26
2023-11-22 16:00:00+02:00,38.2,151.99,25.86,22.65,1.37
2023-11-22 17:00:00+02:00,0.0,0.0,0.0,19.73,1.98
2023-11-22 18:00:00+02:00,0.0,0.0,0.0,18.07,2.39
2023-11-22 19:00:00+02:00,0.0,0.0,0.0,16.89,2.71
2023-11-22 20:00:00+02:00,0.0,0.0,0.0,16.03,2.95
2023-11-22 21:00:00+02:00,0.0,0.0,0.0,15.36,3.06
2023-11-22 22:00:00+02:00,0.0,0.0,0.0,14.77,3.08
2023-11-22 23:00:00+02:00,0.0,0.0,0.0,14.29,3.08
2023-11-23 00:00:00+02:00,0.0,0.0,0.0,13.9,3.06
2023-11-23 01:00:00+02:00,0.0,0.0,0.0,13.59,3.04
2023-11-23 02:00:00+02:00,0.0,0.0,0.0,13.3,2.97
2023-11-23 03:00:00+02:00,0.0,0.0,0.0,13.02,2.82
2023-11-23 04:00:00+02:00,0.0,0.0,0.0,12.83,2.62
2023-11-23 05:00:00+02:00,0.0,0.0,0.0,12.66,2.49
2023-11-23 06:00:00+02:00,9.57,5.56,11.33,12.41,2.5
2023-11-23 07:00:00+02:00,141.18,338.68,67.98,14.5,2.33
2023-11-23 08:00:00+02:00,325.05,555.19,114.09,18.06,3.11
2023-11-23 09:00:00+02:00,487.12,700.42,129.21,21.78,2.16
2023-11-23 10:00:00+02:00,597.45,767.98,134.4,24.04,1.93
2023-11-23 11:00:00+02:00,651.08,826.03,125.6,25.38,2.18
2023-11-23 12:00:00+02:00,629.47,823.32,120.99,26.28,2.38
2023-11-23 13:00:00+02:00,542.3,781.23,119.38,26.72,2.52
2023-11-23 14:00:00+02:00,396.75,693.35,106.32,26.61,2.37
2023-11-23 15:00:00+02:00,214.0,529.92,74.04,25.92,2.07
2023-11-23 16:00:00+02:00,36.7,104.28,28.36,23.46,1.34
2023-11-23 17:00:00+02:00,0.0,0.0,0.0,21.93,1.2
2023-11-23 18:00:00+02:00,0.0,0.0,0.0,21.21,0.98
2023-11-23 19:00:00+02:00,0.0,0.0,0.0,20.38,0.85
2023-11-23 20:00:00+02:00,0.0,0.0,0.0,19.57,0.95
2023-11-23 21:00:00+02:00,0.0,0.0,0.0,18.66,1.18
2023-11-23 22:00:00+02:00,0.0,0.0,0.0,17.68,1.42
2023-11-23 23:00:00+02:00,0.0,0.0,0.0,16.76,1.61
2023-11-24 00:00:00+02:00,0.0,0.0,0.0,16.02,1.69
2023-11-24 01:00:00+02:00,0.0,0.0,0.0,15.36,1.75
2023-11-24 02:00:00+02:00,0.0,0.0,0.0,14.69,1.84
2023-11-24 03:00:00+02:00,0.0,0.0,0.0,13.96,1.98
2023-11-24 04:00:00+02:00,0.0,0.0,0.0,13.12,2.24
2023-11-24 05:00:00+02:00,0.0,0.0,0.0,12.26,2.62
2023-11-24 06:00:00+02:00,9.52,11.8,10.91,11.81,2.94
2023-11-24 07:00:00+02:00,145.45,418.26,59.3,14.17,3.03
2023-11-24 08:00:00+02:00,329.92,610.63,101.69,17.6,4.37
2023-11-24 09:00:00+02:00,491.17,741.44,116.0,21.45,3.48
2023-11-24 10:00:00+02:00,601.15,803.7,124.98,24.93,3.21
2023-11-24 11:00:00+02:00,648.9,827.43,124.97,26.25,3.19
2023-11-24 12:00:00+02:00,626.62,811.88,126.82,26.98,3.13
2023-11-24 13:00:00+02:00,537.65,769.38,121.65,27.21,3.13
2023-11-24 14:00:00+02:00,391.25,666.37,110.71,26.98,3.18
2023-11-24 15:00:00+02:00,209.45,497.76,75.42,26.03,3.2
2023-11-24 16:00:00+02:00,35.25,84.48,28.46,22.9,2.42
2023-11-24 17:00:00+02:00,0.0,0.0,0.0,19.71,3.09
2023-11-24 18:00:00+02:00,0.0,0.0,0.0,18.39,3.32
2023-11-24 19:00:00+02:00,0.0,0.0,0.0,17.93,3.39
2023-11-24 20:00:00+02:00,0.0,0.0,0.0,17.45,3.34
2023-11-24 21:00:00+02:00,0.0,0.0,0.0,16.82,3.36
2023-11-24 22:00:00+02:00,0.0,0.0,0.0,16.74,3.56
2023-11-24 23:00:00+02:00,0.0,0.0,0.0,16.53,3.81
2023-11-25 00:00:00+02:00,0.0,0.0,0.0,16.34,3.97
2023-11-25 01:00:00+02:00,0.0,0.0,0.0,16.26,4.12
2023-11-25 02:00:00+02:00,0.0,0.0,0.0,16.14,4.24
2023-11-25 03:00:00+02:00,0.0,0.0,0.0,15.96,4.41
2023-11-25 04:00:00+02:00,0.0,0.0,0.0,15.84,4.59
2023-11-25 05:00:00+02:00,0.0,0.0,0.0,15.24,4.48
2023-11-25 06:00:00+02:00,6.7,0.0,8.52,15.31,4.76
2023-11-25 07:00:00+02:00,80.6,6.68,70.83,16.78,5.69
2023-11-25 08:00:00+02:00,188.75,9.57,165.62,18.57,5.9
2023-11-25 09:00:00+02:00,294.67,7.14,243.57,20.62,5.48
2023-11-25 10:00:00+02:00,372.7,28.42,310.12,23.15,6.06
2023-11-25 11:00:00+02:00,367.2,17.58,312.95,25.22,7.32
2023-11-25 12:00:00+02:00,292.52,32.66,241.66,26.28,7.69
2023-11-25 13:00:00+02:00,231.73,0.35,201.71,26.84,7.76
2023-11-25 14:00:00+02:00,199.77,41.82,166.13,26.69,7.12
2023-11-25 15:00:00+02:00,114.93,43.71,95.97,25.5,5.28
2023-11-25 16:00:00+02:00,24.15,1.4,27.99,23.2,4.17
2023-11-25 17:00:00+02:00,0.0,0.0,0.0,21.6,4.41
2023-11-25 18:00:00+02:00,0.0,0.0,0.0,21.03,5.44
2023-11-25 19:00:00+02:00,0.0,0.0,0.0,20.77,6.34
2023-11-25 20:00:00+02:00,0.0,0.0,0.0,20.16,6.81
2023-11-25 21:00:00+02:00,0.0,0.0,0.0,19.39,6.9
2023-11-25 22:00:00+02:00,0.0,0.0,0.0,18.62,7.01
2023-11-25 23:00:00+02:00,0.0,0.0,0.0,17.78,7.21
2023-11-26 00:00:00+02:00,0.0,0.0,0.0,16.93,7.08
2023-11-26 01:00:00+02:00,0.0,0.0,0.0,16.08,6.48
2023-11-26 02:00:00+02:00,0.0,0.0,0.0,15.15,6.0
2023-11-26 03:00:00+02:00,0.0,0.0,0.0,14.4,5.94
2023-11-26 04:00:00+02:00,0.0,0.0,0.0,13.95,6.06
2023-11-26 05:00:00+02:00,0.0,0.0,0.0,13.61,6.3
2023-11-26 06:00:00+02:00,5.57,0.0,6.81,13.24,6.56
2023-11-26 07:00:00+02:00,87.43,7.2,75.81,13.96,7.23
2023-11-26 08:00:00+02:00,261.38,185.78,179.91,16.36,7.53
2023-11-26 09:00:00+02:00,359.2,152.84,250.44,19.46,8.99
2023-11-26 10:00:00+02:00,440.83,167.45,291.39,21.51,9.77
2023-11-26 11:00:00+02:00,584.3,480.44,246.26,23.1,9.85
2023-11-26 12:00:00+02:00,528.35,337.46,277.96,24.16,9.69
2023-11-26 13:00:00+02:00,461.17,362.45,245.43,24.66,9.47
2023-11-26 14:00:00+02:00,335.17,326.97,186.32,24.53,9.09
2023-11-26 15:00:00+02:00,185.98,291.23,100.87,23.86,8.44
2023-11-26 16:00:00+02:00,29.4,10.18,28.26,22.2,6.49
2023-11-26 17:00:00+02:00,0.0,0.0,0.0,19.97,5.25
2023-11-26 18:00:00+02:00,0.0,0.0,0.0,19.34,5.49
2023-11-26 19:00:00+02:00,0.0,0.0,0.0,18.68,5.46
2023-11-26 20:00:00+02:00,0.0,0.0,0.0,17.98,5.14
2023-11-26 21:00:00+02:00,0.0,0.0,0.0,17.47,5.45
2023-11-26 22:00:00+02:00,0.0,0.0,0.0,17.02,5.72
2023-11-26 23:00:00+02:00,0.0,0.0,0.0,16.54,5.89
2023-11-27 00:00:00+02:00,0.0,0.0,0.0,15.94,5.81
2023-11-27 01:00:00+02:00,0.0,0.0,0.0,15.45,5.75
2023-11-27 02:00:00+02:00,0.0,0.0,0.0,15.09,5.47
2023-11-27 03:00:00+02:00,0.0,0.0,0.0,15.25,5.11
2023-11-27 04:00:00+02:00,0.0,0.0,0.0,15.44,4.54
2023-11-27 05:00:00+02:00,0.0,0.0,0.0,14.1,3.59
2023-11-27 06:00:00+02:00,6.22,0.0,9.41,13.35,3.5
2023-11-27 07:00:00+02:00,102.0,70.27,85.64,15.01,4.83
2023-11-27 08:00:00+02:00,270.58,344.79,143.54,17.96,5.93
2023-11-27 09:00:00+02:00,427.65,543.82,160.69,20.26,7.23
2023-11-27 10:00:00+02:00,534.55,702.63,153.53,21.36,7.15
2023-11-27 11:00:00+02:00,542.6,520.31,233.85,22.17,7.01
2023-11-27 12:00:00+02:00,466.1,674.74,109.19,22.53,6.83
2023-11-27 13:00:00+02:00,369.7,340.02,186.57,22.8,6.61
2023-11-27 14:00:00+02:00,252.85,284.25,152.48,22.71,6.58
2023-11-27 15:00:00+02:00,128.32,149.91,85.95,21.79,6.43
2023-11-27 16:00:00+02:00,19.52,40.73,19.39,20.53,5.57
2023-11-27 17:00:00+02:00,0.0,0.0,0.0,18.89,4.35
2023-11-27 18:00:00+02:00,0.0,0.0,0.0,17.87,3.77
2023-11-27 19:00:00+02:00,0.0,0.0,0.0,16.82,2.94
2023-11-27 20:00:00+02:00,0.0,0.0,0.0,15.96,2.45
2023-11-27 21:00:00+02:00,0.0,0.0,0.0,14.99,2.31
2023-11-27 22:00:00+02:00,0.0,0.0,0.0,14.17,2.12
2023-11-27 23:00:00+02:00,0.0,0.0,0.0,13.99,1.84
2023-11-28 00:00:00+02:00,0.0,0.0,0.0,13.93,1.58
2023-11-28 01:00:00+02:00,0.0,0.0,0.0,13.77,1.44
2023-11-28 02:00:00+02:00,0.0,0.0,0.0,13.55,1.34
2023-11-28 03:00:00+02:00,0.0,0.0,0.0,13.37,1.2
2023-11-28 04:00:00+02:00,0.0,0.0,0.0,12.97,1.24
2023-11-28 05:00:00+02:00,0.0,0.0,0.0,12.56,1.34
2023-11-28 06:00:00+02:00,6.88,29.44,8.75,12.11,1.42
2023-11-28 07:00:00+02:00,125.3,425.13,50.74,13.32,1.43
2023-11-28 08:00:00+02:00,296.62,586.27,88.93,16.37,1.66
2023-11-28 09:00:00+02:00,446.6,710.04,115.61,19.17,2.78
2023-11-28 10:00:00+02:00,553.28,733.14,140.22,20.59,3.0
2023-11-28 11:00:00+02:00,603.85,698.73,180.71,21.6,3.2
2023-11-28 12:00:00+02:00,582.42,636.69,217.35,22.27,3.37
2023-11-28 13:00:00+02:00,466.7,427.57,239.18,22.51,3.62
2023-11-28 14:00:00+02:00,334.0,305.47,206.99,21.93,3.95
2023-11-28 15:00:00+02:00,176.48,175.77,130.22,21.04,4.29
2023-11-28 16:00:00+02:00,29.65,35.42,31.27,19.69,3.73
2023-11-28 17:00:00+02:00,0.0,0.0,0.0,17.91,3.37
2023-11-28 18:00:00+02:00,0.0,0.0,0.0,17.39,3.89
2023-11-28 19:00:00+02:00,0.0,0.0,0.0,16.71,3.63
2023-11-28 20:00:00+02:00,0.0,0.0,0.0,15.97,3.17
2023-11-28 21:00:00+02:00,0.0,0.0,0.0,15.38,3.02
2023-11-28 22:00:00+02:00,0.0,0.0,0.0,15.06,3.17
2023-11-28 23:00:00+02:00,0.0,0.0,0.0,14.77,2.95
2023-11-29 00:00:00+02:00,0.0,0.0,0.0,14.25,2.61
2023-11-29 01:00:00+02:00,0.0,0.0,0.0,14.04,2.44
2023-11-29 02:00:00+02:00,0.0,0.0,0.0,13.75,2.37
2023-11-29 03:00:00+02:00,0.0,0.0,0.0,12.41,2.48
2023-11-29 04:00:00+02:00,0.0,0.0,0.0,11.8,2.49
2023-11-29 05:00:00+02:00,0.0,0.0,0.0,11.4,2.47
2023-11-29 06:00:00+02:00,6.78,21.28,8.64,11.1,2.31
2023-11-29 07:00:00+02:00,131.82,433.47,52.68,13.05,2.12
2023-11-29 08:00:00+02:00,314.88,674.12,79.53,15.76,2.54
2023-11-29 09:00:00+02:00,472.45,776.79,94.22,19.85,4.41
2023-11-29 10:00:00+02:00,579.78,824.4,104.09,21.94,4.44
2023-11-29 11:00:00+02:00,634.22,888.66,97.17,23.42,3.95
2023-11-29 12:00:00+02:00,611.17,846.62,106.01,24.42,3.58
2023-11-29 13:00:00+02:00,531.75,837.72,90.77,24.94,3.25
2023-11-29 14:00:00+02:00,388.88,743.79,84.83,24.9,2.99
2023-11-29 15:00:00+02:00,209.05,589.11,58.96,24.18,3.15
2023-11-29 16:00:00+02:00,35.08,143.16,23.76,21.15,2.68
2023-11-29 17:00:00+02:00,0.0,0.0,0.0,18.05,3.49
2023-11-29 18:00:00+02:00,0.0,0.0,0.0,17.38,4.21
2023-11-29 19:00:00+02:00,0.0,0.0,0.0,16.56,4.39
2023-11-29 20:00:00+02:00,0.0,0.0,0.0,15.57,3.68
2023-11-29 21:00:00+02:00,0.0,0.0,0.0,14.83,3.21
2023-11-29 22:00:00+02:00,0.0,0.0,0.0,14.29,3.01
2023-11-29 23:00:00+02:00,0.0,0.0,0.0,13.79,2.88
2023-11-30 00:00:00+02:00,0.0,0.0,0.0,13.41,2.63
2023-11-30 01:00:00+02:00,0.0,0.0,0.0,13.24,2.41
2023-11-30 02:00:00+02:00,0.0,0.0,0.0,13.09,2.17
2023-11-30 03:00:00+02:00,0.0,0.0,0.0,13.11,1.81
2023-11-30 04:00:00+02:00,0.0,0.0,0.0,13.14,1.46
2023-11-30 05:00:00+02:00,0.0,0.0,0.0,12.92,1.19
2023-11-30 06:00:00+02:00,6.2,7.52,8.82,12.68,0.87
2023-11-30 07:00:00+02:00,125.12,345.34,59.49,13.64,0.65
2023-11-30 08:00:00+02:00,310.48,603.38,93.8,15.72,0.58
2023-11-30 09:00:00+02:00,466.25,748.64,106.2,20.14,1.73
2023-11-30 10:00:00+02:00,574.53,802.85,111.67,23.1,2.92
2023-11-30 11:00:00+02:00,616.75,755.42,146.99,24.8,3.33
2023-11-30 12:00:00+02:00,600.03,780.84,128.73,25.91,3.65
2023-11-30 13:00:00+02:00,501.62,710.85,123.23,26.45,3.97
2023-11-30 14:00:00+02:00,370.55,652.18,102.47,26.33,4.45
2023-11-30 15:00:00+02:00,193.0,470.9,73.48,25.5,5.03
2023-11-30 16:00:00+02:00,32.22,90.45,25.16,23.12,4.26
2023-11-30 17:00:00+02:00,0.0,0.0,0.0,20.18,3.84
2023-11-30 18:00:00+02:00,0.0,0.0,0.0,19.05,3.63
2023-11-30 19:00:00+02:00,0.0,0.0,0.0,17.98,3.1
2023-11-30 20:00:00+02:00,0.0,0.0,0.0,17.14,2.78
2023-11-30 21:00:00+02:00,0.0,0.0,0.0,16.47,2.66
2023-11-30 22:00:00+02:00,0.0,0.0,0.0,15.93,2.56
2023-11-30 23:00:00+02:00,0.0,0.0,0.0,15.46,2.37
2023-12-01 00:00:00+02:00,0.0,0.0,0.0,15.04,2.16
2023-12-01 01:00:00+02:00,0.0,0.0,0.0,14.68,1.94
2023-12-01 02:00:00+02:00,0.0,0.0,0.0,14.46,1.67
2023-12-01 03:00:00+02:00,0.0,0.0,0.0,14.32,1.44
2023-12-01 04:00:00+02:00,0.0,0.0,0.0,14.11,1.4
2023-12-01 05:00:00+02:00,0.0,0.0,0.0,13.89,1.49
2023-12-01 06:00:00+02:00,5.6,8.34,7.85,13.8,1.56
2023-12-01 07:00:00+02:00,120.95,352.42,55.74,15.25,1.48
2023-12-01 08:00:00+02:00,298.58,576.95,102.17,18.21,2.11
2023-12-01 09:00:00+02:00,449.33,675.5,128.84,22.54,4.74
2023-12-01 10:00:00+02:00,551.83,680.79,154.69,25.17,5.49
2023-12-01 11:00:00+02:00,508.42,208.85,345.68,26.87,6.06
2023-12-01 12:00:00+02:00,506.33,254.33,336.06,27.66,6.78
2023-12-01 13:00:00+02:00,453.8,657.64,119.7,27.52,7.46
2023-12-01 14:00:00+02:00,342.85,579.74,103.55,26.69,7.8
2023-12-01 15:00:00+02:00,187.55,456.27,73.36,25.21,7.63
2023-12-01 16:00:00+02:00,31.48,80.27,25.52,22.82,6.34
2023-12-01 17:00:00+02:00,0.0,0.0,0.0,19.89,4.57
2023-12-01 18:00:00+02:00,0.0,0.0,0.0,18.27,3.96
2023-12-01 19:00:00+02:00,0.0,0.0,0.0,17.02,3.32
2023-12-01 20:00:00+02:00,0.0,0.0,0.0,16.07,2.99
2023-12-01 21:00:00+02:00,0.0,0.0,0.0,15.32,2.8
2023-12-01 22:00:00+02:00,0.0,0.0,0.0,14.76,2.73
2023-12-01 23:00:00+02:00,0.0,0.0,0.0,14.35,2.8
2023-12-02 00:00:00+02:00,0.0,0.0,0.0,14.03,2.9
2023-12-02 01:00:00+02:00,0.0,0.0,0.0,13.8,3.0
2023-12-02 02:00:00+02:00,0.0,0.0,0.0,13.7,3.15
2023-12-02 03:00:00+02:00,0.0,0.0,0.0,13.77,3.27
2023-12-02 04:00:00+02:00,0.0,0.0,0.0,13.74,3.3
2023-12-02 05:00:00+02:00,0.0,0.0,0.0,13.62,3.31
2023-12-02 06:00:00+02:00,5.38,17.78,7.08,13.45,3.24
2023-12-02 07:00:00+02:00,120.85,392.07,49.19,15.61,3.83
2023-12-02 08:00:00+02:00,294.67,654.36,80.34,18.62,5.49
2023-12-02 09:00:00+02:00,444.4,716.01,114.61,20.98,5.91
2023-12-02 10:00:00+02:00,547.6,702.37,148.02,22.87,5.83
2023-12-02 11:00:00+02:00,495.77,153.56,391.98,24.34,5.8
2023-12-02 12:00:00+02:00,517.62,724.17,124.11,25.24,5.83
2023-12-02 13:00:00+02:00,474.42,522.42,190.14,25.51,6.03
2023-12-02 14:00:00+02:00,346.92,517.36,137.62,25.09,6.31
2023-12-02 15:00:00+02:00,186.05,418.26,86.76,23.87,6.35
2023-12-02 16:00:00+02:00,31.3,83.07,27.37,21.65,5.49
2023-12-02 17:00:00+02:00,0.0,0.0,0.0,19.04,4.53
2023-12-02 18:00:00+02:00,0.0,0.0,0.0,18.02,4.46
2023-12-02 19:00:00+02:00,0.0,0.0,0.0,17.07,3.77
2023-12-02 20:00:00+02:00,0.0,0.0,0.0,16.2,3.28
2023-12-02 21:00:00+02:00,0.0,0.0,0.0,15.45,2.98
2023-12-02 22:00:00+02:00,0.0,0.0,0.0,14.87,2.82
2023-12-02 23:00:00+02:00,0.0,0.0,0.0,14.49,2.72
2023-12-03 00:00:00+02:00,0.0,0.0,0.0,14.42,2.71
2023-12-03 01:00:00+02:00,0.0,0.0,0.0,14.34,2.8
2023-12-03 02:00:00+02:00,0.0,0.0,0.0,14.44,2.88
2023-12-03 03:00:00+02:00,0.0,0.0,0.0,14.29,2.98
2023-12-03 04:00:00+02:00,0.0,0.0,0.0,14.18,3.05
2023-12-03 05:00:00+02:00,0.0,0.0,0.0,14.09,3.1
2023-12-03 06:00:00+02:00,4.38,0.93,7.04,13.96,3.11
2023-12-03 07:00:00+02:00,90.45,83.92,73.99,16.15,3.05
2023-12-03 08:00:00+02:00,223.5,171.14,174.45,19.59,4.76
2023-12-03 09:00:00+02:00,349.85,234.66,242.95,22.35,5.55
2023-12-03 10:00:00+02:00,440.65,300.38,300.78,24.57,5.21
2023-12-03 11:00:00+02:00,515.35,223.73,347.95,26.38,4.6
2023-12-03 12:00:00+02:00,559.78,624.67,197.01,27.52,3.89
2023-12-03 13:00:00+02:00,457.75,452.0,245.28,28.06,3.29
2023-12-03 14:00:00+02:00,326.33,298.55,212.77,28.01,3.18
2023-12-03 15:00:00+02:00,171.43,191.54,122.21,27.05,3.32
2023-12-03 16:00:00+02:00,26.25,10.99,28.36,23.37,2.77
2023-12-03 17:00:00+02:00,0.0,0.0,0.0,20.39,3.38
2023-12-03 18:00:00+02:00,0.0,0.0,0.0,19.33,3.58
2023-12-03 19:00:00+02:00,0.0,0.0,0.0,18.1,3.34
2023-12-03 20:00:00+02:00,0.0,0.0,0.0,16.99,2.96
2023-12-03 21:00:00+02:00,0.0,0.0,0.0,16.05,2.67
2023-12-03 22:00:00+02:00,0.0,0.0,0.0,15.34,2.43
2023-12-03 23:00:00+02:00,0.0,0.0,0.0,14.92,2.04
2023-12-04 00:00:00+02:00,0.0,0.0,0.0,14.99,1.5
2023-12-04 01:00:00+02:00,0.0,0.0,0.0,15.14,1.03
2023-12-04 02:00:00+02:00,0.0,0.0,0.0,15.07,0.82
2023-12-04 03:00:00+02:00,0.0,0.0,0.0,14.84,0.77
2023-12-04 04:00:00+02:00,0.0,0.0,0.0,14.81,0.81
2023-12-04 05:00:00+02:00,0.0,0.0,0.0,14.66,0.8
2023-12-04 06:00:00+02:00,3.53,2.08,5.76,13.97,1.07
2023-12-04 07:00:00+02:00,78.6,155.32,51.95,14.51,1.58
2023-12-04 08:00:00+02:00,190.98,328.72,94.59,17.5,2.85
2023-12-04 09:00:00+02:00,287.7,371.94,131.22,20.98,2.23
2023-12-04 10:00:00+02:00,382.35,238.11,235.08,24.43,2.22
2023-12-04 11:00:00+02:00,442.45,290.8,242.23,27.34,3.12
2023-12-04 12:00:00+02:00,520.67,564.55,189.06,28.61,3.89
2023-12-04 13:00:00+02:00,498.42,675.46,142.57,28.89,4.42
2023-12-04 14:00:00+02:00,357.7,561.51,125.83,28.29,4.76
2023-12-04 15:00:00+02:00,187.38,406.14,80.91,27.01,4.52
2023-12-04 16:00:00+02:00,29.5,49.71,25.29,23.19,2.95
2023-12-04 17:00:00+02:00,0.0,0.0,0.0,20.15,3.08
2023-12-04 18:00:00+02:00,0.0,0.0,0.0,19.04,2.88
2023-12-04 19:00:00+02:00,0.0,0.0,0.0,18.13,2.53
2023-12-04 20:00:00+02:00,0.0,0.0,0.0,17.33,2.3
2023-12-04 21:00:00+02:00,0.0,0.0,0.0,16.63,2.1
2023-12-04 22:00:00+02:00,0.0,0.0,0.0,16.2,1.85
2023-12-04 23:00:00+02:00,0.0,0.0,0.0,15.98,1.58
2023-12-05 00:00:00+02:00,0.0,0.0,0.0,15.92,1.23
2023-12-05 01:00:00+02:00,0.0,0.0,0.0,15.92,0.77
2023-12-05 02:00:00+02:00,0.0,0.0,0.0,16.09,0.4
2023-12-05 03:00:00+02:00,0.0,0.0,0.0,15.91,0.45
2023-12-05 04:00:00+02:00,0.0,0.0,0.0,15.31,0.87
2023-12-05 05:00:00+02:00,0.0,0.0,0.0,14.82,1.27
2023-12-05 06:00:00+02:00,3.15,2.21,5.05,14.22,1.63
2023-12-05 07:00:00+02:00,76.25,148.96,52.9,15.16,1.82
2023-12-05 08:00:00+02:00,195.45,295.74,109.88,18.3,2.72
2023-12-05 09:00:00+02:00,295.48,389.11,151.43,21.03,2.8
2023-12-05 10:00:00+02:00,415.25,247.75,250.54,22.98,2.84
2023-12-05 11:00:00+02:00,531.47,460.94,232.53,24.34,3.05
2023-12-05 12:00:00+02:00,535.45,542.6,208.31,25.33,3.01
2023-12-05 13:00:00+02:00,429.92,465.8,179.88,25.9,2.72
2023-12-05 14:00:00+02:00,310.12,376.75,154.93,25.95,2.58
2023-12-05 15:00:00+02:00,161.95,246.75,96.03,25.38,2.42
2023-12-05 16:00:00+02:00,26.2,16.1,26.43,22.79,1.72
2023-12-05 17:00:00+02:00,0.0,0.0,0.0,20.47,1.99
2023-12-05 18:00:00+02:00,0.0,0.0,0.0,19.14,2.27
2023-12-05 19:00:00+02:00,0.0,0.0,0.0,17.96,2.38
2023-12-05 20:00:00+02:00,0.0,0.0,0.0,17.03,2.36
2023-12-05 21:00:00+02:00,0.0,0.0,0.0,16.28,2.3
2023-12-05 22:00:00+02:00,0.0,0.0,0.0,15.64,2.21
2023-12-05 23:00:00+02:00,0.0,0.0,0.0,15.1,2.07
2023-12-06 00:00:00+02:00,0.0,0.0,0.0,14.65,1.99
2023-12-06 01:00:00+02:00,0.0,0.0,0.0,14.22,2.05
2023-12-06 02:00:00+02:00,0.0,0.0,0.0,13.9,2.0
2023-12-06 03:00:00+02:00,0.0,0.0,0.0,13.81,1.85
2023-12-06 04:00:00+02:00,0.0,0.0,0.0,13.25,2.06
2023-12-06 05:00:00+02:00,0.0,0.0,0.0,12.74,2.41
2023-12-06 06:00:00+02:00,0.0,0.0,0.0,12.46,2.63
2023-12-06 07:00:00+02:00,118.95,334.57,55.09,14.42,3.19
2023-12-06 08:00:00+02:00,290.15,608.28,85.95,17.16,3.7
2023-12-06 09:00:00+02:00,449.98,743.11,101.01,20.26,3.64
2023-12-06 10:00:00+02:00,561.05,798.38,113.1,21.91,3.7
2023-12-06 11:00:00+02:00,590.83,720.23,147.37,23.29,4.15
2023-12-06 12:00:00+02:00,530.75,391.32,300.01,24.22,4.56
2023-12-06 13:00:00+02:00,471.98,660.54,132.68,24.65,4.82
2023-12-06 14:00:00+02:00,355.42,608.58,111.42,24.47,5.15
2023-12-06 15:00:00+02:00,194.8,456.8,77.05,23.65,4.93
2023-12-06 16:00:00+02:00,32.12,83.67,25.84,20.82,3.26
2023-12-06 17:00:00+02:00,0.0,0.0,0.0,17.83,3.32
2023-12-06 18:00:00+02:00,0.0,0.0,0.0,16.88,3.24
2023-12-06 19:00:00+02:00,0.0,0.0,0.0,15.95,3.13
2023-12-06 20:00:00+02:00,0.0,0.0,0.0,15.1,2.94
2023-12-06 21:00:00+02:00,0.0,0.0,0.0,14.49,2.71
2023-12-06 22:00:00+02:00,0.0,0.0,0.0,13.99,2.6
2023-12-06 23:00:00+02:00,0.0,0.0,0.0,13.76,2.31
2023-12-07 00:00:00+02:00,0.0,0.0,0.0,13.57,2.08
2023-12-07 01:00:00+02:00,0.0,0.0,0.0,13.28,1.99
2023-12-07 02:00:00+02:00,0.0,0.0,0.0,12.85,2.01
2023-12-07 03:00:00+02:00,0.0,0.0,0.0,12.53,1.96
2023-12-07 04:00:00+02:00,0.0,0.0,0.0,12.21,2.08
2023-12-07 05:00:00+02:00,0.0,0.0,0.0,11.78,2.32
2023-12-07 06:00:00+02:00,0.0,0.0,0.0,11.51,2.43
2023-12-07 07:00:00+02:00,86.7,32.44,78.99,13.15,2.53
2023-12-07 08:00:00+02:00,212.98,118.23,164.34,16.12,3.5
2023-12-07 09:00:00+02:00,340.23,176.0,250.43,19.51,2.42
2023-12-07 10:00:00+02:00,428.83,186.62,288.76,21.13,2.72
2023-12-07 11:00:00+02:00,414.92,49.1,334.6,21.89,3.09
2023-12-07 12:00:00+02:00,323.95,0.73,281.52,22.67,3.15
2023-12-07 13:00:00+02:00,299.88,24.83,250.52,23.13,3.21
2023-12-07 14:00:00+02:00,205.93,30.32,177.8,22.82,3.45
2023-12-07 15:00:00+02:00,104.85,9.18,91.04,21.93,3.32
2023-12-07 16:00:00+02:00,18.8,0.0,20.0,19.56,2.18
2023-12-07 17:00:00+02:00,0.0,0.0,0.0,17.84,2.32
2023-12-07 18:00:00+02:00,0.0,0.0,0.0,17.2,2.28
2023-12-07 19:00:00+02:00,0.0,0.0,0.0,16.24,2.41
2023-12-07 20:00:00+02:00,0.0,0.0,0.0,15.17,2.42
2023-12-07 21:00:00+02:00,0.0,0.0,0.0,14.69,2.13
2023-12-07 22:00:00+02:00,0.0,0.0,0.0,14.93,1.61
2023-12-07 23:00:00+02:00,0.0,0.0,0.0,14.99,1.07
2023-12-08 00:00:00+02:00,0.0,0.0,0.0,15.06,0.52
2023-12-08 01:00:00+02:00,0.0,0.0,0.0,14.85,0.23
2023-12-08 02:00:00+02:00,0.0,0.0,0.0,14.06,0.83
2023-12-08 03:00:00+02:00,0.0,0.0,0.0,13.15,1.46
2023-12-08 04:00:00+02:00,0.0,0.0,0.0,12.42,1.92
2023-12-08 05:00:00+02:00,0.0,0.0,0.0,12.09,2.12
2023-12-08 06:00:00+02:00,0.0,0.0,0.0,12.02,2.12
2023-12-08 07:00:00+02:00,57.33,3.11,52.76,13.21,1.91
2023-12-08 08:00:00+02:00,147.2,10.27,130.3,15.52,2.73
2023-12-08 09:00:00+02:00,240.82,16.36,207.53,17.74,2.51
2023-12-08 10:00:00+02:00,313.5,21.99,260.71,20.06,2.67
2023-12-08 11:00:00+02:00,335.85,24.8,285.94,21.28,3.32
2023-12-08 12:00:00+02:00,320.17,4.69,277.63,21.68,4.08
2023-12-08 13:00:00+02:00,275.1,24.26,229.55,21.62,4.39
2023-12-08 14:00:00+02:00,212.25,16.25,181.57,21.27,4.22
2023-12-08 15:00:00+02:00,116.88,17.34,100.74,20.5,3.65
2023-12-08 16:00:00+02:00,22.33,3.85,23.49,18.26,2.33
2023-12-08 17:00:00+02:00,0.0,0.0,0.0,16.6,2.68
2023-12-08 18:00:00+02:00,0.0,0.0,0.0,16.16,3.12
2023-12-08 19:00:00+02:00,0.0,0.0,0.0,15.73,3.74
2023-12-08 20:00:00+02:00,0.0,0.0,0.0,15.18,4.47
2023-12-08 21:00:00+02:00,0.0,0.0,0.0,14.46,5.1
2023-12-08 22:00:00+02:00,0.0,0.0,0.0,13.8,5.72
2023-12-08 23:00:00+02:00,0.0,0.0,0.0,13.31,6.04
2023-12-09 00:00:00+02:00,0.0,0.0,0.0,12.98,6.14
2023-12-09 01:00:00+02:00,0.0,0.0,0.0,12.73,6.15
2023-12-09 02:00:00+02:00,0.0,0.0,0.0,12.54,6.08
2023-12-09 03:00:00+02:00,0.0,0.0,0.0,12.36,6.08
2023-12-09 04:00:00+02:00,0.0,0.0,0.0,12.24,6.19
2023-12-09 05:00:00+02:00,0.0,0.0,0.0,12.09,6.26
2023-12-09 06:00:00+02:00,0.0,0.0,0.0,11.8,6.32
2023-12-09 07:00:00+02:00,87.15,66.12,74.09,12.45,6.82
2023-12-09 08:00:00+02:00,223.02,160.7,172.38,15.01,6.59
2023-12-09 09:00:00+02:00,355.4,225.97,257.75,18.63,6.63
2023-12-09 10:00:00+02:00,455.73,382.85,319.63,21.38,6.15
2023-12-09 11:00:00+02:00,483.02,314.08,370.0,22.59,5.6
2023-12-09 12:00:00+02:00,505.95,389.48,307.26,23.13,5.39
2023-12-09 13:00:00+02:00,441.88,378.39,275.98,23.06,5.6
2023-12-09 14:00:00+02:00,326.23,262.1,212.61,22.49,5.52
2023-12-09 15:00:00+02:00,172.65,187.45,125.26,21.61,5.0
2023-12-09 16:00:00+02:00,29.33,31.77,30.37,19.3,3.03
2023-12-09 17:00:00+02:00,0.0,0.0,0.0,16.27,2.79
2023-12-09 18:00:00+02:00,0.0,0.0,0.0,15.38,2.69
2023-12-09 19:00:00+02:00,0.0,0.0,0.0,14.73,2.51
2023-12-09 20:00:00+02:00,0.0,0.0,0.0,14.34,2.26
2023-12-09 21:00:00+02:00,0.0,0.0,0.0,14.3,1.86
2023-12-09 22:00:00+02:00,0.0,0.0,0.0,14.35,1.41
2023-12-09 23:00:00+02:00,0.0,0.0,0.0,14.16,1.02
2023-12-10 00:00:00+02:00,0.0,0.0,0.0,13.7,1.12
2023-12-10 01:00:00+02:00,0.0,0.0,0.0,12.45,1.76
2023-12-10 02:00:00+02:00,0.0,0.0,0.0,11.18,2.32
2023-12-10 03:00:00+02:00,0.0,0.0,0.0,10.43,2.63
2023-12-10 04:00:00+02:00,0.0,0.0,0.0,9.97,2.84
2023-12-10 05:00:00+02:00,0.0,0.0,0.0,9.66,3.0
2023-12-10 06:00:00+02:00,0.0,0.0,0.0,9.43,3.13
2023-12-10 07:00:00+02:00,96.75,143.31,73.11,11.45,3.6
2023-12-10 08:00:00+02:00,253.62,284.75,157.21,14.33,4.15
2023-12-10 09:00:00+02:00,403.2,362.01,229.31,18.18,4.03
2023-12-10 10:00:00+02:00,504.25,413.48,263.67,21.1,3.59
2023-12-10 11:00:00+02:00,549.65,669.84,288.46,22.83,2.73
2023-12-10 12:00:00+02:00,521.92,569.05,333.39,23.97,2.43
2023-12-10 13:00:00+02:00,424.77,303.27,308.76,24.54,2.3
2023-12-10 14:00:00+02:00,307.9,185.88,220.48,24.5,2.2
2023-12-10 15:00:00+02:00,175.32,229.18,115.55,23.77,1.77
2023-12-10 16:00:00+02:00,31.35,35.27,31.79,21.26,1.04
2023-12-10 17:00:00+02:00,0.0,0.0,0.0,19.9,0.62
2023-12-10 18:00:00+02:00,0.0,0.0,0.0,19.58,0.32
2023-12-10 19:00:00+02:00,0.0,0.0,0.0,18.92,0.19
2023-12-10 20:00:00+02:00,0.0,0.0,0.0,18.11,0.4
2023-12-10 21:00:00+02:00,0.0,0.0,0.0,17.01,0.8
2023-12-10 22:00:00+02:00,0.0,0.0,0.0,15.6,1.22
2023-12-10 23:00:00+02:00,0.0,0.0,0.0,14.7,1.59
2023-12-11 00:00:00+02:00,0.0,0.0,0.0,13.97,1.84
2023-12-11 01:00:00+02:00,0.0,0.0,0.0,13.51,1.99
2023-12-11 02:00:00+02:00,0.0,0.0,0.0,13.29,2.07
2023-12-11 03:00:00+02:00,0.0,0.0,0.0,13.07,2.21
2023-12-11 04:00:00+02:00,0.0,0.0,0.0,12.63,2.45
2023-12-11 05:00:00+02:00,0.0,0.0,0.0,12.08,2.77
2023-12-11 06:00:00+02:00,0.0,0.0,0.0,11.57,3.1
2023-12-11 07:00:00+02:00,90.05,105.69,71.64,13.13,3.35
2023-12-11 08:00:00+02:00,251.55,342.43,138.74,16.34,4.85
2023-12-11 09:00:00+02:00,412.52,532.27,164.09,19.66,4.47
2023-12-11 10:00:00+02:00,526.35,623.45,175.79,22.47,4.57
2023-12-11 11:00:00+02:00,597.67,736.83,151.4,24.06,4.84
2023-12-11 12:00:00+02:00,583.47,719.36,157.73,24.94,5.02
2023-12-11 13:00:00+02:00,504.1,678.24,146.23,25.31,4.94
2023-12-11 14:00:00+02:00,367.73,578.31,132.73,25.09,4.64
2023-12-11 15:00:00+02:00,197.62,437.6,82.37,24.17,3.88
2023-12-11 16:00:00+02:00,31.88,40.44,28.22,20.03,2.7
2023-12-11 17:00:00+02:00,0.0,0.0,0.0,17.35,3.14
2023-12-11 18:00:00+02:00,0.0,0.0,0.0,16.44,3.27
2023-12-11 19:00:00+02:00,0.0,0.0,0.0,15.61,3.29
2023-12-11 20:00:00+02:00,0.0,0.0,0.0,14.79,3.24
2023-12-11 21:00:00+02:00,0.0,0.0,0.0,14.01,3.16
2023-12-11 22:00:00+02:00,0.0,0.0,0.0,13.3,3.09
2023-12-11 23:00:00+02:00,0.0,0.0,0.0,12.67,3.09
2023-12-12 00:00:00+02:00,0.0,0.0,0.0,12.09,3.1
2023-12-12 01:00:00+02:00,0.0,0.0,0.0,11.53,3.08
2023-12-12 02:00:00+02:00,0.0,0.0,0.0,11.01,3.04
2023-12-12 03:00:00+02:00,0.0,0.0,0.0,10.5,2.99
2023-12-12 04:00:00+02:00,0.0,0.0,0.0,10.02,2.93
2023-12-12 05:00:00+02:00,0.0,0.0,0.0,9.57,2.85
2023-12-12 06:00:00+02:00,0.0,0.0,0.0,9.17,2.76
2023-12-12 07:00:00+02:00,90.43,152.82,60.09,10.77,2.91
2023-12-12 08:00:00+02:00,236.52,293.71,134.04,13.25,3.63
2023-12-12 09:00:00+02:00,383.45,425.02,172.14,16.5,3.18
2023-12-12 10:00:00+02:00,491.27,476.85,212.94,20.68,3.25
2023-12-12 11:00:00+02:00,553.95,584.42,203.49,22.51,3.53
2023-12-12 12:00:00+02:00,529.3,546.86,205.78,23.19,4.0
2023-12-12 13:00:00+02:00,451.55,470.88,199.07,23.42,4.45
2023-12-12 14:00:00+02:00,327.77,419.78,160.82,23.07,4.91
2023-12-12 15:00:00+02:00,172.55,284.34,102.94,22.07,5.38
2023-12-12 16:00:00+02:00,29.77,31.81,29.13,20.03,4.55
2023-12-12 17:00:00+02:00,0.0,0.0,0.0,18.12,4.3
2023-12-12 18:00:00+02:00,0.0,0.0,0.0,16.55,3.69
2023-12-12 19:00:00+02:00,0.0,0.0,0.0,15.3,3.13
2023-12-12 20:00:00+02:00,0.0,0.0,0.0,14.45,2.91
2023-12-12 21:00:00+02:00,0.0,0.0,0.0,13.85,2.85
2023-12-12 22:00:00+02:00,0.0,0.0,0.0,13.89,2.88
2023-12-12 23:00:00+02:00,0.0,0.0,0.0,14.2,3.15
2023-12-13 00:00:00+02:00,0.0,0.0,0.0,13.99,3.17
2023-12-13 01:00:00+02:00,0.0,0.0,0.0,13.6,3.08
2023-12-13 02:00:00+02:00,0.0,0.0,0.0,13.39,3.04
2023-12-13 03:00:00+02:00,0.0,0.0,0.0,13.38,3.11
2023-12-13 04:00:00+02:00,0.0,0.0,0.0,13.43,3.26
2023-12-13 05:00:00+02:00,0.0,0.0,0.0,13.36,3.4
2023-12-13 06:00:00+02:00,0.0,0.0,0.0,13.17,3.53
2023-12-13 07:00:00+02:00,79.5,114.27,63.73,14.25,4.68
2023-12-13 08:00:00+02:00,221.48,324.27,120.52,16.04,5.09
2023-12-13 09:00:00+02:00,364.15,420.88,170.01,18.48,5.63
2023-12-13 10:00:00+02:00,471.85,510.51,192.58,20.3,5.95
2023-12-13 11:00:00+02:00,516.8,446.38,251.87,21.36,5.69
2023-12-13 12:00:00+02:00,430.15,356.04,232.46,22.05,5.43
2023-12-13 13:00:00+02:00,303.4,267.78,174.11,22.43,5.38
2023-12-13 14:00:00+02:00,217.62,316.29,101.49,22.19,5.14
2023-12-13 15:00:00+02:00,128.43,325.83,63.39,21.14,3.92
2023-12-13 16:00:00+02:00,24.42,114.49,20.54,19.41,2.42
2023-12-13 17:00:00+02:00,0.0,0.0,0.0,18.42,2.45
2023-12-13 18:00:00+02:00,0.0,0.0,0.0,17.73,2.54
2023-12-13 19:00:00+02:00,0.0,0.0,0.0,17.34,2.61
2023-12-13 20:00:00+02:00,0.0,0.0,0.0,16.74,2.55
2023-12-13 21:00:00+02:00,0.0,0.0,0.0,15.97,2.47
2023-12-13 22:00:00+02:00,0.0,0.0,0.0,15.23,2.43
2023-12-13 23:00:00+02:00,0.0,0.0,0.0,14.51,2.38
2023-12-14 00:00:00+02:00,0.0,0.0,0.0,13.79,2.37
2023-12-14 01:00:00+02:00,0.0,0.0,0.0,13.24,2.3
2023-12-14 02:00:00+02:00,0.0,0.0,0.0,13.02,2.18
2023-12-14 03:00:00+02:00,0.0,0.0,0.0,12.92,2.14
2023-12-14 04:00:00+02:00,0.0,0.0,0.0,12.86,2.15
2023-12-14 05:00:00+02:00,0.0,0.0,0.0,12.79,2.19
2023-12-14 06:00:00+02:00,0.0,0.0,0.0,12.64,2.24
2023-12-14 07:00:00+02:00,88.07,195.22,53.42,14.25,2.12
2023-12-14 08:00:00+02:00,252.93,474.45,105.5,16.53,2.67
2023-12-14 09:00:00+02:00,412.7,636.4,121.7,19.1,1.95
2023-12-14 10:00:00+02:00,528.0,695.4,140.85,20.73,1.73
2023-12-14 11:00:00+02:00,581.97,746.43,130.99,21.44,1.57
2023-12-14 12:00:00+02:00,525.53,656.69,148.52,22.34,1.34
2023-12-14 13:00:00+02:00,427.62,425.6,202.49,22.92,0.96
2023-12-14 14:00:00+02:00,310.4,415.95,151.76,22.91,0.51
2023-12-14 15:00:00+02:00,172.62,347.6,88.85,22.38,0.03
2023-12-14 16:00:00+02:00,31.02,49.37,27.86,21.03,0.45
2023-12-14 17:00:00+02:00,0.0,0.0,0.0,19.7,0.9
2023-12-14 18:00:00+02:00,0.0,0.0,0.0,18.98,1.26
2023-12-14 19:00:00+02:00,0.0,0.0,0.0,17.94,1.6
2023-12-14 20:00:00+02:00,0.0,0.0,0.0,16.97,1.87
2023-12-14 21:00:00+02:00,0.0,0.0,0.0,16.03,2.12
2023-12-14 22:00:00+02:00,0.0,0.0,0.0,15.13,2.4
2023-12-14 23:00:00+02:00,0.0,0.0,0.0,14.52,2.6
2023-12-15 00:00:00+02:00,0.0,0.0,0.0,14.05,2.73
2023-12-15 01:00:00+02:00,0.0,0.0,0.0,13.67,2.82
2023-12-15 02:00:00+02:00,0.0,0.0,0.0,13.37,2.9
2023-12-15 03:00:00+02:00,0.0,0.0,0.0,13.11,2.95
2023-12-15 04:00:00+02:00,0.0,0.0,0.0,12.82,2.95
2023-12-15 05:00:00+02:00,0.0,0.0,0.0,12.51,2.92
2023-12-15 06:00:00+02:00,0.0,0.0,0.0,12.18,2.81
2023-12-15 07:00:00+02:00,91.93,241.82,50.61,13.87,2.44
2023-12-15 08:00:00+02:00,262.8,534.68,90.94,16.75,2.92
2023-12-15 09:00:00+02:00,424.35,688.34,113.26,20.1,2.67
2023-12-15 10:00:00+02:00,539.22,767.55,119.56,23.3,3.33
2023-12-15 11:00:00+02:00,602.65,859.13,96.25,24.81,3.35
2023-12-15 12:00:00+02:00,590.42,835.34,106.57,25.56,2.89
2023-12-15 13:00:00+02:00,513.75,794.86,103.35,25.8,2.25
2023-12-15 14:00:00+02:00,379.45,695.3,96.39,25.55,1.7
2023-12-15 15:00:00+02:00,205.57,511.97,72.64,24.51,1.41
2023-12-15 16:00:00+02:00,36.05,91.8,27.82,20.81,1.97
2023-12-15 17:00:00+02:00,0.0,0.0,0.0,17.72,2.94
2023-12-15 18:00:00+02:00,0.0,0.0,0.0,16.44,3.29
2023-12-15 19:00:00+02:00,0.0,0.0,0.0,15.5,3.23
2023-12-15 20:00:00+02:00,0.0,0.0,0.0,14.75,3.05
2023-12-15 21:00:00+02:00,0.0,0.0,0.0,14.16,2.86
2023-12-15 22:00:00+02:00,0.0,0.0,0.0,13.75,2.68
2023-12-15 23:00:00+02:00,0.0,0.0,0.0,13.52,2.63
2023-12-16 00:00:00+02:00,0.0,0.0,0.0,13.34,2.78
2023-12-16 01:00:00+02:00,0.0,0.0,0.0,13.19,2.92
2023-12-16 02:00:00+02:00,0.0,0.0,0.0,13.02,3.05
2023-12-16 03:00:00+02:00,0.0,0.0,0.0,12.84,3.19
2023-12-16 04:00:00+02:00,0.0,0.0,0.0,12.74,3.29
2023-12-16 05:00:00+02:00,0.0,0.0,0.0,12.69,3.37
2023-12-16 06:00:00+02:00,0.0,0.0,0.0,12.5,3.44
2023-12-16 07:00:00+02:00,75.3,63.93,62.86,13.86,3.76
2023-12-16 08:00:00+02:00,227.98,265.44,142.72,16.88,4.93
2023-12-16 09:00:00+02:00,381.0,403.45,188.53,20.03,4.37
2023-12-16 10:00:00+02:00,492.98,472.13,219.5,22.96,4.26
2023-12-16 11:00:00+02:00,589.15,736.07,147.52,25.1,4.37
2023-12-16 12:00:00+02:00,575.62,712.43,154.97,26.05,4.7
2023-12-16 13:00:00+02:00,499.6,674.82,144.2,26.25,4.81
2023-12-16 14:00:00+02:00,364.92,572.14,131.71,25.84,4.56
2023-12-16 15:00:00+02:00,195.98,409.37,86.67,24.26,3.01
2023-12-16 16:00:00+02:00,33.78,45.38,30.51,20.32,2.65
2023-12-16 17:00:00+02:00,0.0,0.0,0.0,18.23,2.82
2023-12-16 18:00:00+02:00,0.0,0.0,0.0,17.51,2.75
2023-12-16 19:00:00+02:00,0.0,0.0,0.0,16.97,2.6
2023-12-16 20:00:00+02:00,0.0,0.0,0.0,16.58,2.37
2023-12-16 21:00:00+02:00,0.0,0.0,0.0,16.17,2.13
2023-12-16 22:00:00+02:00,0.0,0.0,0.0,15.69,1.96
2023-12-16 23:00:00+02:00,0.0,0.0,0.0,15.06,1.89
2023-12-17 00:00:00+02:00,0.0,0.0,0.0,14.36,1.88
2023-12-17 01:00:00+02:00,0.0,0.0,0.0,13.79,1.88
2023-12-17 02:00:00+02:00,0.0,0.0,0.0,13.27,1.94
2023-12-17 03:00:00+02:00,0.0,0.0,0.0,12.97,2.0
2023-12-17 04:00:00+02:00,0.0,0.0,0.0,12.74,2.05
2023-12-17 05:00:00+02:00,0.0,0.0,0.0,12.63,2.06
2023-12-17 06:00:00+02:00,0.0,0.0,0.0,12.72,2.01
2023-12-17 07:00:00+02:00,84.35,152.67,59.39,13.94,1.73
2023-12-17 08:00:00+02:00,244.23,451.81,116.32,16.69,1.94
2023-12-17 09:00:00+02:00,386.67,512.99,163.38,19.69,2.39
2023-12-17 10:00:00+02:00,508.02,561.47,219.61,22.78,3.19
2023-12-17 11:00:00+02:00,539.85,481.23,259.3,24.15,2.98
2023-12-17 12:00:00+02:00,510.73,378.08,287.23,24.65,3.2
2023-12-17 13:00:00+02:00,405.23,301.89,256.91,24.9,3.81
2023-12-17 14:00:00+02:00,295.15,148.12,228.05,24.45,4.59
2023-12-17 15:00:00+02:00,153.35,62.45,126.69,23.09,4.81
2023-12-17 16:00:00+02:00,27.65,4.67,28.49,20.67,4.16
2023-12-17 17:00:00+02:00,0.0,0.0,0.0,18.85,4.43
2023-12-17 18:00:00+02:00,0.0,0.0,0.0,17.95,4.14
2023-12-17 19:00:00+02:00,0.0,0.0,0.0,17.09,3.31
2023-12-17 20:00:00+02:00,0.0,0.0,0.0,16.17,2.77
2023-12-17 21:00:00+02:00,0.0,0.0,0.0,15.43,2.6
2023-12-17 22:00:00+02:00,0.0,0.0,0.0,15.09,2.58
2023-12-17 23:00:00+02:00,0.0,0.0,0.0,14.93,2.7
2023-12-18 00:00:00+02:00,0.0,0.0,0.0,15.01,2.83
2023-12-18 01:00:00+02:00,0.0,0.0,0.0,14.81,2.98
2023-12-18 02:00:00+02:00,0.0,0.0,0.0,14.41,3.1
2023-12-18 03:00:00+02:00,0.0,0.0,0.0,14.69,3.23
2023-12-18 04:00:00+02:00,0.0,0.0,0.0,14.57,3.2
2023-12-18 05:00:00+02:00,0.0,0.0,0.0,14.18,3.03
2023-12-18 06:00:00+02:00,0.0,0.0,0.0,13.86,2.9
2023-12-18 07:00:00+02:00,89.35,277.33,43.86,15.54,2.87
2023-12-18 08:00:00+02:00,259.88,565.38,88.36,18.58,4.06
2023-12-18 09:00:00+02:00,412.52,657.0,120.82,21.32,4.7
2023-12-18 10:00:00+02:00,519.4,713.44,141.38,22.78,4.66
2023-12-18 11:00:00+02:00,484.58,270.31,307.28,23.81,4.82
2023-12-18 12:00:00+02:00,465.27,491.98,187.46,24.42,5.12
2023-12-18 13:00:00+02:00,375.65,239.3,256.87,24.57,5.51
2023-12-18 14:00:00+02:00,280.75,260.88,184.31,23.98,5.86
2023-12-18 15:00:00+02:00,159.98,267.36,101.28,22.96,5.87
2023-12-18 16:00:00+02:00,33.35,82.78,28.74,21.26,5.03
2023-12-18 17:00:00+02:00,0.0,0.0,0.0,19.56,4.68
2023-12-18 18:00:00+02:00,0.0,0.0,0.0,17.78,3.73
2023-12-18 19:00:00+02:00,0.0,0.0,0.0,16.68,3.21
2023-12-18 20:00:00+02:00,0.0,0.0,0.0,15.81,2.85
2023-12-18 21:00:00+02:00,0.0,0.0,0.0,15.09,2.68
2023-12-18 22:00:00+02:00,0.0,0.0,0.0,14.5,2.6
2023-12-18 23:00:00+02:00,0.0,0.0,0.0,14.04,2.59
2023-12-19 00:00:00+02:00,0.0,0.0,0.0,13.72,2.62
2023-12-19 01:00:00+02:00,0.0,0.0,0.0,13.46,2.74
2023-12-19 02:00:00+02:00,0.0,0.0,0.0,13.21,2.84
2023-12-19 03:00:00+02:00,0.0,0.0,0.0,12.95,2.92
2023-12-19 04:00:00+02:00,0.0,0.0,0.0,12.67,2.96
2023-12-19 05:00:00+02:00,0.0,0.0,0.0,12.35,2.95
2023-12-19 06:00:00+02:00,0.0,0.0,0.0,11.97,2.9
2023-12-19 07:00:00+02:00,89.9,342.17,36.7,13.69,3.09
2023-12-19 08:00:00+02:00,269.8,674.65,63.9,16.63,4.04
2023-12-19 09:00:00+02:00,429.17,781.77,83.37,19.72,5.91
2023-12-19 10:00:00+02:00,542.05,829.63,96.73,21.21,5.91
2023-12-19 11:00:00+02:00,550.42,622.77,219.07,22.32,5.72
2023-12-19 12:00:00+02:00,557.8,674.16,189.76,22.95,5.76
2023-12-19 13:00:00+02:00,465.05,595.23,195.63,23.08,5.93
2023-12-19 14:00:00+02:00,335.48,533.29,127.03,22.61,6.16
2023-12-19 15:00:00+02:00,189.32,488.44,68.58,21.54,6.2
2023-12-19 16:00:00+02:00,38.25,160.6,25.69,19.16,4.82
2023-12-19 17:00:00+02:00,0.0,0.0,0.0,16.47,3.98
2023-12-19 18:00:00+02:00,0.0,0.0,0.0,15.62,3.91
2023-12-19 19:00:00+02:00,0.0,0.0,0.0,14.7,3.43
2023-12-19 20:00:00+02:00,0.0,0.0,0.0,13.83,3.07
2023-12-19 21:00:00+02:00,0.0,0.0,0.0,13.03,2.88
2023-12-19 22:00:00+02:00,0.0,0.0,0.0,12.38,2.82
2023-12-19 23:00:00+02:00,0.0,0.0,0.0,11.91,2.76
2023-12-20 00:00:00+02:00,0.0,0.0,0.0,11.62,2.67
2023-12-20 01:00:00+02:00,0.0,0.0,0.0,11.45,2.61
2023-12-20 02:00:00+02:00,0.0,0.0,0.0,11.43,2.64
2023-12-20 03:00:00+02:00,0.0,0.0,0.0,11.58,2.73
2023-12-20 04:00:00+02:00,0.0,0.0,0.0,11.77,2.76
2023-12-20 05:00:00+02:00,0.0,0.0,0.0,11.64,2.69
2023-12-20 06:00:00+02:00,0.0,0.0,0.0,11.61,2.61
2023-12-20 07:00:00+02:00,46.9,9.58,42.05,12.97,2.17
2023-12-20 08:00:00+02:00,129.48,15.89,112.55,15.83,2.85
2023-12-20 09:00:00+02:00,257.6,5.31,222.32,17.68,3.54
2023-12-20 10:00:00+02:00,322.83,6.94,280.18,19.41,4.34
2023-12-20 11:00:00+02:00,375.92,23.98,323.24,20.31,4.02
2023-12-20 12:00:00+02:00,305.98,3.4,264.81,21.82,3.62
2023-12-20 13:00:00+02:00,268.92,42.33,227.76,21.76,2.84
2023-12-20 14:00:00+02:00,208.48,56.39,171.06,20.48,1.77
2023-12-20 15:00:00+02:00,122.7,59.05,100.15,18.89,2.1
2023-12-20 16:00:00+02:00,25.73,10.76,26.46,17.34,2.52
2023-12-20 17:00:00+02:00,0.0,0.0,0.0,16.35,2.71
2023-12-20 18:00:00+02:00,0.0,0.0,0.0,15.84,2.64
2023-12-20 19:00:00+02:00,0.0,0.0,0.0,15.34,2.54
2023-12-20 20:00:00+02:00,0.0,0.0,0.0,14.86,2.42
2023-12-20 21:00:00+02:00,0.0,0.0,0.0,14.97,1.55
2023-12-20 22:00:00+02:00,0.0,0.0,0.0,15.58,0.4
2023-12-20 23:00:00+02:00,0.0,0.0,0.0,14.93,0.81
2023-12-21 00:00:00+02:00,0.0,0.0,0.0,13.76,1.58
2023-12-21 01:00:00+02:00,0.0,0.0,0.0,12.62,2.49
2023-12-21 02:00:00+02:00,0.0,0.0,0.0,11.54,3.31
2023-12-21 03:00:00+02:00,0.0,0.0,0.0,11.88,4.6
2023-12-21 04:00:00+02:00,0.0,0.0,0.0,11.94,5.26
2023-12-21 05:00:00+02:00,0.0,0.0,0.0,11.92,5.08
2023-12-21 06:00:00+02:00,0.0,0.0,0.0,11.74,4.98
2023-12-21 07:00:00+02:00,40.38,0.0,36.43,12.01,5.47
2023-12-21 08:00:00+02:00,126.22,0.0,109.51,12.99,5.62
2023-12-21 09:00:00+02:00,216.82,1.01,187.65,14.59,6.41
2023-12-21 10:00:00+02:00,307.15,28.32,263.88,16.04,7.83
2023-12-21 11:00:00+02:00,307.77,30.43,263.02,17.07,8.37
2023-12-21 12:00:00+02:00,333.73,55.19,255.8,17.93,8.23
2023-12-21 13:00:00+02:00,353.23,110.34,261.3,19.13,8.23
2023-12-21 14:00:00+02:00,268.58,147.04,200.81,20.13,8.18
2023-12-21 15:00:00+02:00,155.25,132.29,118.95,19.99,7.41
2023-12-21 16:00:00+02:00,32.12,10.68,35.35,17.8,4.8
2023-12-21 17:00:00+02:00,0.0,0.0,0.0,15.62,4.35
2023-12-21 18:00:00+02:00,0.0,0.0,0.0,15.63,5.52
2023-12-21 19:00:00+02:00,0.0,0.0,0.0,15.3,6.14
2023-12-21 20:00:00+02:00,0.0,0.0,0.0,14.5,5.79
2023-12-21 21:00:00+02:00,0.0,0.0,0.0,13.27,5.0
2023-12-21 22:00:00+02:00,0.0,0.0,0.0,12.35,4.96
2023-12-21 23:00:00+02:00,0.0,0.0,0.0,11.77,5.53
2023-12-22 00:00:00+02:00,0.0,0.0,0.0,11.33,5.88
2023-12-22 01:00:00+02:00,0.0,0.0,0.0,10.9,5.85
2023-12-22 02:00:00+02:00,0.0,0.0,0.0,10.54,5.91
2023-12-22 03:00:00+02:00,0.0,0.0,0.0,10.22,6.03
2023-12-22 04:00:00+02:00,0.0,0.0,0.0,9.93,6.01
2023-12-22 05:00:00+02:00,0.0,0.0,0.0,9.56,5.83
2023-12-22 06:00:00+02:00,0.0,0.0,0.0,9.22,5.74
2023-12-22 07:00:00+02:00,53.78,2.91,48.32,9.85,6.43
2023-12-22 08:00:00+02:00,183.95,73.49,145.33,12.2,6.98
2023-12-22 09:00:00+02:00,312.33,152.4,219.56,15.35,7.96
2023-12-22 10:00:00+02:00,437.12,274.71,264.71,17.7,8.25
2023-12-22 11:00:00+02:00,570.95,625.03,179.99,19.36,8.31
2023-12-22 12:00:00+02:00,559.42,613.14,189.86,20.43,8.27
2023-12-22 13:00:00+02:00,476.17,534.93,186.87,20.94,8.11
2023-12-22 14:00:00+02:00,359.52,474.02,154.63,20.9,7.75
2023-12-22 15:00:00+02:00,189.02,293.5,106.54,20.22,7.06
2023-12-22 16:00:00+02:00,35.92,26.59,32.18,18.13,5.03
2023-12-22 17:00:00+02:00,0.0,0.0,0.0,16.47,4.64
2023-12-22 18:00:00+02:00,0.0,0.0,0.0,16.38,5.26
2023-12-22 19:00:00+02:00,0.0,0.0,0.0,15.61,5.44
2023-12-22 20:00:00+02:00,0.0,0.0,0.0,14.73,5.73
2023-12-22 21:00:00+02:00,0.0,0.0,0.0,13.99,6.29
2023-12-22 22:00:00+02:00,0.0,0.0,0.0,13.37,6.75
2023-12-22 23:00:00+02:00,0.0,0.0,0.0,12.64,6.47
2023-12-23 00:00:00+02:00,0.0,0.0,0.0,12.29,6.55
2023-12-23 01:00:00+02:00,0.0,0.0,0.0,12.15,6.62
2023-12-23 02:00:00+02:00,0.0,0.0,0.0,11.97,6.64
2023-12-23 03:00:00+02:00,0.0,0.0,0.0,11.73,6.68
2023-12-23 04:00:00+02:00,0.0,0.0,0.0,11.53,6.88
2023-12-23 05:00:00+02:00,0.0,0.0,0.0,11.28,6.97
2023-12-23 06:00:00+02:00,0.0,0.0,0.0,11.21,7.17
2023-12-23 07:00:00+02:00,54.12,4.53,48.75,11.74,7.27
2023-12-23 08:00:00+02:00,202.65,156.34,140.29,13.58,8.06
2023-12-23 09:00:00+02:00,345.55,263.2,216.35,16.06,8.62
2023-12-23 10:00:00+02:00,471.2,406.97,230.11,18.27,8.88
2023-12-23 11:00:00+02:00,573.08,657.24,167.79,19.96,8.96
2023-12-23 12:00:00+02:00,536.72,612.6,178.75,21.05,8.75
2023-12-23 13:00:00+02:00,450.65,446.85,214.02,21.62,8.49
2023-12-23 14:00:00+02:00,326.75,321.31,197.38,21.69,8.08
2023-12-23 15:00:00+02:00,172.93,182.75,126.29,21.13,7.12
2023-12-23 16:00:00+02:00,32.3,20.35,34.02,19.24,5.05
2023-12-23 17:00:00+02:00,0.0,0.0,0.0,17.79,4.57
2023-12-23 18:00:00+02:00,0.0,0.0,0.0,17.52,4.69
2023-12-23 19:00:00+02:00,0.0,0.0,0.0,17.15,4.59
2023-12-23 20:00:00+02:00,0.0,0.0,0.0,16.76,4.35
2023-12-23 21:00:00+02:00,0.0,0.0,0.0,16.33,4.1
2023-12-23 22:00:00+02:00,0.0,0.0,0.0,15.74,3.7
2023-12-23 23:00:00+02:00,0.0,0.0,0.0,15.16,3.51
2023-12-24 00:00:00+02:00,0.0,0.0,0.0,15.21,3.7
2023-12-24 01:00:00+02:00,0.0,0.0,0.0,14.9,3.51
2023-12-24 02:00:00+02:00,0.0,0.0,0.0,14.56,3.45
2023-12-24 03:00:00+02:00,0.0,0.0,0.0,14.34,3.63
2023-12-24 04:00:00+02:00,0.0,0.0,0.0,14.03,3.86
2023-12-24 05:00:00+02:00,0.0,0.0,0.0,13.61,4.12
2023-12-24 06:00:00+02:00,0.0,0.0,0.0,13.14,4.26
2023-12-24 07:00:00+02:00,54.9,18.12,52.98,13.5,4.92
2023-12-24 08:00:00+02:00,197.9,161.44,142.9,15.42,4.96
2023-12-24 09:00:00+02:00,335.83,273.48,199.62,18.61,4.93
2023-12-24 10:00:00+02:00,460.92,351.36,243.22,21.06,5.02
2023-12-24 11:00:00+02:00,576.78,702.52,160.76,22.54,4.8
2023-12-24 12:00:00+02:00,480.6,602.97,158.87,23.17,4.7
2023-12-24 13:00:00+02:00,334.05,144.66,234.19,23.03,4.56
2023-12-24 14:00:00+02:00,238.23,93.31,190.05,22.24,4.28
2023-12-24 15:00:00+02:00,123.72,66.07,99.34,21.29,3.37
2023-12-24 16:00:00+02:00,25.1,19.36,23.64,19.21,2.3
2023-12-24 17:00:00+02:00,0.0,0.0,0.0,17.95,2.43
2023-12-24 18:00:00+02:00,0.0,0.0,0.0,17.49,2.37
2023-12-24 19:00:00+02:00,0.0,0.0,0.0,16.94,2.2
2023-12-24 20:00:00+02:00,0.0,0.0,0.0,16.28,2.07
2023-12-24 21:00:00+02:00,0.0,0.0,0.0,15.6,2.12
2023-12-24 22:00:00+02:00,0.0,0.0,0.0,15.39,2.11
2023-12-24 23:00:00+02:00,0.0,0.0,0.0,15.31,2.09
2023-12-25 00:00:00+02:00,0.0,0.0,0.0,15.03,2.08
2023-12-25 01:00:00+02:00,0.0,0.0,0.0,14.76,2.05
2023-12-25 02:00:00+02:00,0.0,0.0,0.0,13.83,2.2
2023-12-25 03:00:00+02:00,0.0,0.0,0.0,13.06,2.25
2023-12-25 04:00:00+02:00,0.0,0.0,0.0,12.65,2.19
2023-12-25 05:00:00+02:00,0.0,0.0,0.0,12.34,2.14
2023-12-25 06:00:00+02:00,0.0,0.0,0.0,12.05,2.17
2023-12-25 07:00:00+02:00,74.95,250.54,41.75,13.56,2.08
2023-12-25 08:00:00+02:00,250.12,586.19,80.06,15.83,2.27
2023-12-25 09:00:00+02:00,419.25,740.27,97.04,18.64,1.69
2023-12-25 10:00:00+02:00,534.5,805.75,103.15,20.39,1.46
2023-12-25 11:00:00+02:00,587.6,813.59,107.53,21.73,1.39
2023-12-25 12:00:00+02:00,560.22,697.12,150.16,22.59,1.42
2023-12-25 13:00:00+02:00,397.83,479.39,155.4,22.97,1.64
2023-12-25 14:00:00+02:00,302.23,405.22,135.38,22.85,2.07
2023-12-25 15:00:00+02:00,170.0,314.04,88.81,22.21,2.54
2023-12-25 16:00:00+02:00,36.33,55.89,31.11,19.4,2.24
2023-12-25 17:00:00+02:00,0.0,0.0,0.0,17.07,2.95
2023-12-25 18:00:00+02:00,0.0,0.0,0.0,16.29,3.24
2023-12-25 19:00:00+02:00,0.0,0.0,0.0,15.4,3.25
2023-12-25 20:00:00+02:00,0.0,0.0,0.0,14.58,3.03
2023-12-25 21:00:00+02:00,0.0,0.0,0.0,13.83,2.81
2023-12-25 22:00:00+02:00,0.0,0.0,0.0,13.18,2.65
2023-12-25 23:00:00+02:00,0.0,0.0,0.0,12.61,2.53
2023-12-26 00:00:00+02:00,0.0,0.0,0.0,12.23,2.5
2023-12-26 01:00:00+02:00,0.0,0.0,0.0,12.0,2.45
2023-12-26 02:00:00+02:00,0.0,0.0,0.0,11.83,2.41
2023-12-26 03:00:00+02:00,0.0,0.0,0.0,11.66,2.41
2023-12-26 04:00:00+02:00,0.0,0.0,0.0,11.53,2.46
2023-12-26 05:00:00+02:00,0.0,0.0,0.0,11.49,2.51
2023-12-26 06:00:00+02:00,0.0,0.0,0.0,11.67,2.55
2023-12-26 07:00:00+02:00,63.38,102.73,47.15,14.0,2.5
2023-12-26 08:00:00+02:00,217.55,298.91,119.87,16.92,3.85
2023-12-26 09:00:00+02:00,384.05,511.35,154.26,18.9,4.28
2023-12-26 10:00:00+02:00,503.35,618.38,167.63,20.63,4.27
2023-12-26 11:00:00+02:00,551.25,665.9,175.32,21.9,4.4
2023-12-26 12:00:00+02:00,534.12,521.41,216.91,22.67,4.61
2023-12-26 13:00:00+02:00,419.38,621.68,112.95,22.98,4.91
2023-12-26 14:00:00+02:00,333.6,590.32,100.58,22.64,5.24
2023-12-26 15:00:00+02:00,191.48,475.26,75.49,21.75,5.43
2023-12-26 16:00:00+02:00,42.7,115.68,31.82,19.65,4.21
2023-12-26 17:00:00+02:00,0.0,0.0,0.0,17.17,3.87
2023-12-26 18:00:00+02:00,0.0,0.0,0.0,16.3,4.11
2023-12-26 19:00:00+02:00,0.0,0.0,0.0,15.29,3.74
2023-12-26 20:00:00+02:00,0.0,0.0,0.0,14.33,3.24
2023-12-26 21:00:00+02:00,0.0,0.0,0.0,13.53,2.91
2023-12-26 22:00:00+02:00,0.0,0.0,0.0,12.91,2.77
2023-12-26 23:00:00+02:00,0.0,0.0,0.0,12.45,2.7
2023-12-27 00:00:00+02:00,0.0,0.0,0.0,12.16,2.72
2023-12-27 01:00:00+02:00,0.0,0.0,0.0,12.05,2.88
2023-12-27 02:00:00+02:00,0.0,0.0,0.0,12.19,3.14
2023-12-27 03:00:00+02:00,0.0,0.0,0.0,12.51,3.43
2023-12-27 04:00:00+02:00,0.0,0.0,0.0,12.8,3.64
2023-12-27 05:00:00+02:00,0.0,0.0,0.0,13.32,3.93
2023-12-27 06:00:00+02:00,0.0,0.0,0.0,14.14,4.24
2023-12-27 07:00:00+02:00,66.82,118.76,47.68,15.42,5.0
2023-12-27 08:00:00+02:00,230.1,403.42,107.38,17.05,5.57
2023-12-27 09:00:00+02:00,384.35,521.85,154.42,19.04,6.19
2023-12-27 10:00:00+02:00,496.85,575.44,181.0,20.91,6.27
2023-12-27 11:00:00+02:00,489.85,423.49,228.5,22.17,6.22
2023-12-27 12:00:00+02:00,459.65,327.24,266.1,22.82,6.24
2023-12-27 13:00:00+02:00,402.98,454.76,166.77,22.89,6.25
2023-12-27 14:00:00+02:00,301.65,388.83,139.07,22.29,6.27
2023-12-27 15:00:00+02:00,166.5,255.07,101.85,21.11,6.07
2023-12-27 16:00:00+02:00,35.62,34.34,34.09,19.45,4.81
2023-12-27 17:00:00+02:00,0.0,0.0,0.0,17.77,3.73
2023-12-27 18:00:00+02:00,0.0,0.0,0.0,16.75,3.47
2023-12-27 19:00:00+02:00,0.0,0.0,0.0,15.75,3.16
2023-12-27 20:00:00+02:00,0.0,0.0,0.0,15.36,3.12
2023-12-27 21:00:00+02:00,0.0,0.0,0.0,15.14,3.24
2023-12-27 22:00:00+02:00,0.0,0.0,0.0,15.05,3.34
2023-12-27 23:00:00+02:00,0.0,0.0,0.0,15.0,3.46
2023-12-28 00:00:00+02:00,0.0,0.0,0.0,15.06,3.57
2023-12-28 01:00:00+02:00,0.0,0.0,0.0,15.0,3.45
2023-12-28 02:00:00+02:00,0.0,0.0,0.0,14.97,3.28
2023-12-28 03:00:00+02:00,0.0,0.0,0.0,14.9,3.12
2023-12-28 04:00:00+02:00,0.0,0.0,0.0,14.97,3.01
2023-12-28 05:00:00+02:00,0.0,0.0,0.0,14.9,2.96
2023-12-28 06:00:00+02:00,0.0,0.0,0.0,15.33,3.24
2023-12-28 07:00:00+02:00,50.55,44.28,41.59,16.25,4.1
2023-12-28 08:00:00+02:00,163.2,135.44,119.43,17.48,4.98
2023-12-28 09:00:00+02:00,276.75,163.07,193.66,19.05,5.66
2023-12-28 10:00:00+02:00,366.35,181.43,252.84,20.78,6.42
2023-12-28 11:00:00+02:00,449.3,284.62,256.52,21.77,6.45
2023-12-28 12:00:00+02:00,444.1,463.13,164.33,22.28,6.25
2023-12-28 13:00:00+02:00,393.12,275.49,228.18,22.49,6.12
2023-12-28 14:00:00+02:00,272.5,355.85,130.11,22.13,6.08
2023-12-28 15:00:00+02:00,158.5,248.35,89.84,21.32,5.73
2023-12-28 16:00:00+02:00,36.55,40.27,35.79,19.02,4.05
2023-12-28 17:00:00+02:00,0.0,0.0,0.0,16.78,3.57
2023-12-28 18:00:00+02:00,0.0,0.0,0.0,16.03,3.44
2023-12-28 19:00:00+02:00,0.0,0.0,0.0,15.43,3.28
2023-12-28 20:00:00+02:00,0.0,0.0,0.0,14.8,3.05
2023-12-28 21:00:00+02:00,0.0,0.0,0.0,14.21,2.88
2023-12-28 22:00:00+02:00,0.0,0.0,0.0,13.76,2.79
2023-12-28 23:00:00+02:00,0.0,0.0,0.0,13.5,2.8
2023-12-29 00:00:00+02:00,0.0,0.0,0.0,13.59,3.02
2023-12-29 01:00:00+02:00,0.0,0.0,0.0,14.26,3.19
2023-12-29 02:00:00+02:00,0.0,0.0,0.0,14.68,3.19
2023-12-29 03:00:00+02:00,0.0,0.0,0.0,14.78,3.21
2023-12-29 04:00:00+02:00,0.0,0.0,0.0,14.81,3.3
2023-12-29 05:00:00+02:00,0.0,0.0,0.0,14.73,3.18
2023-12-29 06:00:00+02:00,0.0,0.0,0.0,14.56,2.97
2023-12-29 07:00:00+02:00,66.32,154.06,44.2,15.55,3.38
2023-12-29 08:00:00+02:00,236.62,481.08,89.29,17.24,4.06
2023-12-29 09:00:00+02:00,401.8,642.22,117.03,19.41,4.52
2023-12-29 10:00:00+02:00,522.92,738.19,124.18,20.94,4.42
2023-12-29 11:00:00+02:00,545.38,626.76,183.89,22.08,4.28
2023-12-29 12:00:00+02:00,492.77,590.1,161.79,22.64,4.31
2023-12-29 13:00:00+02:00,450.45,443.41,222.78,22.68,4.51
2023-12-29 14:00:00+02:00,339.0,438.48,155.3,22.22,4.81
2023-12-29 15:00:00+02:00,192.85,380.85,93.24,21.23,4.99
2023-12-29 16:00:00+02:00,45.2,97.24,35.0,19.39,4.01
2023-12-29 17:00:00+02:00,0.0,0.0,0.0,17.3,3.68
2023-12-29 18:00:00+02:00,0.0,0.0,0.0,15.94,3.54
2023-12-29 19:00:00+02:00,0.0,0.0,0.0,14.86,3.08
2023-12-29 20:00:00+02:00,0.0,0.0,0.0,13.92,2.73
2023-12-29 21:00:00+02:00,0.0,0.0,0.0,13.18,2.6
2023-12-29 22:00:00+02:00,0.0,0.0,0.0,12.62,2.44
2023-12-29 23:00:00+02:00,0.0,0.0,0.0,12.28,2.25
2023-12-30 00:00:00+02:00,0.0,0.0,0.0,12.04,2.22
2023-12-30 01:00:00+02:00,0.0,0.0,0.0,11.78,2.27
2023-12-30 02:00:00+02:00,0.0,0.0,0.0,11.55,2.31
2023-12-30 03:00:00+02:00,0.0,0.0,0.0,11.39,2.35
2023-12-30 04:00:00+02:00,0.0,0.0,0.0,11.27,2.39
2023-12-30 05:00:00+02:00,0.0,0.0,0.0,11.22,2.4
2023-12-30 06:00:00+02:00,0.0,0.0,0.0,11.24,2.39
2023-12-30 07:00:00+02:00,65.25,143.61,42.81,12.92,1.98
2023-12-30 08:00:00+02:00,232.0,432.95,98.95,15.93,2.27
2023-12-30 09:00:00+02:00,389.83,562.58,140.49,18.88,3.08
2023-12-30 10:00:00+02:00,506.08,606.11,173.17,21.37,3.45
2023-12-30 11:00:00+02:00,549.05,655.15,176.64,22.65,3.39
2023-12-30 12:00:00+02:00,516.28,538.74,193.15,23.35,3.37
2023-12-30 13:00:00+02:00,443.7,347.34,261.78,23.6,3.34
2023-12-30 14:00:00+02:00,309.9,328.25,186.2,23.32,3.46
2023-12-30 15:00:00+02:00,173.95,181.61,124.54,22.23,3.57
2023-12-30 16:00:00+02:00,40.3,33.88,37.41,19.4,2.8
2023-12-30 17:00:00+02:00,0.0,0.0,0.0,17.87,3.52
2023-12-30 18:00:00+02:00,0.0,0.0,0.0,17.17,4.16
2023-12-30 19:00:00+02:00,0.0,0.0,0.0,16.26,3.92
2023-12-30 20:00:00+02:00,0.0,0.0,0.0,15.32,3.1
2023-12-30 21:00:00+02:00,0.0,0.0,0.0,14.47,2.48
2023-12-30 22:00:00+02:00,0.0,0.0,0.0,13.35,2.29
2023-12-30 23:00:00+02:00,0.0,0.0,0.0,13.03,1.87
2023-12-31 00:00:00+02:00,0.0,0.0,0.0,13.35,1.27
2023-12-31 01:00:00+02:00,0.0,0.0,0.0,13.15,0.91
2023-12-31 02:00:00+02:00,0.0,0.0,0.0,12.69,1.31
2023-12-31 03:00:00+02:00,0.0,0.0,0.0,11.77,1.85
2023-12-31 04:00:00+02:00,0.0,0.0,0.0,11.19,2.25
2023-12-31 05:00:00+02:00,0.0,0.0,0.0,11.01,2.49
2023-12-31 06:00:00+02:00,0.0,0.0,0.0,10.97,2.59
2023-12-31 07:00:00+02:00,57.85,86.79,47.23,12.75,2.29
2023-12-31 08:00:00+02:00,213.27,331.45,113.09,15.44,3.02
2023-12-31 09:00:00+02:00,341.1,342.97,182.02,18.06,3.21
2023-12-31 10:00:00+02:00,448.48,375.91,223.45,19.88,3.5
2023-12-31 11:00:00+02:00,533.2,464.98,246.52,20.94,3.93
2023-12-31 12:00:00+02:00,502.08,474.4,220.49,21.5,4.31
2023-12-31 13:00:00+02:00,430.65,538.55,156.01,21.6,4.6
2023-12-31 14:00:00+02:00,341.15,557.91,114.67,21.14,4.78
2023-12-31 15:00:00+02:00,197.88,404.35,85.01,20.11,4.77
2023-12-31 16:00:00+02:00,49.0,135.05,34.42,18.22,3.28
2023-12-31 17:00:00+02:00,0.0,0.0,0.0,16.23,2.96
2023-12-31 18:00:00+02:00,0.0,0.0,0.0,14.96,2.89
2023-12-31 19:00:00+02:00,0.0,0.0,0.0,13.86,2.72
2023-12-31 20:00:00+02:00,0.0,0.0,0.0,13.0,2.55
2023-12-31 21:00:00+02:00,0.0,0.0,0.0,12.42,2.32
2023-12-31 22:00:00+02:00,0.0,0.0,0.0,12.17,2.01
2023-12-31 23:00:00+02:00,0.0,0.0,0.0,12.18,1.68
2024-01-01 00:00:00+02:00,0.0,0.0,0.0,12.05,1.51
2024-01-01 01:00:00+02:00,0.0,0.0,0.0,11.74,1.49
